Id,BIRTHDATE,DEATHDATE,SSN,DRIVERS,PASSPORT,PREFIX,FIRST,MIDDLE,LAST,SUFFIX,MAIDEN,MARITAL,RACE,ETHNICITY,GENDER,BIRTHPLACE,ADDRESS,CITY,STATE,COUNTY,FIPS,ZIP,LAT,LON,HEALTHCARE_EXPENSES,HEALTHCARE_COVERAGE,INCOME
bff9d9d5-ee3d-d852-9c67-36d8361a4a4a,1945-01-11,,999-45-1987,S99937156,X61745412X,Mr.,Rosario163,,Ortiz186,,,S,asian,nonhispanic,M,Hartford  Connecticut  US,438 Schowalter Bypass,Branford,Connecticut,New Haven County,,0,41.24709611247951,-72.76833917599555,234084.88,557616.91,246352
080b069b-5108-46b6-ecef-6aacd3b9ef3f,1966-11-06,,999-85-1223,S99981008,X67534693X,Mr.,Chester802,Richie600,Aufderhar910,,,M,white,nonhispanic,M,New Britain  Connecticut  US,314 Robel Quay,Monroe,Connecticut,Fairfield County,,0,41.384299226129905,-73.19923121486862,97785.83,160696.09,683121
96a88082-137f-80a2-5283-862ed9b56be9,1967-01-19,,999-29-3163,S99924396,X00666060X,Ms.,Sharda101,Krystina167,Grady603,,,S,white,nonhispanic,F,Shelton  Connecticut  US,369 Roberts Mall,Beacon Falls,Connecticut,New Haven County,,0,41.44538937240123,-73.02322334290973,391908.86,707719.55,131812
8e2d0120-6ecf-9e06-7e2b-99c3ca70d1eb,1916-10-14,1982-01-18,999-10-9190,S99947505,X27200339X,Ms.,Georgette866,,Jacobson885,,,S,white,hispanic,F,Naugatuck  Connecticut  US,121 Rohan Gardens,Bethel,Connecticut,Fairfield County,9001.0,6801,41.33365640480987,-73.40721275235859,962336.29,844769.51,42123
88d9f932-beeb-dab3-0982-21fce29cad49,1955-12-13,,999-79-2310,S99919513,X18583327X,Mr.,Mariano761,Luis923,Wehner319,,,S,white,nonhispanic,M,Brookfield  Connecticut  US,295 Murazik Drive Unit 59,Waterbury,Connecticut,New Haven County,9009.0,6705,41.56470235363681,-72.9693923436109,307411.57,857033.31,117646
4a727f27-bc53-3218-11ff-040d8f5c5ed1,1964-11-19,,999-48-6159,S99919598,X31908563X,Mr.,Milton509,Stan246,Baumbach677,,,M,black,nonhispanic,M,Pemberwick  Connecticut  US,502 Langworth Common Unit 38,Stamford,Connecticut,Fairfield County,9001.0,6903,41.063204917204565,-73.47948787300656,349643.75,702048.11,113334
929fdbf9-4801-37e1-fd1f-929a91f61e49,1957-05-08,,999-67-4327,S99919212,X78433318X,Mrs.,Kelly223,Natalya468,Jakubowski832,,Quitzon246,M,black,nonhispanic,F,Newington  Connecticut  US,144 Larson Junction Unit 63,Hazardville,Connecticut,Hartford County,,0,42.03802676094871,-72.49391224700187,491328.12,1265417.0,127479
4a3660b4-9af6-5fbb-5d47-895d40fac0ce,1967-05-20,,999-82-6233,S99988697,X63158537X,Mr.,Ezra452,Eldridge510,Schroeder447,,,W,white,nonhispanic,M,Fairfield  Connecticut  US,1024 Labadie Estate,Salmon Brook,Connecticut,Hartford County,,0,41.930803831464566,-72.78854266096529,147060.97,43421.39,85707
b69a73c7-74d5-382b-b98d-c863555112df,1926-05-07,2009-09-07,999-79-6014,S99992420,X29796890X,Mr.,Juan88,Ramón841,Vásquez905,,,D,white,hispanic,M,Buenos Aires  Ciudad de Buenos Aires  AR,817 Von Ferry,Wethersfield,Connecticut,Hartford County,9003.0,6109,41.7139186760315,-72.66137071626012,220964.54,337690.18,141938
f99a18f9-5481-e403-28ee-dc15270732c9,1963-03-09,,999-26-8167,S99983744,X18948065X,Mr.,Nathan164,Merlin721,Ernser583,,,S,white,nonhispanic,M,Manchester  Connecticut  US,1043 Kemmer Burg Suite 94,Fairfield,Connecticut,Fairfield County,,0,41.20096032427117,-73.27076034354744,114082.37,187446.73,475801
449a8a21-c29b-08b6-2043-15e903ca96d1,1953-08-07,,999-71-8032,S99975407,X96762395X,Mrs.,Flo729,,Mann644,,Emard19,D,white,nonhispanic,F,Hartford  Connecticut  US,339 Crona Common,Winchester,Connecticut,Litchfield County,,0,41.95246547487439,-73.1212873214149,20890.2,1238648.35,7577
746511b0-1fb6-c8bd-da65-dd97c26a8fae,1942-08-23,,999-26-7109,S99992689,X78155473X,Ms.,Cheri871,Racquel201,Sauer652,,,S,black,hispanic,F,Glastonbury  Connecticut  US,1054 Bechtelar Way,Derby,Connecticut,New Haven County,9009.0,6418,41.33435427414193,-73.07729067259626,1134996.54,227544.02,65820
a4c84a04-6ea9-c00c-d627-b44ee9fc1385,1971-02-05,,999-44-6152,S99961003,X46630727X,Mr.,Stanford577,Trent525,Stiedemann542,,,W,white,nonhispanic,M,Hazardville  Connecticut  US,1065 Mohr Brook,Suffield,Connecticut,Hartford County,9003.0,6078,41.962220732584086,-72.6525485466398,485157.28,138806.25,36038
cf663cfe-54ec-d105-d279-3c9f089fffb1,1944-04-10,,999-78-4906,S99970113,X98322538X,Mrs.,Keren761,Joyce806,Funk324,,Aufderhar910,M,white,hispanic,F,Manchester  Connecticut  US,939 Lynch Manor,New Haven,Connecticut,New Haven County,9009.0,6510,41.337011136099555,-72.97286725578468,613740.38,343947.25,88468
a1ca0d37-09ab-c856-fa48-94be431798fa,1962-06-22,,999-87-8319,S99991099,X78029058X,Mr.,Charles364,Garland107,McGlynn426,,,D,white,nonhispanic,M,Stratford  Connecticut  US,579 McClure Station Unit 37,Simsbury,Connecticut,Hartford County,,0,41.84966869879376,-72.82666529327653,259944.81,163291.71,34502
6832c634-dc74-2ca3-6813-4498479e9af9,1926-05-07,2003-11-15,999-98-7857,S99926047,X48255711X,Mr.,Cristian531,Samuel331,Valdez992,,,M,white,hispanic,M,Port-au-Prince  Haiti  HT,615 Heidenreich Boulevard Apt 25,Wethersfield,Connecticut,Hartford County,9003.0,6109,41.66414992157315,-72.67804780990735,164949.5,4213572.9,141938
96e4667e-d93d-217e-aef4-a83a2cba2ef1,1937-10-10,,999-38-3173,S99937573,X92611705X,Mrs.,Jazmin969,,Wolf938,,Lindgren255,M,black,nonhispanic,F,Broad Brook  Connecticut  US,382 Boyer Common Suite 99,East Windsor,Connecticut,Hartford County,,0,41.86239863663168,-72.52846775094446,996546.95,1582894.97,37431
c167112f-7bbb-097d-da67-c18b69986d74,1948-05-22,2015-02-09,999-69-6512,S99941403,X66464693X,Mr.,Luther918,Deshawn686,Koelpin146,,,D,white,nonhispanic,M,Riverside  Connecticut  US,545 D'Amore Green,Fairfield,Connecticut,Fairfield County,,0,41.17134203610457,-73.3137949171966,273848.72,433459.08,148687
c7505b09-4cd0-f682-6af0-6cc44284516c,1926-05-07,,999-17-9076,S99982691,X50794695X,Mr.,Juan Carlos348,Arturo47,Aragón562,,,S,white,hispanic,M,Santo Domingo  National District  DO,170 Bartell Trace Unit 25,Wethersfield,Connecticut,Hartford County,9003.0,6109,41.71029275209426,-72.62465795658959,81303.51,434325.79,141938
aa384bf6-a21d-e3de-4801-190935faafce,1959-02-23,2024-12-24,999-48-2719,S99915260,X88688263X,Mr.,Frances376,Hubert238,Luettgen772,,,M,white,nonhispanic,M,Naugatuck  Connecticut  US,1047 Weber Knoll Unit 34,Ridgefield,Connecticut,Fairfield County,9001.0,6877,41.354573259515554,-73.50513761079056,616516.62,500246.06,38523
b95f8bed-f887-aace-cd77-7dffba067e58,1959-02-23,,999-56-8868,S99925445,X68059518X,Mr.,Virgilio529,,Mayert710,,,S,white,nonhispanic,M,Hamden  Connecticut  US,556 Bradtke Wynd,Ridgefield,Connecticut,Fairfield County,9001.0,6877,41.303468789624745,-73.50454241533953,209102.19,265057.15,38523
e717c24e-c0c3-c3ec-7271-6d536bd70b99,1957-09-03,,999-65-4936,S99937132,X61687194X,Mr.,Long300,Oren284,Adams676,,,D,other,nonhispanic,M,Norwalk  Connecticut  US,164 Wolff Trail Unit 71,Manchester,Connecticut,Hartford County,9003.0,6040,41.76679242530849,-72.55229922985532,197884.52,175662.07,81239
bbad496a-6b20-02e9-2ecc-c5986226aca5,1958-12-20,,999-57-6331,S99924080,X95819354X,Ms.,Carlyn477,Ji399,Jakubowski832,,,S,black,nonhispanic,F,Avon  Connecticut  US,787 Hauck Parade Apt 41,Guilford,Connecticut,New Haven County,,0,41.31507838986917,-72.66130021349557,1298108.9,327114.35,74651
d0acb108-7dd3-896e-a373-5806540c43e1,1959-12-25,2023-05-23,999-73-3075,S99980362,X58735957X,Mrs.,Malissa448,Melodi744,Paucek755,,McGlynn426,M,white,nonhispanic,F,Norwalk  Connecticut  US,566 Dicki Quay Apt 5,Waterford,Connecticut,New London County,9011.0,6385,41.38137960946937,-72.18083969925722,905095.41,315674.4,69612
8635d560-82ad-1d64-9a41-cc7a8000b073,1916-08-13,1996-09-23,999-13-1427,S99990531,X55952598X,Mr.,Gaylord332,Randell912,Smith67,,,D,white,nonhispanic,M,East Hartford  Connecticut  US,269 Towne Tunnel,New Hartford,Connecticut,Litchfield County,,0,41.886857078031404,-72.94955900938399,143589.23,202249.67,27715
5346bc0e-24e7-36d8-44ce-1361b1cd3f50,1957-05-21,,999-74-6431,S99978996,X27237039X,Mrs.,Ilana185,Shameka870,Block661,,Marks830,M,white,nonhispanic,F,Hamden  Connecticut  US,854 Hagenes Divide Suite 96,Manchester,Connecticut,Hartford County,9003.0,6040,41.81201309261221,-72.53011872020106,319009.77,460948.02,25143
ee60d9bd-5d93-0f38-1491-94f9a7ca458b,1916-08-18,2019-01-31,999-20-6572,S99994443,X82371581X,Mrs.,Sherrill767,Kaci716,Conn188,,Dickens475,M,black,nonhispanic,F,Southington  Connecticut  US,338 Rogahn Crossroad,Ridgefield,Connecticut,Fairfield County,9001.0,6877,41.2804726161764,-73.52147167357869,91129.98,2689106.9,17771
c4a5de61-ef43-c759-8c69-51264b9dfac2,1964-08-02,,999-94-2459,S99989441,X19760451X,Mr.,Buddy254,Fermin479,Kilback373,,,D,other,nonhispanic,M,Jeddah  Tihamah  SA,287 Bechtelar Ferry Unit 54,Coventry Lake,Connecticut,Tolland County,,0,41.71881142200311,-72.28708255972514,205481.41,818239.06,68184
64b4fd5b-8667-6eeb-9563-f12e27db08d4,1962-10-12,,999-82-9556,S99999367,X83096406X,Mrs.,Ria154,Thao506,Jenkins714,,Volkman526,M,black,nonhispanic,F,Southwood Acres  Connecticut  US,548 Hansen Arcade Unit 37,New Haven,Connecticut,New Haven County,9009.0,6511,41.35198432480173,-72.91403189470884,1042431.94,696251.45,67273
cde60205-8c91-8b41-0d93-26a6c806be38,1970-07-07,,999-57-5907,S99918461,X41022958X,Mr.,Miguel815,Jamar151,Steuber698,,,M,white,nonhispanic,M,Newington  Connecticut  US,1056 Aufderhar Row,Branford Center,Connecticut,New Haven County,,0,41.2956393834072,-72.77656489175872,242645.1,122551.56,38138
de6f5ad0-4c0e-77b5-bb49-5239681fe500,1916-08-13,2004-09-14,999-20-3345,S99982176,X78978816X,Mr.,Donnie175,Coy949,Rosenbaum794,,,M,white,nonhispanic,M,Cromwell  Connecticut  US,824 Predovic Course,New Hartford,Connecticut,Litchfield County,,0,41.82032634447449,-73.04112849066918,118783.33,460722.46,27715
8bc636bb-0a59-6e6f-393e-2bd8acd7ef93,1943-11-01,,999-53-6186,S99947854,X78033752X,Mr.,Buck819,Jefferey580,Carroll471,,,M,white,nonhispanic,M,Lisbon  Connecticut  US,507 Purdy Ramp,New Haven,Connecticut,New Haven County,9009.0,6513,41.311117425156496,-72.9127558503137,20613.33,1307140.54,14294
010d736c-d81f-3cd7-c12c-8ac4921888f6,1954-07-12,,999-61-5112,S99917076,X85893905X,Mr.,Augustus49,Edmond919,Konopelski743,,,D,white,nonhispanic,M,Derby  Connecticut  US,1022 Mohr Tunnel Unit 76,Manchester,Connecticut,Hartford County,9003.0,6040,41.82113055542648,-72.55595621595201,128532.19,448883.64,123784
404b5911-ec7a-162f-d447-5c533a92da6c,1944-02-23,,999-43-3227,S99970769,X26529846X,Mr.,Zackary401,,Schmidt332,,,D,white,nonhispanic,M,Cheshire  Connecticut  US,993 Green Divide,Wilton,Connecticut,Fairfield County,,0,41.22470480061038,-73.47427320799127,104138.45,865616.26,191270
943a87d1-53f5-8ec3-5be6-5467bba026dd,1916-08-18,1996-02-05,999-33-5968,S99943218,X00781394X,Mrs.,Elia719,Nevada145,Bradtke547,,Marvin195,D,black,nonhispanic,F,Shelton  Connecticut  US,631 Lindgren Promenade Unit 4,Ridgefield,Connecticut,Fairfield County,9001.0,6877,41.30695290215771,-73.5087711910424,21414.75,1416590.11,17771
926a9af2-0ebc-88fd-8a6b-5caa7107729c,1945-04-05,,999-79-6755,S99989927,X79467854X,Ms.,Mertie42,Merideth332,West559,,,S,white,nonhispanic,F,Ansonia  Connecticut  US,541 Luettgen Trail,Enfield,Connecticut,Hartford County,,0,41.97952101649348,-72.60300396818103,199766.11,145779.62,57547
e3203e31-5b78-ca1b-21b8-f857a971092f,1962-08-20,,999-17-7430,S99982386,X02043505X,Mr.,Cristobal567,Roberto515,Villalobos491,,,M,asian,hispanic,M,Ponce  Puerto Rico  PR,109 Parisian Fort Apt 35,Granby,Connecticut,Hartford County,,0,41.98409922249279,-72.8170119318277,387014.48,147698.02,40356
c2736bc2-6095-772d-86c6-ffa6c62b8b2b,1943-01-29,1995-03-28,999-44-5700,S99937732,X50684156X,Mr.,Cole117,Jonathan639,Eichmann909,,,M,white,nonhispanic,M,Enfield  Connecticut  US,198 Reinger Neck,Derby,Connecticut,New Haven County,9009.0,6418,41.31790080897412,-73.0768370709672,515314.86,357592.62,72524
4fc484ab-35b9-b005-e677-abdc4e71922c,1968-08-20,,999-41-5391,S99965176,X83193330X,Mr.,Hipolito984,Burton124,Jones311,,,M,white,nonhispanic,M,Hartford  Connecticut  US,953 Kutch Rest,Wallingford Center,Connecticut,New Haven County,,0,41.40565690232268,-72.84433100051969,258761.12,378290.12,26371
a475675c-7153-5da6-f8be-61c2217f7292,1945-01-06,2009-12-19,999-31-7770,S99954113,X17378735X,Mr.,Hassan290,,Stanton715,,,S,white,nonhispanic,M,New Haven  Connecticut  US,810 Johnston Trafficway,Norwich,Connecticut,New London County,9011.0,6380,41.50171319390451,-72.07077176361918,240109.08,80714.49,35525
b1dcae8f-00e8-2523-2e74-bda54f13b08b,1943-01-29,,999-31-7444,S99953585,X10939055X,Mr.,Logan497,Jay242,Wolf938,,,M,white,nonhispanic,M,Redding  Connecticut  US,146 Hickle Harbor Apt 67,Derby,Connecticut,New Haven County,9009.0,6418,41.29724773331495,-73.08111498476023,461663.92,212716.54,72524
fa571674-3633-d053-8389-79928e4be63e,1945-01-06,,999-47-6871,S99938367,X65097826X,Mr.,Jerald662,Weldon459,Schaden604,,,M,white,nonhispanic,M,Rocky Hill  Connecticut  US,859 Macejkovic Lock,Norwich,Connecticut,New London County,9011.0,6360,41.55195922526037,-72.11080416710277,901439.4,734800.56,35525
b491f7a5-42b3-daba-6434-e526d5c33094,1930-06-18,2011-12-26,999-83-6280,S99922773,X69290431X,Mrs.,Anita473,Leticia253,Mascareñas995,,Mata817,M,white,hispanic,F,Santo Domingo  National District  DO,169 Flatley Extension,Meriden,Connecticut,New Haven County,9009.0,6451,41.53760291199426,-72.8200591558938,408743.47,933604.3,128315
c527d951-5422-a5ce-301b-e5e5bd0425fa,1945-05-31,2019-11-29,999-29-6956,S99938087,X75071098X,Mrs.,Sunshine777,,Yost751,,Kuvalis369,D,white,nonhispanic,F,East Haven  Connecticut  US,925 Kihn Throughway,West Haven,Connecticut,New Haven County,9009.0,6516,41.30711281142373,-72.91608456751793,356510.36,1329172.47,162371
cca127d2-6bda-a3ef-b5aa-fd2948a0f62f,1945-05-04,,999-93-5811,S99966312,X76486921X,Mr.,Dwayne786,Arnold338,Braun514,,,S,white,nonhispanic,M,Berlin  Connecticut  US,251 Osinski Wall,Plainfield,Connecticut,Windham County,9015.0,6374,41.642320873054096,-71.88814262809152,164838.16,390745.24,64229
94796de0-a629-d960-8281-498b91b88db6,1944-06-19,,999-98-9350,S99944733,X03137169X,Mrs.,Fawn386,Jesus702,Marquardt819,,Leffler128,M,asian,nonhispanic,F,Manchester  Connecticut  US,257 Kuvalis View,Enfield,Connecticut,Hartford County,,0,42.0303129766492,-72.57243655414977,1131348.48,1340770.97,67060
5322d6bf-be96-d01a-e192-aa2e03093f8f,1946-02-07,2023-08-20,999-91-1054,S99921990,X90358874X,Mr.,Isaac321,Dewitt635,Homenick806,,,D,white,nonhispanic,M,Bridgeport  Connecticut  US,285 Casper Vale,Hartford,Connecticut,Hartford County,9003.0,6103,41.74079722589104,-72.65627039684338,84265.68,1909215.38,10422
65d0ca73-8ec8-7f02-423b-f08c96c875d6,1957-11-07,,999-24-9066,S99960742,X68073071X,Mr.,Horacio317,,de Jesús414,,,M,asian,hispanic,M,Port-au-Prince  Haiti  HT,392 Smitham Crossroad,Middlebury,Connecticut,New Haven County,,0,41.5426168991289,-73.0766698250338,239744.9,161780.21,161795
341f9b14-1f90-51b5-1a65-54cbab8a5f61,1973-04-07,,999-92-7463,S99930422,X53933947X,Mrs.,Zona368,,Schneider199,,Raynor401,D,black,nonhispanic,F,West Haven  Connecticut  US,937 Steuber Overpass Unit 60,Cheshire Village,Connecticut,New Haven County,,0,41.50556727527903,-72.8895993104749,292853.93,480691.49,171176
21c7c277-c83f-0cbc-deea-6e2399472cf4,1915-11-05,,999-15-2602,S99927663,X90740194X,Mrs.,Sandi885,Sadie426,Buckridge80,,Jenkins714,D,white,nonhispanic,F,Waterford  Connecticut  US,255 Labadie Bypass,Glenville,Connecticut,Fairfield County,,0,41.0025195882861,-73.7060724134472,1070025.03,920370.83,89223
e872406c-f13d-38df-f91d-75ce14e3dcef,1950-02-21,,999-33-8366,S99934526,X05952600X,Mr.,Kareem959,Mickey576,Stark857,,,M,white,nonhispanic,M,New Haven  Connecticut  US,703 Hartmann Camp Unit 26,Stamford,Connecticut,Fairfield County,9001.0,6906,41.06560548820533,-73.564135034089,237991.77,1127329.73,72073
f61d8de3-c18f-2ed5-fe57-7a91f138c751,1947-08-26,,999-51-7825,S99917680,X12106068X,Mr.,Renato359,Gordon377,Dooley940,,,M,other,nonhispanic,M,Danbury  Connecticut  US,469 Aufderhar Village,Shelton,Connecticut,Fairfield County,9001.0,6484,41.34774476592907,-73.16160833615571,104987.11,259810.33,25294
3a5ab47b-9de4-b046-bdc9-0544295165e6,1918-07-05,2024-02-16,999-40-5072,S99981379,X21462349X,Mrs.,Sonia106,Annalisa973,Hamill307,,Lindgren255,D,black,nonhispanic,F,Oakville  Connecticut  US,927 Parker Mall,Bridgeport,Connecticut,Fairfield County,9001.0,6607,41.13621119906028,-73.18952866735935,589267.5,2925766.91,72883
59e79822-ce65-bd54-445a-4f128375bac3,1951-01-16,,999-38-8919,S99914612,X07239248X,Mrs.,Carmelita854,Wanetta360,Volkman526,,Jacobson885,M,white,nonhispanic,F,South Windsor  Connecticut  US,1005 Bartell Dale,Morris,Connecticut,Litchfield County,,0,41.66846733218065,-73.1848014818056,203425.19,1055099.66,30149
7d2dc87a-152a-2fad-e5a9-3ffccb7530db,1965-09-22,,999-68-5644,S99921013,X05317604X,Mr.,Jorge203,Carlos172,Gaytán530,,,M,white,hispanic,M,Buenos Aires  Ciudad de Buenos Aires  AR,813 Wunsch Way,Woodstock,Connecticut,Windham County,,0,41.97960819047103,-72.05429267083319,299572.07,65806.97,114810
20e28446-8e46-8d4a-4d40-616fdeb86a19,1950-10-13,,999-82-5274,S99938433,X26141750X,Mr.,John539,Zane918,Dickinson688,,,W,asian,nonhispanic,M,Bangalore  Karnataka  IN,1015 Will Key,Sprague,Connecticut,New London County,,0,41.60256985624031,-72.11385324387726,165590.58,180569.1,121240
3c5072c3-a664-8317-a203-1e68031c5121,1944-10-29,,999-14-3461,S99956268,X64368922X,Mrs.,Berta524,,Coronado577,,Vázquez552,M,asian,hispanic,F,Lima  Lima Province  PE,874 Luettgen Arcade Unit 38,Shelton,Connecticut,Fairfield County,9001.0,6484,41.31210513557215,-73.17211892469908,663233.75,855321.05,37355
bb2a132d-1e45-2b68-fdf3-c07d5230520f,1942-09-15,,999-15-2736,S99963209,X62499424X,Mr.,Modesto621,Nicholas495,Wisozk929,,,M,white,nonhispanic,M,Montville  Connecticut  US,309 Gleichner Underpass,West Haven,Connecticut,New Haven County,9009.0,6516,41.2759791039693,-72.9363565983499,220358.78,378871.51,102247
c2877f7e-769a-1cca-dd61-6357a1fad0d8,1918-07-05,1987-05-11,999-50-5631,S99942457,X55347826X,Mrs.,Vernita491,Catherine271,Wuckert783,,Lindgren255,D,black,nonhispanic,F,Hamden  Connecticut  US,343 Welch Rapid Unit 64,Bridgeport,Connecticut,Fairfield County,9001.0,6604,41.19197079998163,-73.17657939700982,448246.83,370084.69,72883
6db1aa66-5bb1-112b-b6f5-6eb48d85d118,1954-09-23,,999-99-6928,S99982447,X77570102X,Mr.,Josh874,Robby860,Hane680,,,M,white,nonhispanic,M,Greenwich  Connecticut  US,762 Dickens Pathway Suite 60,North Branford,Connecticut,New Haven County,,0,41.40089724575831,-72.74055596915127,219362.45,128764.49,54669
7c247cb0-cb98-f4fd-2c56-c2574a1a83af,1940-05-22,,999-58-6080,S99996938,X73852073X,Mr.,Gregg522,,Dach178,,,M,white,nonhispanic,M,Madison  Connecticut  US,1060 Rodriguez View Apt 3,Wallingford,Connecticut,New Haven County,,0,41.411478468109486,-72.82375661936942,266915.87,996850.6,188119
97f31860-a97b-5299-a863-dba662dba652,1939-02-09,2017-08-02,999-38-8669,S99937641,X91321686X,Mr.,Arron144,Shannon293,Huels583,,,W,black,hispanic,M,New Hartford Center  Connecticut  US,960 O'Reilly Viaduct,West Hartford,Connecticut,Hartford County,9003.0,6107,41.77758128937884,-72.76465969497742,237432.43,235503.71,81815
a58beb58-2925-6f5a-9c99-fb8481bdc2fa,1947-08-11,,999-33-2937,S99990017,X76580838X,Mrs.,Emogene884,Indira327,Dicki44,,Sporer811,M,white,nonhispanic,F,East Hartford  Connecticut  US,579 Olson Meadow,Torrington,Connecticut,Litchfield County,9005.0,6759,41.7471466383728,-73.25005297222134,1039836.78,579883.77,80897
681d8bdf-cebf-b54a-f549-67f50dff15ed,1948-09-07,,999-17-1804,S99912645,X87058835X,Mr.,Trent525,,Grant908,,,S,white,nonhispanic,M,Westbrook  Connecticut  US,164 Lehner Lock Suite 57,Windham,Connecticut,Windham County,,0,41.67266559117224,-72.1453017901091,97166.69,732763.26,1720
745fbada-90d4-cbb9-4bc1-3d6b109b8e3f,1975-06-20,,999-18-5293,S99992128,X35845405X,Mrs.,Merna69,Terrilyn343,Bednar518,,Rodriguez71,M,white,nonhispanic,F,Bethany  Connecticut  US,216 Buckridge Street Apt 68,Stamford,Connecticut,Fairfield County,9001.0,6903,41.05130599487149,-73.55897535179959,248615.43,1612008.95,748910
13537b7b-f848-b068-a8df-daa2462a5e53,1965-10-22,,999-81-5759,S99979543,X81302840X,Ms.,Regena252,Whitley172,McGlynn426,,,S,white,nonhispanic,F,New Milford  Connecticut  US,813 Ortiz Haven,Stamford,Connecticut,Fairfield County,9001.0,6903,41.1067029870407,-73.63246792997882,1062722.04,409936.72,47847
af8d62a8-d88b-4633-2d50-f0f346299a94,1952-03-21,2019-09-26,999-76-2715,S99949419,X37274182X,Mrs.,Thomasina264,,Wehner319,,Gottlieb798,M,white,nonhispanic,F,Wethersfield  Connecticut  US,228 Huels Annex Apt 23,Watertown,Connecticut,Litchfield County,9005.0,6779,41.58180812254578,-73.11883983361905,319518.96,920387.84,552727
74e38e21-8b94-3cd2-9561-0189a4e3b987,1939-02-09,,999-15-2707,S99931427,X09289867X,Mr.,Omer483,,Walter473,,,M,black,hispanic,M,Morris  Connecticut  US,258 Rowe Lodge,West Hartford,Connecticut,Hartford County,9003.0,6119,41.74470832478592,-72.67671663946768,224670.37,288898.78,81815
59b43eb9-5806-8074-7099-9cb5765b9d2c,1952-03-21,,999-62-2689,S99915096,X64534458X,Mrs.,Shery223,Jayme42,Roberts511,,Erdman779,D,white,nonhispanic,F,Thompsonville  Connecticut  US,1094 Swaniawski Junction Apt 88,Watertown,Connecticut,Litchfield County,9005.0,6795,41.588661405077424,-73.04434894781049,254837.14,1640904.34,552727
cae45cc0-3a39-9111-23b2-6f5c0d030af3,1961-11-05,,999-77-2522,S99929105,X55347749X,Mr.,Jess275,,Wunsch504,,,S,white,nonhispanic,M,Granby  Connecticut  US,755 Metz Run Unit 12,Naugatuck,Connecticut,New Haven County,9009.0,6770,41.52425841439698,-73.0514939794305,16161.23,349794.46,21001
b87f3a55-06a0-7dcd-e0d1-e1bf365439fe,1946-12-25,,999-32-7973,S99940184,X44058025X,Mr.,Ferdinand55,Elvin140,Kuhn96,,,D,white,nonhispanic,M,Plymouth  Connecticut  US,1081 Hammes Port,Danbury,Connecticut,Fairfield County,9001.0,6804,41.4376947248192,-73.35027249966365,270048.49,239208.76,44740
d214d11a-7a80-023e-2a9e-665998ce9665,1957-04-18,,999-24-6623,S99982655,X68274173X,Mr.,Geoffrey157,Lucius907,Zulauf375,,,S,white,nonhispanic,M,Berlin  Connecticut  US,169 Herzog Pathway Suite 72,New Haven,Connecticut,New Haven County,9009.0,6510,41.295828756652966,-73.0070361178415,216692.06,143060.82,138791
952e7771-adf9-a6c0-710c-d25e70d2d358,1942-03-14,2022-07-08,999-96-7151,S99975736,X00360629X,Mr.,Diego848,Javier97,Donnelly343,,,M,white,nonhispanic,M,Vernon  Connecticut  US,357 Armstrong Ferry Unit 14,Montville,Connecticut,New London County,,0,41.45757334628117,-72.18496814101016,20414.2,482775.16,21201
8ce60d71-dcb4-b926-269b-e0e4e6cd0aa1,1921-08-07,,999-37-5853,S99996488,X26187157X,Mr.,Enrique929,,Delvalle807,,,M,white,hispanic,M,La Paz  Baja California  MX,414 Hyatt Bay,East Hartford,Connecticut,Hartford County,9003.0,6042,41.75500857241035,-72.5788452654358,343451.62,293633.68,40361
f9cb7a2b-821e-7bee-88b0-827b118f90f5,1948-08-07,2025-03-12,999-74-7186,S99913539,X73718386X,Mr.,Garrett899,Johnathan55,Hayes766,,,S,white,nonhispanic,M,Mystic  Connecticut  US,118 Bayer View,Waterbury,Connecticut,New Haven County,9009.0,6704,41.60136633836769,-73.03524703539668,773515.77,2594996.68,77212
3ae407fa-7b32-4ba2-85c4-981833628402,1945-02-11,2023-01-23,999-40-7974,S99987037,X73298228X,Mr.,Clarence5,,Oberbrunner298,,,D,black,nonhispanic,M,Hebron  Connecticut  US,310 Donnelly Skyway Unit 4,Naugatuck,Connecticut,New Haven County,9009.0,6770,41.45187534538477,-73.04777607978892,223133.07,1097844.77,912281
722e6372-21a7-ddca-6688-1a18547a1c48,1935-04-01,2025-06-27,999-18-8793,S99959180,X21774294X,Mr.,Nathan164,Kenneth671,Rowe323,,,D,white,nonhispanic,M,Stamford  Connecticut  US,468 Hand Mews,Stamford,Connecticut,Fairfield County,9001.0,6905,41.120853209672255,-73.58059543130649,193359.65,563721.78,129319
c082f9a6-2d35-1656-667a-0383fe7fbeb1,1929-08-07,2014-02-17,999-56-4930,S99992817,X92444224X,Mr.,Odis959,Barton704,Bernier607,,,W,hawaiian,nonhispanic,M,Bridgeport  Connecticut  US,138 Nitzsche Tunnel,Sherwood Manor,Connecticut,Hartford County,,0,41.99473253808324,-72.52986967759585,300537.84,254462.08,97595
45e0eadc-5cc0-3b1b-6155-27f146602a39,1958-08-04,2022-02-15,999-46-8672,S99965357,X08279515X,Mr.,Lavern240,,Kuvalis369,,,M,white,nonhispanic,M,Haddam  Connecticut  US,489 Mayer Ramp,Manchester,Connecticut,Hartford County,9003.0,6042,41.71445645674752,-72.48669422256573,323846.02,929204.99,379985
83209dbb-d5a9-306c-328c-0e5eaf0b7859,1945-02-11,,999-87-5579,S99983461,X20339569X,Mr.,Dusty207,,Nienow652,,,M,black,nonhispanic,M,Hamden  Connecticut  US,359 Rowe Ramp Unit 19,Naugatuck,Connecticut,New Haven County,9009.0,6770,41.45846950962937,-73.05824021871379,278703.56,1043914.66,912281
1879c728-1da6-cc97-aa9d-437eaf3644b0,1935-04-01,2020-05-23,999-19-2404,S99951169,X46502317X,Mr.,Elvin140,Lonnie913,Harvey63,,,M,white,nonhispanic,M,Poquonock Bridge  Connecticut  US,773 Price Wynd,Stamford,Connecticut,Fairfield County,9001.0,6905,41.13599150397332,-73.49399357607369,241932.6,2145284.35,129319
4c96d216-7eb6-d577-c444-c71b799b625b,1963-03-25,,999-58-4454,S99925590,X30671909X,Mrs.,Katy259,Refugia211,Bechtelar572,,Fahey393,M,white,nonhispanic,F,Meriden  Connecticut  US,176 Stiedemann Junction Suite 65,Greenwich,Connecticut,Fairfield County,9001.0,6830,41.03886262932946,-73.63240856529023,204631.68,916142.04,393071
e5acf85f-aa1d-46f0-9812-673d81cdb8fa,1968-02-10,,999-52-5260,S99959336,X81181372X,Mr.,Randal152,Alfred550,Koch169,,,D,white,nonhispanic,M,Somers  Connecticut  US,913 Mitchell Wall,Newington,Connecticut,Hartford County,9003.0,6111,41.73593421084939,-72.71546564350894,21248.08,304250.04,27514
49b69739-987b-c18a-6598-0d0722431fc5,1949-09-09,2015-07-03,999-33-6490,S99918089,X73035019X,Mr.,Rob341,Shirley182,Mayer370,,,M,white,nonhispanic,M,Stamford  Connecticut  US,347 Nikolaus Camp,Windsor,Connecticut,Hartford County,,0,41.91411550954616,-72.71442847854,23361.82,1120717.88,20831
910dddd2-4190-68c5-eb44-0062f57e3962,1954-06-20,,999-51-2065,S99915637,X69452143X,Mr.,Bertram873,Johnathon489,Klocko335,,,M,hawaiian,nonhispanic,M,Wallingford  Connecticut  US,722 Labadie Harbor Unit 5,Warren,Connecticut,Litchfield County,,0,41.75565912890024,-73.3151501453273,175410.19,190113.95,135331
80c4482e-d6f8-9a6d-d4d8-3ba76b37da8e,1971-04-18,,999-78-5610,S99972917,X52021330X,Mrs.,Reagan466,Andrea7,Treutel973,,Zulauf375,W,white,nonhispanic,F,Wolcott  Connecticut  US,390 Cartwright Mill,Poquonock Bridge,Connecticut,New London County,,0,41.32999707524184,-72.02265043672298,908453.5,97355.22,57946
b44cd74f-a559-90f5-5b2b-672c6cd7d93a,1953-08-07,,999-88-2107,S99947400,X34730329X,Mrs.,Bertie593,Ligia986,Hackett68,,McCullough561,M,white,nonhispanic,F,Lyon  Auvergne-Rhone-Alpes  FR,523 Wehner Terrace Unit 17,Waterford,Connecticut,New London County,9011.0,6385,41.40779547164187,-72.18843859696693,1179355.06,745303.41,106958
71551f82-2bd5-8dc4-c807-4abea52ca651,1947-02-03,2004-07-11,999-94-6155,S99928162,X49431302X,Mr.,Gail741,Lamont867,Ebert178,,,W,white,nonhispanic,M,Danbury  Connecticut  US,824 Klocko Gardens,Norwich,Connecticut,New London County,9011.0,6334,41.543390330793976,-72.10479153306008,28930.13,4097562.34,20668
ee74a099-1e40-9ce4-52e8-a673dc61546d,1929-07-09,,999-91-4970,S99943494,X57612069X,Mr.,Shannon293,Theron432,Swaniawski813,,,S,white,nonhispanic,M,Bridgeport  Connecticut  US,1058 Barton Walk,East Hartford,Connecticut,Hartford County,9003.0,6118,41.78496097048982,-72.60852648505278,26512.93,842586.3,3416
0c72ef78-e35b-9260-f422-1af50c5da322,1946-01-07,,999-28-8729,S99965051,X71318908X,Mr.,Christopher407,Parker433,Cormier289,,,M,white,nonhispanic,M,East Hartford  Connecticut  US,220 Wiza Neck,Greenwich,Connecticut,Fairfield County,9001.0,6831,41.0710871297033,-73.65913838669651,204239.13,793141.01,113781
666d7858-fbf2-a99b-bfec-ccab0cd39377,1947-02-03,,999-38-7160,S99912147,X70206962X,Mr.,Vince741,Johnson679,White193,,,D,white,nonhispanic,M,Wolcott  Connecticut  US,656 Dare Key Apt 49,Norwich,Connecticut,New London County,9011.0,6360,41.52866859873122,-72.15439140561143,15968.49,371809.5,20668
775b52ad-02ce-6229-d41d-cb93cbe986d5,1962-04-18,,999-45-1169,S99922282,X26463218X,Ms.,Julia241,Rosario163,Botello137,,,S,white,hispanic,F,Lima  Lima Province  PE,424 Koss Annex Unit 1,Bloomfield,Connecticut,Hartford County,,0,41.86030300706863,-72.71312744385342,1153268.71,595835.57,76656
18236d51-ba17-e04c-1901-71c0495f6221,1952-06-15,,999-82-7881,S99938006,X14342078X,Mr.,Fredric73,,Morar593,,,M,white,nonhispanic,M,Stamford  Connecticut  US,231 Wuckert Lane,Brookfield,Connecticut,Fairfield County,,0,41.45647071344489,-73.43715395676038,191492.63,253184.99,164486
34f138ed-2da1-2355-5733-cc8de15cb043,1943-11-26,,999-79-4089,S99968528,X68860607X,Mrs.,Giselle809,Natividad796,McGlynn426,,Thompson596,W,white,nonhispanic,F,New Canaan  Connecticut  US,167 Kovacek Way,Old Lyme,Connecticut,New London County,,0,41.26632557807908,-72.27268727469603,656536.7,292323.85,73986
76bb7ebc-acc1-4d7e-ceb8-eb13d51113c7,1943-06-21,2025-01-01,999-64-8093,S99971413,X02841399X,Mr.,Adolfo777,Bruce167,Buckridge80,,,M,white,nonhispanic,M,West Hartford  Connecticut  US,808 Goldner Station,New Britain,Connecticut,Hartford County,9003.0,6052,41.68407562515672,-72.76206321468327,298115.43,266251.56,61293
e23c4b1a-22f1-e96d-5bba-8c31d869afa2,1950-02-17,,999-62-8974,S99910918,X40498050X,Mrs.,Marilu588,Siu135,VonRueden376,,Rodriguez71,W,black,hispanic,F,Wethersfield  Connecticut  US,606 Jones Ville,Stratford,Connecticut,Fairfield County,9001.0,6607,41.22539707226302,-73.20709484298422,18691.7,742333.21,20065
f724394c-e8cd-e181-ec11-bfaa38931845,1943-06-21,2020-12-30,999-12-8306,S99940506,X18791473X,Mr.,Emanuel231,,Kub800,,,M,white,nonhispanic,M,Lebanon  Connecticut  US,661 Parisian Haven,New Britain,Connecticut,Hartford County,9003.0,6052,41.62884839144336,-72.77223564709236,356222.48,478285.68,61293
c1846d6b-e378-b46f-ccff-7e0f6e8c3658,1960-09-27,2025-01-19,999-64-4610,S99960547,X43347882X,Mr.,Santiago500,Sal878,Kessler503,,,M,white,nonhispanic,M,Plainfield Village  Connecticut  US,121 Howell Ranch Apt 77,Stratford,Connecticut,Fairfield County,9001.0,6614,41.2256333915514,-73.22730833542454,143780.33,424589.95,128050
9934cd87-1cbe-2bb4-8406-e89da91a8274,1969-09-30,,999-42-4807,S99942167,X26436548X,Mrs.,Julissa825,Janyce124,Stiedemann542,,Larkin917,W,white,hispanic,F,Waterbury  Connecticut  US,866 Windler Alley,New Haven,Connecticut,New Haven County,9009.0,6510,41.247663150193965,-72.88911869697397,750869.38,335804.23,74335
e2501f60-4695-e36d-b2d9-66fe42b5251c,1974-07-12,,999-96-6645,S99917085,X27929427X,Mr.,Ernest565,Daren950,Kub800,,,S,white,nonhispanic,M,Willimantic  Connecticut  US,747 Legros Path Unit 96,Colchester,Connecticut,New London County,9011.0,6415,41.590193027777026,-72.31408431550318,190442.69,0.0,60256
63139c1a-8e4a-6cb0-2ac5-657d6ed002ee,1960-09-27,,999-14-9082,S99933733,X70709365X,Mr.,Arthur650,,Glover433,,,M,white,nonhispanic,M,Winsted  Connecticut  US,704 Watsica Underpass,Stratford,Connecticut,Fairfield County,9001.0,6607,41.205148124728275,-73.16449813000152,271266.12,146270.27,128050
6196cb53-2897-f6fd-105a-721e6703d465,1945-04-07,2003-08-09,999-66-1904,S99964234,X89500842X,Mr.,Virgilio529,,Hintz995,,,S,asian,nonhispanic,M,Plymouth  Connecticut  US,192 Wilkinson Spur,Bridgeport,Connecticut,Fairfield County,9001.0,6610,41.14786822263886,-73.23530766946858,443918.14,741.66,48904
1bffa862-1d4c-9eb3-8ce2-d8459a715e5e,1945-04-07,,999-43-8085,S99918581,X76456948X,Mr.,Sherman440,Filiberto722,Strosin214,,,M,asian,nonhispanic,M,Hartford  Connecticut  US,663 Ankunding Knoll,Bridgeport,Connecticut,Fairfield County,9001.0,6608,41.134695597488246,-73.18929829758521,340316.35,615993.41,48904
092be2c2-c9ad-cd0f-aabd-51935946de0b,1968-11-12,,999-97-8123,S99999777,X61268287X,Mr.,Wes853,,Mueller846,,,W,white,nonhispanic,M,Monroe  Connecticut  US,670 Roob Underpass,North Branford,Connecticut,New Haven County,,0,41.39186099067363,-72.7949599527479,131709.8,415336.28,187019
5a0d025d-db63-38ff-b1ae-6acc5f4e1f33,1959-04-15,,999-76-3199,S99935514,X12526012X,Mr.,Monte325,John539,Dickinson688,,,D,white,nonhispanic,M,Meriden  Connecticut  US,757 Gutmann Trailer Unit 5,Montville,Connecticut,New London County,,0,41.51191058968681,-72.16971474696395,922790.89,480251.88,59336
d6734bf0-742e-ecd6-cbcf-cf13935222a6,1945-10-16,,999-96-3817,S99991081,X65496905X,Ms.,Lola232,Luisa710,Villarreal550,,,S,hawaiian,hispanic,F,Salisbury  Saint Joseph Parish  DM,950 Davis Brook,New Haven,Connecticut,New Haven County,9009.0,6511,41.34811669041428,-72.946663802747,1356933.56,384932.26,47451
5dc885db-4102-2edd-ba46-6cf309c09026,1941-09-09,,999-44-3430,S99991271,X82036314X,Mrs.,Slyvia34,Hildred696,Gislason620,,Weimann465,M,white,nonhispanic,F,Madison Center  Connecticut  US,560 Bogan Street,New Milford,Connecticut,Litchfield County,9005.0,6776,41.606840324725795,-73.4582870461255,960955.86,399943.97,117213
329429b6-f9d9-03e0-bfec-81ba64e2e48e,1964-06-01,,999-42-8981,S99995379,X25851921X,Mr.,Adolfo777,,Fahey393,,,D,white,nonhispanic,M,Manchester  Connecticut  US,974 Von Stravenue,Bethany,Connecticut,New Haven County,,0,41.42887784106138,-72.99415223828176,289414.91,585005.3,195664
2f08bddf-ff57-70bd-afdf-f46007bee6d3,1954-03-13,,999-40-2886,S99950364,X42354129X,Mrs.,Alicia629,Laura391,Girón243,,Caballero789,M,black,hispanic,F,Salisbury  Saint Joseph Parish  DM,1022 Quitzon Route Unit 57,Trumbull,Connecticut,Fairfield County,9001.0,6611,41.30585675139357,-73.19389636268725,894029.67,529408.56,74190
d29f7bbe-fc34-c6d8-d28e-251911ab8f6c,1943-11-25,,999-48-6224,S99950993,X99457225X,Mr.,Cleveland582,Barney639,Rutherford999,,,M,white,nonhispanic,M,Wethersfield  Connecticut  US,661 Tromp Rue,Simsbury,Connecticut,Hartford County,,0,41.83375860948403,-72.78546037267544,183322.4,286432.79,132936
bc9d2788-eee4-2490-37c3-bf82119ad955,1934-07-07,,999-46-4765,S99919623,X46857784X,Mrs.,Arnita817,,Kemmer137,,Rodriguez71,D,white,nonhispanic,F,Hartford  Connecticut  US,947 Krajcik Common,North Haven,Connecticut,New Haven County,9009.0,6473,41.368087158119195,-72.87205452133317,145165.78,820206.8,215746
220ee7db-972d-3106-f5d4-60d31403ae6b,1917-11-10,1993-08-24,999-41-6474,S99943768,X83597471X,Mr.,Barney639,Kraig824,Jast432,,,S,white,nonhispanic,M,Brookfield  Connecticut  US,893 Heaney Lock,Greenwich,Connecticut,Fairfield County,9001.0,6831,41.08446663628764,-73.59089930281988,199323.23,198751.1,777500
179f2e0d-54f3-06b2-9af2-f2bb93b9d97a,1953-01-10,,999-44-5667,S99953728,X63725030X,Mrs.,Ami949,Mathilda200,Reynolds644,,Lueilwitz711,M,white,nonhispanic,F,Danbury  Connecticut  US,106 Kutch Extension Suite 10,Hartford,Connecticut,Hartford County,9003.0,6117,41.783396002166626,-72.7431256177765,1076060.46,136389.38,99272
adea8511-e1a0-320c-5178-326f4c7dc15e,1917-11-10,,999-60-2443,S99942935,X95841071X,Mr.,Garrett899,Floyd420,Bode78,,,M,white,nonhispanic,M,Bristol  Connecticut  US,124 Lesch Junction Apt 8,Greenwich,Connecticut,Fairfield County,9001.0,6831,41.04873298156112,-73.66515228079888,247174.43,597936.69,777500
23076cc7-987a-7400-1431-1388bfbd4385,1935-06-26,,999-69-1303,S99958141,X75552701X,Mr.,Mauro926,Long300,Emmerich580,,,M,native,nonhispanic,M,Danbury  Connecticut  US,1015 Hane Loaf Unit 24,Darien,Connecticut,Fairfield County,9001.0,6820,41.05331164458039,-73.44109969183222,58908.67,525868.67,803889
a2b21559-bfe5-fe56-a625-7d1bb893b538,1968-11-12,,999-96-8285,S99979152,X70414307X,Mr.,Wilber603,Deon400,Renner328,,,S,white,nonhispanic,M,Lebanon  Connecticut  US,737 Konopelski Junction,Stamford,Connecticut,Fairfield County,9001.0,6831,41.116090693089376,-73.57468267125158,638771.68,481767.94,55443
ad4bc887-dbcb-9c2c-8d46-595475df8ffe,1931-02-15,2017-10-28,999-91-9095,S99957399,X73574659X,Mr.,Ollie731,,Ratke343,,,M,white,nonhispanic,M,Ashford  Connecticut  US,128 Heaney Burg,Southington,Connecticut,Hartford County,,0,41.61069245336941,-72.922224229792,213551.39,343312.58,191812
7d5d40eb-f458-3d1a-a437-c345082eb2d9,1963-06-14,,999-43-6799,S99955050,X16039585X,Mr.,Milton509,,Collier206,,,S,white,hispanic,M,Ledyard  Connecticut  US,1059 Beer Plaza,Middlebury,Connecticut,New Haven County,,0,41.55690478298529,-73.13266522064279,203764.48,56834.87,841156
52e2d50f-ae8a-9ee0-8a12-088d52d7864a,1962-03-22,,999-31-5965,S99978379,X08173492X,Mr.,Josue598,Renaldo199,Langworth352,,,M,white,nonhispanic,M,Burlington  Connecticut  US,886 Considine Road,Colchester,Connecticut,New London County,9011.0,6415,41.54008274263588,-72.30181617967015,40360.08,873778.39,17060
ad17c1b6-3862-5e3f-21dd-fdd40f14e2e6,1942-02-21,2019-03-04,999-43-5544,S99915806,X41644350X,Mr.,Shane235,Nick779,Wiza601,,,S,white,nonhispanic,M,Farmington  Connecticut  US,745 Lindgren Trailer,New Britain,Connecticut,Hartford County,9003.0,6052,41.69794336561403,-72.7922707842655,217416.8,176914.45,63907
0041eed8-e8b4-01bf-407a-80b3656fd331,1931-02-15,,999-95-7164,S99949284,X36081284X,Mr.,Jess275,Isaac321,Lynch190,,,D,white,nonhispanic,M,New Britain  Connecticut  US,725 Pouros Lane,Southington,Connecticut,Hartford County,,0,41.58193399697229,-72.86797780602168,110577.6,490077.56,191812
5fbbddf8-31e4-a522-a593-0087784d026f,1953-10-09,,999-32-6088,S99989130,X99178200X,Mrs.,Mittie376,Ebony669,Ritchie586,,Jacobs452,D,white,nonhispanic,F,Weston  Connecticut  US,274 Gutmann Course,Woodbridge,Connecticut,New Haven County,,0,41.36698613262158,-72.96998843172857,285641.1,591201.16,414095
49137503-2242-5440-2ed5-441a5e10a9ef,1946-09-28,,999-78-3456,S99959788,X45131915X,Mr.,Caleb651,George991,Pagac496,,,M,white,nonhispanic,M,Deep River  Connecticut  US,188 Rau Terrace,Trumbull,Connecticut,Fairfield County,9001.0,6611,41.3006825732017,-73.26274850595428,154178.52,647898.68,178201
635b9542-4962-29ac-1c87-d5c469f33f3d,1943-09-07,,999-18-7131,S99924872,X04632412X,Mrs.,Kathryne752,Sylvia544,McLaughlin530,,Hilll811,M,black,nonhispanic,F,Montville  Connecticut  US,373 Sanford Track,Naugatuck,Connecticut,New Haven County,9009.0,6770,41.53021929226897,-73.06282056461536,640162.06,609475.51,48750
12125be1-ca19-1712-aa95-efaaaf83fcf5,1949-03-16,,999-68-9179,S99969652,X85447138X,Mrs.,Doreen575,Russell422,Stracke611,PhD,Bartell116,M,white,nonhispanic,F,Trumbull  Connecticut  US,526 Leuschke Stravenue Unit 0,Bethlehem Village,Connecticut,Litchfield County,,0,41.689760998040704,-73.15908986415306,236559.94,1169893.97,327012
ee2f9415-335b-91cf-46f5-93d3c837b6a4,1967-11-29,,999-68-7832,S99999074,X43190838X,Mrs.,Chantel847,Jacquline932,Koch169,,Hamill307,M,white,nonhispanic,F,Glastonbury Center  Connecticut  US,838 Lowe Frontage road,Waterbury,Connecticut,New Haven County,9009.0,6708,41.59061105882745,-73.08191095936147,1100525.87,225293.7,73247
585386f7-f7ab-3771-73e5-65a65137a8a8,1964-08-01,2023-06-24,999-57-7261,S99960575,X12402558X,Mr.,Darin74,Sol312,Brown30,,,D,white,hispanic,M,New Haven  Connecticut  US,467 Stroman Park Suite 65,New Milford,Connecticut,Litchfield County,9005.0,6776,41.56408109692644,-73.41742231783715,118960.76,97716.96,82989
ad6c1eb4-f0b5-04a0-e82d-7c8cb194e635,1958-08-10,,999-20-2934,S99930001,X64179827X,Mr.,Nicholas495,Oren284,Stark857,,,M,black,nonhispanic,M,Meriden  Connecticut  US,354 Hermiston Knoll Apt 85,Naugatuck,Connecticut,New Haven County,9009.0,6770,41.538276845115355,-73.03747131381654,301312.4,486324.56,100802
82c3f36e-4bd8-9bbe-af08-8d593c376d52,1958-07-07,,999-42-9092,S99962515,X29112436X,Mrs.,Arleen939,Daisy746,Baumbach677,,Larson43,M,white,nonhispanic,F,East Haven  Connecticut  US,323 Luettgen Annex Suite 80,Norwalk,Connecticut,Fairfield County,9001.0,6850,41.085469620336234,-73.46420738287452,225607.22,1444291.47,24340
f1574d16-34d8-7e6b-9bd5-b44cba54aac8,1970-04-16,,999-52-8890,S99912175,X97699715X,Mrs.,Laci507,Ericka421,Rowe323,,Ratke343,M,hawaiian,nonhispanic,F,Derby  Connecticut  US,936 Abshire Knoll,Windsor Locks,Connecticut,Hartford County,9003.0,6095,41.8806660386238,-72.6813123551736,396365.37,177792.39,59012
0a1845ad-d6fc-6e22-c09e-4da3d9199d15,1954-11-02,,999-79-8211,S99970564,X70691847X,Ms.,Kiley170,Maisie206,Casper496,,,S,white,hispanic,F,Poquonock Bridge  Connecticut  US,881 Gutmann Tunnel Apt 92,Ashford,Connecticut,Windham County,,0,41.919620654451634,-72.13856444307461,415582.25,1013002.2,133414
e3d5826d-c1f1-5dee-6f1a-e3ffc25f5396,1965-06-13,,999-50-7714,S99939904,X59481546X,Mr.,Beau391,Humberto482,Lueilwitz711,,,S,asian,nonhispanic,M,Middlebury  Connecticut  US,291 Fritsch Green Suite 77,Derby,Connecticut,New Haven County,9009.0,6418,41.37441444277203,-73.04211403733827,138763.73,136982.46,30931
a6267273-bee7-1e5e-6f4d-248ac67f18fe,1967-07-17,,999-82-5896,S99959738,X21200923X,Mr.,Pete38,August363,Kemmer137,,,M,black,nonhispanic,M,West Hartford  Connecticut  US,189 Runte Trailer,Hartford,Connecticut,Hartford County,9003.0,6110,41.73897416346124,-72.68815407702343,455527.49,0.0,72231
a00cc7a8-db17-190a-fffe-fc2ec28cd52a,1927-10-21,,999-75-8102,S99976819,X65571015X,Mr.,Irvin970,Brian582,Ratke343,,,M,black,nonhispanic,M,East Hartford  Connecticut  US,679 McKenzie Mission,Naugatuck,Connecticut,New Haven County,9009.0,6770,41.44844418924598,-73.01340134127649,160163.02,1832188.91,127800
9d1f7901-8e36-d87a-d970-9af602aaf323,1958-06-05,,999-96-2167,S99985455,X57351589X,Ms.,Donnie175,,Green467,,,S,white,nonhispanic,F,Suffield  Connecticut  US,691 Reinger Neck Unit 93,South Windsor,Connecticut,Hartford County,,0,41.83924272399385,-72.6243006473132,275292.74,1223343.25,184180
78647c52-55a2-2a69-942c-06c72f0eba9b,1950-10-05,,999-43-9826,S99963362,X16061191X,Mr.,Micheal721,Gaston250,Rohan584,,,S,white,nonhispanic,M,Bristol  Connecticut  US,811 Ziemann Quay,Monroe,Connecticut,Fairfield County,,0,41.37943193524837,-73.2270002382375,273475.56,109562.46,47099
ea0b95f7-34d1-17c5-1779-8d2b5b6a50d6,1955-11-18,,999-40-9383,S99943480,X60385667X,Mr.,Emmanuel930,Fletcher87,Ward668,,,M,white,nonhispanic,M,Winchester  Connecticut  US,566 Jones Mission,Wolcott,Connecticut,New Haven County,,0,41.63403619378283,-72.98258801051557,290148.39,909245.73,32167
fde84cea-a6d5-39e3-d6cb-13212e6c89a9,1943-04-25,,999-27-8071,S99974595,X56892729X,Ms.,Wenona350,Dorla228,Gutmann970,,,S,white,nonhispanic,F,Wilton  Connecticut  US,783 Rutherford Byway,Avon,Connecticut,Hartford County,,0,41.768537237856734,-72.88791878543545,1000542.42,995118.09,56117
955e5e24-64d9-008e-34b2-e192a4302374,1968-11-14,2016-09-03,999-32-9178,S99979682,X80859027X,Mr.,Joaquin141,Santiago500,Nitzsche158,,,M,white,nonhispanic,M,Guilford  Connecticut  US,452 Collier Bay,Wilton,Connecticut,Fairfield County,,0,41.20163406143385,-73.45445176922732,131230.04,48717.57,753796
f2e274da-373c-3b06-0a60-747457f8d62c,1958-08-22,,999-96-5389,S99914948,X17757666X,Mrs.,Emmy828,Mi492,Shanahan202,,Koss676,M,white,nonhispanic,F,New Britain  Connecticut  US,913 Kling Road,Meriden,Connecticut,New Haven County,9009.0,6451,41.57600245709079,-72.76465458262207,35014.57,1689007.74,16715
aac80572-248e-7c28-71ef-1f9872936b32,1958-07-18,,999-43-3504,S99937753,X86090358X,Mr.,Wyatt967,Dillon740,Turner526,,,M,white,nonhispanic,M,Marlborough  Connecticut  US,558 Schuppe Gateway Suite 70,East Haven,Connecticut,New Haven County,9009.0,6512,41.34325885499579,-72.82681683150943,182200.95,176278.8,68735
87faecac-37d9-08c4-92b5-c2e8eece2c16,1924-05-31,2009-04-25,999-78-1633,S99939268,X80347096X,Mrs.,Jennette837,Charlesetta336,MacGyver246,,Kihn564,M,white,nonhispanic,F,Glastonbury  Connecticut  US,609 Quitzon Bridge,Waterbury,Connecticut,New Haven County,9009.0,6710,41.57130126170842,-73.04673637816241,69933.67,2853804.35,10569
a7e6119c-85f0-1a93-79bc-49ce0ba86f8d,1966-04-28,,999-39-9576,S99927610,X47797052X,Mr.,Darell496,,Conn188,,,M,white,nonhispanic,M,West Hartford  Connecticut  US,200 DuBuque Street,Berlin,Connecticut,Hartford County,,0,41.62144423090342,-72.76676790817562,169050.69,101194.73,702321
4b69a394-91ac-9f88-d5be-03394954da5c,1947-12-19,,999-59-9284,S99996535,X64136062X,Mrs.,Shanon591,Tatyana394,Mraz590,,Daniel959,M,white,nonhispanic,F,Glastonbury  Connecticut  US,973 Daugherty Mall,Shelton,Connecticut,Fairfield County,9001.0,6484,41.31769803080878,-73.14734365648063,541354.51,363428.57,119674
75704609-6e63-319f-0d6e-09a9dcde61cf,1970-07-31,,999-64-1306,S99910032,X23321331X,Mr.,Alfredo17,Germán350,Olivera810,,,S,white,hispanic,M,Wesley  Saint Andrew Parish  DM,549 Bauch Row Apt 35,Windham,Connecticut,Windham County,,0,41.7025700562461,-72.20987224623124,265380.02,4577.58,36822
d8eaff9b-8708-7a8a-9955-763d434158a8,1947-07-09,2020-11-01,999-63-8821,S99919302,X69881039X,Mr.,Basil991,Tommie457,Nader710,,,W,white,nonhispanic,M,Bridgeport  Connecticut  US,119 Lakin Common,Avon,Connecticut,Hartford County,,0,41.73852685537959,-72.81719036826478,79433.94,673696.37,992179
7999a0ee-8c82-2180-8aa8-2fb31237e75f,1949-04-18,,999-27-4788,S99985018,X20894338X,Mr.,Ramón841,Marcos263,Hernández971,,,S,white,hispanic,M,Tegucigalpa  Francisco Morazán  HN,163 Runolfsson Crossing Unit 43,Meriden,Connecticut,New Haven County,9009.0,6451,41.575521938905375,-72.79445844146386,353016.98,371094.94,100043
69a5a12a-0497-5c67-4eb5-8f19c457c4e9,1945-03-21,,999-91-5874,S99976541,X62908570X,Mrs.,Merlene950,,Bednar518,,Kessler503,M,white,nonhispanic,F,New Haven  Connecticut  US,105 Baumbach Track Unit 17,Southbury,Connecticut,New Haven County,,0,41.51292365727249,-73.19058466514635,415933.94,1483830.16,312907
3bc44bf1-e736-6cdf-b17a-1fb82a2d7457,1947-07-09,,999-26-1747,S99996417,X31802673X,Mr.,Lowell343,Elwood28,Flatley871,,,M,white,nonhispanic,M,North Haven  Connecticut  US,191 Schaefer Lock,Avon,Connecticut,Hartford County,,0,41.74736173489923,-72.84449995107093,127831.83,292506.06,992179
dce130d5-eab3-1989-95ab-e09bff216a0c,1959-08-10,,999-10-4657,S99990403,X59808873X,Ms.,Janean397,,Franecki195,,,S,white,nonhispanic,F,Bethel  Connecticut  US,200 Deckow Heights Apt 49,Guilford,Connecticut,New Haven County,,0,41.29201896242946,-72.73623630741312,33260.25,1709715.83,5513
a775b84e-f3d2-1bbb-b920-df0071acb7ff,1950-01-15,2009-05-01,999-10-3580,S99966852,X70903310X,Mr.,Eddie505,Arlen68,Kiehn525,,,M,white,nonhispanic,M,West Haven  Connecticut  US,466 Collins Heights,Ansonia,Connecticut,New Haven County,9009.0,6418,41.336277161187326,-73.02802135140064,499005.24,95012.73,96451
d3bce90c-33e4-0cac-ac4b-10313436b98c,1948-12-13,,999-47-1505,S99985260,X65132862X,Mrs.,Elfrieda676,Marcy588,Romaguera67,,Lind531,W,white,nonhispanic,F,Voluntown  Connecticut  US,337 Haag Brook,Bridgeport,Connecticut,Fairfield County,9001.0,6608,41.29294293819792,-73.18258421054763,1230071.15,735157.14,56722
0d0c03e3-8c3b-8fe5-2e2b-43d68c49409c,1950-01-15,,999-49-7573,S99932170,X72251680X,Mr.,Bruce167,Cordell41,Kutch271,,,W,white,nonhispanic,M,Torrington  Connecticut  US,786 Kuvalis Ferry Suite 56,Ansonia,Connecticut,New Haven County,9009.0,6418,41.34447712139332,-73.12074565954624,234799.2,101802.05,96451
0b4b62a3-dd0c-b3c3-f025-f7c2b9955b80,1962-05-16,,999-63-4437,S99968317,X10536752X,Mr.,Ricardo560,Davis923,Kshlerin58,,,M,white,nonhispanic,M,Bethel  Connecticut  US,232 Barton Port Suite 97,Torrington,Connecticut,Litchfield County,9005.0,6790,41.73053349010963,-73.22548516304192,130505.06,1852072.19,13418
b393ea8f-ea10-69a1-b9a8-f2a56754f7b0,1966-12-30,,999-63-7670,S99916504,X51362904X,Mr.,Napoleon578,Rickey821,Boyle917,,,M,white,nonhispanic,M,Hartford  Connecticut  US,1079 Schulist Parade,Hamden,Connecticut,New Haven County,,0,41.37256741780891,-72.88427918813335,19454.09,342335.28,16305
52ba747a-02a5-fd14-82b8-326ec10094ab,1941-11-10,,999-21-9470,S99966347,X32829581X,Mr.,Desmond566,Dennis979,Brakus656,,,M,white,nonhispanic,M,Avon  Connecticut  US,929 Williamson Orchard Suite 98,Wallingford,Connecticut,New Haven County,,0,41.47321674667789,-72.80901709079765,611431.85,655020.41,97440
b121b627-fe6d-7a3b-1c8c-96b48cb61487,1954-10-23,,999-98-1829,S99994447,X92747325X,Mrs.,Thanh759,Elene949,Hudson301,,Bauch723,D,asian,nonhispanic,F,Ho Chi Minh City  Gia Định  VN,851 Wiegand Club Unit 92,Stratford,Connecticut,Fairfield County,9001.0,6611,41.237978519307774,-73.2404353307162,1073423.9,558560.56,64783
b258601e-56b0-a54e-59e6-0da8f011f1c0,1960-07-28,,999-90-8206,S99985726,X44450645X,Mr.,Neil122,Claude750,Towne435,,,M,white,nonhispanic,M,East Haven  Connecticut  US,221 Eichmann Parade Suite 76,Bristol,Connecticut,Hartford County,9003.0,6013,41.64360567635577,-72.89915448936269,179230.46,94325.08,147076
4f31bb82-fa12-91cb-eaf2-774a68badc1e,1942-01-07,2024-09-23,999-94-5469,S99913742,X98276672X,Mrs.,Dorotea472,Rosalia943,Alfaro627,,Apodaca347,M,black,nonhispanic,F,Santiago  Santiago Province  CL,189 Kuhlman Parade,Guilford,Connecticut,New Haven County,,0,41.32993886018371,-72.66988970267637,1396183.78,934919.64,49275
aae1f766-8158-33ca-3e1d-7a43eba70d9f,1941-11-28,2016-07-19,999-34-5633,S99922213,X03421047X,Mr.,Gene733,Guillermo498,Hahn503,,,S,white,nonhispanic,M,Madison  Connecticut  US,726 Glover Village Suite 39,Montville,Connecticut,New London County,,0,41.47298187773933,-72.13887924846068,1043070.01,515468.83,38931
0c09670c-77c6-9a0a-982b-f74c91612ea0,1964-06-13,,999-12-7578,S99910523,X34983285X,Mrs.,Catarina933,Merry217,Crooks415,,Muller251,M,white,nonhispanic,F,New Haven  Connecticut  US,392 Purdy Station Unit 74,New Britain,Connecticut,Hartford County,9003.0,6053,41.65493560845064,-72.85097592877601,705868.96,176778.83,60777
6263ef3d-74fc-6022-e120-a61708f82d74,1962-12-11,,999-38-5466,S99923551,X52343970X,Mr.,Noe500,Delmer311,Morissette863,,,D,white,nonhispanic,M,Brookfield  Connecticut  US,233 Stanton Esplanade Suite 59,Newington,Connecticut,Hartford County,9003.0,6111,41.67776310650269,-72.6817810625984,286544.26,0.0,51698
644c0f99-3f5a-1218-885d-4edb1306761e,1930-09-13,,999-92-3187,S99912740,X18208337X,Mr.,Gabriel934,Enrique929,Zúñiga630,,,M,white,hispanic,M,Ponce  Puerto Rico  PR,769 Terry Drive Apt 92,Hartford,Connecticut,Hartford County,9003.0,6095,41.78159515440727,-72.69239547786816,119661.04,1793445.36,12688
b802a03f-cedc-3cc7-c2c3-4e79c1315a16,1958-03-23,,999-29-5735,S99959104,X39798526X,Mr.,Tommy814,Donn979,Rodriguez71,,,S,white,nonhispanic,M,Weston  Connecticut  US,228 Hoeger Union Unit 26,Essex Village,Connecticut,Middlesex County,,0,41.34442960424856,-72.37501077947496,159549.92,197729.92,316817
ca1c7e1b-6577-d656-4d63-ce2e1492feae,1959-04-23,,999-84-6042,S99972686,X34291519X,Mrs.,Nathalie366,Aiko748,Kub800,,Lakin515,D,white,hispanic,F,Bantam  Connecticut  US,837 Vandervort Village Unit 7,New Britain,Connecticut,Hartford County,9003.0,6052,41.69680607620318,-72.81190860234632,748473.6,108238.56,75754
0b009aac-38f7-981a-a558-866a837c9dee,1919-07-13,2000-02-09,999-36-4373,S99982009,X60995103X,Mr.,Cedric746,Kurtis994,Bergstrom287,MD,,M,white,nonhispanic,M,Norwalk  Connecticut  US,162 Windler Mall,Farmington,Connecticut,Hartford County,,0,41.681144980571055,-72.88541293943389,156285.14,450555.98,170093
3e0e2630-5eb2-d3b6-20e1-644882315795,1934-01-29,2014-12-26,999-23-8614,S99996445,X68558220X,Mr.,Kip442,Basil991,Marks830,,,S,white,nonhispanic,M,West Haven  Connecticut  US,127 Beier Parade,Windsor Locks,Connecticut,Hartford County,9003.0,6096,41.87500615297244,-72.71120911004266,54838.38,1119465.86,19269
1542b484-b0ba-405a-a9a9-54ce4b10738d,1973-04-29,,999-47-6111,S99938698,X24394386X,Mrs.,Marcela739,,Montoya249,,Gil594,M,white,hispanic,F,Lima  Lima Province  PE,819 Hayes Common,Shelton,Connecticut,Fairfield County,9001.0,6484,41.34568007129596,-73.09153899816856,1106773.56,624437.18,65802
e6f3ac91-b0fa-cfdc-76a7-f4c5157e74b8,1919-07-13,1986-03-12,999-89-5964,S99983290,X07528097X,Mr.,Reyes140,Damian46,Ratke343,JD,,D,white,nonhispanic,M,Manchester  Connecticut  US,178 Ferry Port,Farmington,Connecticut,Hartford County,,0,41.7336954716895,-72.87492955914686,246945.14,164745.93,170093
0d9079e9-2430-655b-27f3-76750ed73c83,1925-07-25,,999-66-5654,S99943819,X94316967X,Mr.,Neal874,,Strosin214,,,M,hawaiian,nonhispanic,M,East Haven  Connecticut  US,677 Reinger Ferry Suite 84,Bristol,Connecticut,Hartford County,9003.0,6013,41.7227490324055,-72.90674043280494,158527.01,1747072.16,99305
8851250f-cbee-d869-4acc-7987614dd293,1934-01-29,2017-11-28,999-70-7766,S99964893,X54524508X,Mr.,Virgilio529,Wm806,Cremin516,,,M,white,nonhispanic,M,Greenwich  Connecticut  US,685 Schumm Corner,Windsor Locks,Connecticut,Hartford County,9003.0,6096,41.85328794692754,-72.69935226377022,18409.34,1228146.61,19269
3e502f19-7417-40bd-f59a-93048e82b916,1983-11-16,,999-69-8777,S99952591,X29793101X,Mr.,Patricio639,Andrés117,Zepeda235,,,M,white,hispanic,M,Gaudalajara  Jalisco  MX,728 Rutherford Brook,Bethany,Connecticut,New Haven County,,0,41.43547361303496,-73.03380541697172,60523.54,84531.46,472442
807806ff-4919-e6e0-c891-280fb6e0a712,1923-07-10,1996-10-22,999-59-4078,S99940887,X02067071X,Mr.,Dana512,,Schulist381,,,S,white,nonhispanic,M,Cheshire  Connecticut  US,951 Bode Club,Rocky Hill,Connecticut,Hartford County,,0,41.61712389853805,-72.67480972670853,39565.34,763445.27,13147
c4044c5b-f28d-9009-a29b-06bee70cfe9b,1919-07-13,1988-12-18,999-42-8200,S99986668,X25085209X,Mr.,Deangelo7,,Schulist381,PhD,,S,white,nonhispanic,M,Manchester  Connecticut  US,976 Mann Passage Suite 18,Farmington,Connecticut,Hartford County,,0,41.72154355395712,-72.82745458052277,185390.64,409537.62,170093
4994699d-50cd-ee8d-6486-d3c69828866b,1947-03-19,,999-99-6135,S99994638,X09786017X,Mr.,Leslie90,Claude750,Balistreri607,,,S,white,nonhispanic,M,Oakville  Connecticut  US,534 Bechtelar Glen,Hartford,Connecticut,Hartford County,9003.0,6103,41.742427814480486,-72.78085941829274,21938.74,566827.63,11903
896f2e58-94cc-878f-6f91-85d6851be30d,1934-09-28,,999-69-5977,S99930277,X87509629X,Mr.,Darrel772,,Fadel536,,,M,white,nonhispanic,M,Greenwich  Connecticut  US,650 O'Hara Parade Unit 41,Hartford,Connecticut,Hartford County,9003.0,6095,41.70057752191077,-72.69046909007633,313070.14,1449767.52,5556
935adf50-f06c-9c9c-0c35-38e884c17116,1923-07-10,,999-95-2665,S99965587,X59252439X,Mr.,Keneth579,Norman647,Beer512,,,M,white,nonhispanic,M,Meriden  Connecticut  US,631 Bauch Camp Suite 15,Rocky Hill,Connecticut,Hartford County,,0,41.63819160624812,-72.61443384336113,230630.04,4532069.3,13147
dfa77ed6-e27b-e461-ece3-cb4b7143e713,1968-03-27,,999-18-2840,S99918469,X94407741X,Mr.,Joel444,Carson894,Mertz280,,,S,white,nonhispanic,M,Southington  Connecticut  US,988 Roob Walk,Stratford,Connecticut,Fairfield County,9001.0,6614,41.254387611924926,-73.12506526061657,10043.89,222348.41,21660
92987096-ce30-9bd3-6109-89f7f82dfbd1,1946-04-01,,999-86-8473,S99931807,X09915494X,Mr.,Simon598,Colton403,Altenwerth646,,,M,white,nonhispanic,M,Norwalk  Connecticut  US,560 Jaskolski Glen,Brookfield,Connecticut,Fairfield County,,0,41.48577588998911,-73.37100258377875,248539.49,132567.91,95251
216dff76-8461-8cb6-6fec-70f3b23a0dae,1949-05-28,2026-06-14,999-36-4358,S99956892,X78473073X,Mr.,Carroll471,,Armstrong51,,,D,white,nonhispanic,M,Waterbury  Connecticut  US,423 Marks Camp Suite 63,Middletown,Connecticut,Middlesex County,9007.0,6457,41.59638466171176,-72.68979197545535,205746.03,232554.19,183192
0f81015e-ddeb-f808-bdf8-1368a471a509,1960-08-17,2019-05-23,999-20-6818,S99971485,X48341021X,Mr.,Eugenio846,Dallas143,Jacobi462,,,D,white,nonhispanic,M,Seymour  Connecticut  US,561 Rowe Corner Suite 8,Stamford,Connecticut,Fairfield County,9001.0,6905,41.12706397941099,-73.58323256774494,153973.99,144321.74,84783
7d28875e-04c1-52ed-54a9-9bb99624eb4a,1969-01-08,,999-30-4416,S99946998,X36281411X,Mr.,Jay242,Tad831,Kerluke267,,,M,white,nonhispanic,M,North Haven  Connecticut  US,227 Gottlieb Knoll,Westport,Connecticut,Fairfield County,9001.0,6880,41.14374885823624,-73.34409231100614,219099.35,144342.59,92518
8bcc68b8-9634-e885-e3ff-eef59c200a1a,1948-05-02,,999-78-5829,S99947714,X04139595X,Mr.,Emery884,Gayle448,Skiles927,,,D,white,nonhispanic,M,Bridgeport  Connecticut  US,373 Gislason Common,East Haven,Connecticut,New Haven County,9009.0,6513,41.35109018123893,-72.85449674304732,241720.6,294906.74,39708
17c8cd6c-6949-5e5b-85d2-dc41feb67216,1952-03-21,,999-62-9338,S99956793,X83700127X,Mrs.,Michal596,Alyssa971,Mraz590,,Marvin195,M,white,nonhispanic,F,New Haven  Connecticut  US,534 Hickle Arcade Unit 42,Danielson,Connecticut,Windham County,9015.0,6241,41.83223313071691,-71.84573568540232,694128.4,186054.55,65600
ec984b64-6087-be83-0f9b-826e3f33b8c0,1921-03-24,1992-10-13,999-19-4464,S99999283,X85895938X,Mr.,José María211,Germán350,Rodríquez611,,,M,white,hispanic,M,Santiago  Santiago Province  CL,665 Donnelly Orchard,Stamford,Connecticut,Fairfield County,9001.0,6905,41.05272173587399,-73.57823829579739,205231.84,83861.28,130044
f8c4082f-5a47-7636-82d2-31f7584dcfeb,1944-07-23,,999-60-2023,S99911945,X02612398X,Mrs.,Velvet616,Elli820,Streich926,,Little434,M,white,nonhispanic,F,Madison Center  Connecticut  US,697 Leffler Way,Enfield,Connecticut,Hartford County,,0,41.954520921580865,-72.57851900286995,1179850.77,1735255.39,73276
4914778f-2af5-e9c6-675a-9349bcd974d1,1971-07-10,,999-72-8301,S99910706,X27989748X,Mr.,Eldon28,,Botsford977,,,D,black,nonhispanic,M,Groton  Connecticut  US,551 O'Keefe Quay,Norwalk,Connecticut,Fairfield County,9001.0,6853,41.087463075190776,-73.46296557103805,23536.23,655525.35,1691
344101f4-ff5c-e708-2dbf-090db4b063cd,1921-03-24,2005-12-28,999-70-9878,S99921772,X88081109X,Mr.,Joaquín233,,Dávila115,,,M,white,hispanic,M,Roseau  Saint George  DM,1086 Waelchi Bypass,Stamford,Connecticut,Fairfield County,9001.0,6901,41.052681503098086,-73.523056775661,238523.69,833861.39,130044
58462f6b-e2a7-ee74-5586-03177451484b,1957-10-08,,999-81-6564,S99951254,X26678954X,Mr.,Thanh759,Mitch821,Borer986,,,M,white,nonhispanic,M,Danbury  Connecticut  US,928 Lowe Promenade Unit 25,Old Mystic,Connecticut,New London County,9011.0,6372,41.37545204122668,-71.96012046242281,191144.0,110465.36,119670
602d4da4-a177-9e1c-026b-baf0429e5938,1956-12-28,,999-97-3356,S99996157,X92313861X,Mrs.,Marla843,,Conroy74,,Russel238,W,white,nonhispanic,F,Hamden  Connecticut  US,440 Abbott Byway,Guilford,Connecticut,New Haven County,,0,41.29074375084712,-72.67880562924897,261491.18,1131087.55,169405
e2938f5e-2fd2-1fca-a5fc-84f9f6930650,1947-05-07,,999-76-7077,S99941553,X22828509X,Mr.,Cortez851,Milton509,Runolfsson901,,,M,black,nonhispanic,M,Bristol  Connecticut  US,543 Feeney Dam,Stamford,Connecticut,Fairfield County,9001.0,6907,41.03253173058231,-73.5499867060941,33715.42,1269705.91,21883
1135afcc-5534-4bcf-8d28-949eda1cc6df,1970-05-20,2023-12-09,999-18-5974,S99957805,X37549250X,Mrs.,Kayleen757,Chantal971,Dietrich576,,Pouros728,M,white,nonhispanic,F,Waterbury  Connecticut  US,521 Bosco Estate,Thompsonville,Connecticut,Hartford County,,0,42.003607899028346,-72.60836393494426,485086.02,373108.13,47916
be6e6440-5ccd-f1c1-d3e0-99de6d132314,1917-06-14,,999-60-1454,S99935173,X58110356X,Mr.,Emerson869,Weston546,Halvorson124,,,M,white,nonhispanic,M,Bethany  Connecticut  US,1030 Kovacek Quay,Wolcott,Connecticut,New Haven County,,0,41.56061801848273,-72.92482795100238,301435.1,388683.33,95188
95d46580-52dd-531b-5e97-7a9c69c144a6,1931-03-02,2008-03-15,999-28-1602,S99992395,X16925982X,Mr.,George991,Moses679,Lakin515,,,S,black,nonhispanic,M,Waterbury  Connecticut  US,283 Langosh Union Suite 82,Hartford,Connecticut,Hartford County,9003.0,6110,41.79038985603734,-72.672849923149,952307.09,3829998.45,30682
d3715ecd-9569-1040-2813-d02af2168863,1922-07-03,2016-06-11,999-20-8522,S99918416,X13809196X,Mr.,Cole117,Rolf983,Feil794,,,M,white,nonhispanic,M,Naugatuck  Connecticut  US,467 Nader Fort,Stamford,Connecticut,Fairfield County,9001.0,6903,41.1785565197132,-73.59820408200349,335507.44,202981.02,68123
1ada32cc-5fec-6333-8e1f-7ed50ec363e8,1925-04-22,,999-90-4610,S99990934,X62510106X,Mrs.,Twyla619,Etha376,Spencer878,,McGlynn426,M,white,hispanic,F,Danbury  Connecticut  US,294 Kris Lodge Unit 65,North Haven,Connecticut,New Haven County,9009.0,6473,41.40136207867814,-72.82562560483967,375077.19,1813296.8,977547
43c05a5d-e6b6-bcf4-a29f-59fc0b4d0642,1959-01-17,,999-58-4059,S99938153,X45854217X,Mr.,Judson999,Levi940,Lind531,,,D,black,nonhispanic,M,Plainville  Connecticut  US,362 Bergstrom Gardens Apt 28,Danbury,Connecticut,Fairfield County,9001.0,6810,41.49383467660459,-73.42411636292067,13021.45,319825.6,12511
22e8a807-5128-01a6-0c80-6381aa982750,1959-10-11,2025-06-15,999-16-8190,S99990748,X02408317X,Mrs.,Marian936,Bell723,Nienow652,,Kub800,M,white,nonhispanic,F,East Haven  Connecticut  US,321 O'Connell Lodge Suite 47,Manchester,Connecticut,Hartford County,9003.0,6042,41.77782978513259,-72.47734576587955,109225.14,377005.66,24589
9b0b0ba8-f2ba-8772-3bf8-e40593033c1c,1937-08-22,2004-11-09,999-64-4480,S99987359,X18093437X,Mr.,Donald774,Stanley702,Bartoletti50,,,M,white,nonhispanic,M,Hartford  Connecticut  US,486 Howell Key,Ledyard,Connecticut,New London County,,0,41.438861066822234,-72.05756685176121,290648.38,76690.07,50918
57633900-a046-46b3-8950-8d94f3932bcf,1954-08-25,,999-27-3456,S99991868,X46529574X,Mr.,Darryl392,Rayford811,Stark857,,,D,white,nonhispanic,M,Barkhamsted  Connecticut  US,712 Stoltenberg Flat Suite 89,Essex,Connecticut,Middlesex County,9007.0,6409,41.321856595210825,-72.4331420713908,302681.73,289075.93,124184
bb0c7c65-15c2-1b16-dccf-91017c1af6bd,1947-01-06,2009-11-08,999-37-5360,S99932884,X76358345X,Mrs.,Cristina921,Sofia418,Velázquez409,,Gálvez271,M,white,hispanic,F,Wesley  Saint Andrew Parish  DM,624 McLaughlin Ramp Suite 96,Branford,Connecticut,New Haven County,,0,41.27808791442735,-72.74723844292002,411793.37,311093.75,107356
af6ec008-003f-4f1e-9a20-d5f064f5633b,1964-12-17,,999-24-4299,S99936598,X26037314X,Mr.,Carlton317,Bertram873,Sporer811,,,M,white,hispanic,M,Norwalk  Connecticut  US,671 Mills Mews Suite 43,Glastonbury,Connecticut,Hartford County,,0,41.649805232407225,-72.57673100020607,314796.23,0.0,86059
0ae3f2f7-0a3a-15a7-2dc3-000f7faa714b,1947-01-06,,999-38-1575,S99983900,X55894803X,Mrs.,Olivia294,,Cordero852,,Mata817,D,white,hispanic,F,Havana  Havana  CU,851 Gulgowski Club Apt 33,Branford,Connecticut,New Haven County,,0,41.24033424234189,-72.79463021918856,1045421.6,790227.23,107356
c81be677-526f-5d2d-780d-7581ebae6d3d,1928-11-18,2013-11-13,999-94-1573,S99984725,X14696796X,Mr.,Ty725,Trent525,Murphy561,,,M,white,hispanic,M,Old Greenwich  Connecticut  US,440 VonRueden Avenue,East Haven,Connecticut,New Haven County,9009.0,6513,41.275597753606384,-72.85272944876911,1729751.72,1388470.52,114180
45d1fb68-d4e5-1151-45fa-769971a9c3cb,1952-03-27,2021-10-21,999-49-7702,S99955204,X00189558X,Mrs.,Catherina275,Dena356,Howell947,,Walsh511,M,white,hispanic,F,Bristol  Connecticut  US,322 Kihn Village Apt 20,Southington,Connecticut,Hartford County,,0,41.5657985767579,-72.86772773404334,403881.14,1811577.31,122544
57109ec2-5949-7edd-63e8-41867816f324,1961-01-19,2011-12-23,999-45-6725,S99926452,X86914282X,Mr.,Ethan766,,Daugherty69,,,M,white,nonhispanic,M,East Hartford  Connecticut  US,883 Turner Vale,Naugatuck,Connecticut,New Haven County,9009.0,6770,41.47034132854633,-73.01027719794075,8868.56,184012.8,4218
55b9ae8b-a466-0c65-46ad-23d3981ace60,1961-01-19,,999-93-8850,S99987915,X93619080X,Mr.,Korey682,,Will178,,,M,white,nonhispanic,M,Bristol  Connecticut  US,600 Dibbert Mews,Naugatuck,Connecticut,New Haven County,9009.0,6770,41.461310152381344,-73.09288698766981,12618.84,275160.1,4218
bbc94e4f-5a68-1a2a-654b-d4401b49abd8,1952-03-27,,999-74-6908,S99972606,X51863505X,Ms.,Tomeka87,Brandy18,Block661,,,S,white,hispanic,F,East Windsor  Connecticut  US,906 D'Amore Branch Unit 38,Southington,Connecticut,Hartford County,,0,41.63220745247092,-72.84644621271678,441748.07,1375053.92,122544
3fe9e703-b309-eac6-5376-a1b2d668da6d,1948-04-04,,999-85-7773,S99928085,X80983236X,Mrs.,Karl184,Malisa137,Kulas532,,Herman763,M,black,hispanic,F,New Britain  Connecticut  US,903 Runolfsson Parade,Southbury,Connecticut,New Haven County,,0,41.47699950971424,-73.24983783450757,902288.3,588353.0,71031
eaf510a6-c437-e1a8-6dbb-40464c826f37,1931-12-09,,999-85-3796,S99930936,X50488502X,Mrs.,Juana825,,Muñoz828,,Valadez233,M,white,hispanic,F,La Paz  Baja California  MX,976 McDermott Gate,Vernon,Connecticut,Tolland County,,0,41.87164280008596,-72.49160571393077,46964.74,1892236.57,1212
20308c79-b2b4-60f9-ae8e-4ccd57a6048c,1920-07-18,2001-07-04,999-13-1825,S99965074,X78702981X,Mrs.,Angelic427,Jackqueline794,Reichert620,,Funk324,D,white,nonhispanic,F,Bridgeport  Connecticut  US,1059 Kihn Bypass,Hartford,Connecticut,Hartford County,9003.0,6160,41.86015696458661,-72.722368279989,34659.9,1129997.79,16690
bd872ef6-6bf4-6c4e-69aa-8f1768830379,1954-02-07,,999-14-6732,S99984163,X46608847X,Mr.,Odis959,Ricardo560,Legros616,,,S,black,nonhispanic,M,New Haven  Connecticut  US,399 Predovic Pathway Apt 42,Windsor Locks,Connecticut,Hartford County,9003.0,6096,41.90082742028205,-72.67449309427433,189212.95,310022.85,182547
4fa43b24-5d8e-383b-9848-148ba1a57745,1954-03-15,,999-97-3290,S99920503,X29840652X,Mr.,Edmundo94,Arnulfo253,Metz686,,,M,white,hispanic,M,Enfield  Connecticut  US,327 Kutch Lodge Unit 53,Farmington,Connecticut,Hartford County,,0,41.7430582698185,-72.84212202038374,246953.03,195921.85,57014
dc514c0e-31d5-e27a-903d-cd919fd89427,1952-01-24,,999-80-5227,S99966321,X72457152X,Mr.,Arturo47,Tory770,Cremin516,,,M,white,nonhispanic,M,Stamford  Connecticut  US,799 Kuhic Lodge Apt 59,Hebron,Connecticut,Tolland County,,0,41.691012582402216,-72.42651320224535,262945.24,447862.75,514341
8043bc36-9329-db72-368f-dbfcf839d514,1929-11-13,,999-93-3531,S99936296,X80692393X,Mrs.,Lenore883,Dovie983,Kemmer137,,Schuster709,M,other,nonhispanic,F,Al-Mubarraz  Eastern Province  SA,901 Becker Esplanade,Hebron,Connecticut,Tolland County,,0,41.614394870041494,-72.42934538110677,1150885.02,402040.22,64646
14e085ff-ccf4-6cb3-3db2-b4104967e1f9,1951-08-24,,999-29-4409,S99995334,X34832835X,Ms.,Willie882,Tillie335,Gaylord332,,,S,white,nonhispanic,F,Bridgeport  Connecticut  US,269 Mertz Skyway Unit 41,Bethlehem,Connecticut,Litchfield County,9005.0,6751,41.606572556824695,-73.25672871057604,443044.73,244635.74,105677
5df5f0ed-60e1-8d0f-9379-ace38febbf23,1918-11-30,2006-01-17,999-71-9182,S99998663,X34036130X,Mr.,Donovan745,Mac103,Harber290,,,M,white,nonhispanic,M,Redding  Connecticut  US,477 Brown Passage,Mansfield,Connecticut,Tolland County,,0,41.823045578474726,-72.17948808407034,223528.87,1082894.19,88204
74e6a3cb-997e-542b-9840-1ad90130bd1f,1965-06-24,,999-20-5384,S99918505,X37723152X,Mr.,Sheldon401,Carlos172,Champlin946,,,W,white,nonhispanic,M,Westport  Connecticut  US,589 Hagenes Rest Suite 24,Chaplin,Connecticut,Windham County,,0,41.770476069976205,-72.0869588209629,103724.63,139295.28,76502
e605f948-9df0-1120-b7c5-7f2c8f7bdc34,1953-08-28,,999-38-4915,S99956820,X92879871X,Mrs.,Rocio28,Lorena247,Salcido465,,Quiroz936,M,white,hispanic,F,Marigot  Saint Andrew Parish  DM,504 Bosco Harbor Apt 20,Norwich,Connecticut,New London County,9011.0,6389,41.577204457206186,-72.06735954579774,478639.87,1153659.6,134650
c93612f7-95ba-ba7a-1578-55600e734d45,1959-10-16,,999-13-2556,S99955773,X88134655X,Mr.,Randolph418,,Corkery305,,,D,white,nonhispanic,M,North Haven  Connecticut  US,951 McKenzie Gardens,Berlin,Connecticut,Hartford County,,0,41.60839440533315,-72.76345513229836,169415.27,173626.68,50758
3855869e-be01-bc52-a48c-0dd51c5b766c,1957-04-06,,999-43-8573,S99975767,X28773047X,Mr.,Demarcus108,Lou594,Glover433,,,D,asian,nonhispanic,M,Montville  Connecticut  US,914 Lueilwitz Row Apt 19,Waterbury,Connecticut,New Haven County,9009.0,6708,41.59658958486799,-73.00595523201719,161061.17,128932.46,33979
69db1ac5-fcb3-cd77-6176-0a91339a8ecf,1918-11-30,2003-05-06,999-44-9555,S99970816,X11479348X,Mr.,Robbie31,Damion480,Romaguera67,,,S,white,nonhispanic,M,Plainville  Connecticut  US,509 Ankunding Ramp Unit 48,Mansfield,Connecticut,Tolland County,,0,41.78582107914129,-72.24017301031203,430497.22,2190359.31,88204
5e756ea9-0ed5-a9ae-d07d-54d228e21051,1946-09-28,,999-32-7866,S99942158,X27095788X,Mrs.,Lang846,,Bosco882,,Rosenbaum794,M,white,nonhispanic,F,Hartford  Connecticut  US,170 Hartmann Rest Suite 75,Putnam,Connecticut,Windham County,9015.0,6260,41.975830988622384,-71.79989513931939,23257.79,1474565.77,21818
8385ac1d-61bf-6d91-ec50-bb13eb75c9bd,1953-08-01,,999-53-3433,S99981073,X26462015X,Mr.,Mason910,Devin82,Jacobson885,,,S,white,nonhispanic,M,Shelton  Connecticut  US,588 Stehr Viaduct Suite 99,East Granby,Connecticut,Hartford County,,0,41.88232687346644,-72.75041692034617,189268.25,220341.43,147725
67462eac-700f-15ba-230f-38c2569b98ab,1964-04-30,,999-27-4183,S99952804,X08110153X,Mrs.,Latarsha812,Antonette454,Bechtelar572,,Keebler762,M,black,nonhispanic,F,Colchester  Connecticut  US,627 Bins Estate Suite 84,Bridgeport,Connecticut,Fairfield County,9001.0,6604,41.16759151179342,-73.23286328591962,1211554.7,230911.97,111849
a3d05519-3493-b13d-5db9-e041c9947cb3,1937-12-18,,999-45-8545,S99926161,X28577937X,Mr.,Sergio619,Patricio639,Miramontes145,,,D,white,hispanic,M,Kingston  Kingston  JM,703 Boyer Parade,Trumbull,Connecticut,Fairfield County,9001.0,6611,41.28784404727638,-73.25244016682905,226115.08,507091.67,34848
d8e1cce2-4423-057b-27d0-d76b197b90ff,1948-10-08,,999-92-7230,S99930102,X17921103X,Mrs.,Clarence5,Hwa978,Greenholt190,,Brekke496,M,black,nonhispanic,F,Stamford  Connecticut  US,347 Sipes Mall,West Hartford,Connecticut,Hartford County,9003.0,6105,41.7391178390575,-72.77556503327486,242711.51,1032452.51,33973
316ad2e0-bf3b-fbd2-df40-2ca7cf2a5602,1966-05-04,,999-17-4399,S99965750,X38867806X,Ms.,Geneva168,,Welch179,,,S,white,nonhispanic,F,West Haven  Connecticut  US,355 Bartell Ramp,Danbury,Connecticut,Fairfield County,9001.0,6811,41.40420449857795,-73.49164320330519,1346176.88,597810.69,55135
df130b5f-09be-9554-857c-1867bb1f6ac1,1964-09-15,,999-45-5821,S99964036,X36397629X,Mr.,Jed345,Jonathon205,Collier206,,,M,white,nonhispanic,M,Rockville  Connecticut  US,257 Kshlerin Frontage road Apt 65,Hamden,Connecticut,New Haven County,,0,41.4211218760958,-72.89843351674604,665523.37,557631.32,68345
0d123b27-1b26-2c5a-3ed5-1234a0486e08,1916-04-16,,999-43-5668,S99914477,X78611778X,Mr.,Donnie175,,Bergstrom287,,,M,black,nonhispanic,M,Berlin  Connecticut  US,920 Ebert Fort Suite 68,Wallingford,Connecticut,New Haven County,,0,41.477119901228335,-72.75485323613664,324604.3,1367027.14,146516
357b1f09-8ef7-8091-b36c-c8d1a956c9ee,1917-07-13,1989-09-26,999-65-2113,S99936857,X11535794X,Mr.,Jerónimo599,Clemente531,Saldivar860,,,D,white,hispanic,M,Buenos Aires  Ciudad de Buenos Aires  AR,464 Hermann Dale,Stamford,Connecticut,Fairfield County,9001.0,6903,41.02550805113516,-73.57463609994902,276092.17,3698716.66,71243
c714715e-cc3e-3bbe-6d2a-c12e8cc426a2,1918-11-30,2001-09-21,999-39-6928,S99971659,X28065571X,Mr.,Blake449,,Koch169,,,W,white,nonhispanic,M,Stamford  Connecticut  US,768 Satterfield Crossing,Mansfield,Connecticut,Tolland County,,0,41.79959877467715,-72.22383242139144,296976.71,505969.56,88204
375cd3f7-adf8-2f91-a277-7031ce03c41a,1939-05-28,2025-09-04,999-87-6745,S99996895,X51798746X,Mrs.,Kristian973,Cristina921,Larkin917,,Carter549,M,asian,nonhispanic,F,Seoul  Seoul  KR,1016 Fritsch Well,Riverside,Connecticut,Fairfield County,9001.0,6878,41.06799891856524,-73.62161306095982,1505334.89,1253267.53,102236
869cd69d-bf66-0e3d-55f2-913ed12f63ba,1940-03-04,2026-08-03,999-21-4570,S99995926,X56241285X,Mr.,Abdul218,Marcellus830,Hahn503,,,W,asian,nonhispanic,M,Stamford  Connecticut  US,813 Hamill Mill,Coventry,Connecticut,Tolland County,,0,41.73719270873506,-72.30664365685546,146385.42,363941.61,114963
505df998-812f-8d28-24ef-e2644700348a,1953-01-29,,999-20-7593,S99980445,X40874916X,Mr.,Arturo47,Luis Miguel102,Elizondo706,PhD,,D,black,hispanic,M,San Juan  Puerto Rico  PR,218 Moen Passage Suite 88,Glastonbury,Connecticut,Hartford County,,0,41.6907406501994,-72.52996469912425,125399.94,636451.1,69712
aa6202ae-eb34-f457-6687-037943ed13bd,1934-07-31,2015-03-28,999-21-9896,S99948078,X60770561X,Mrs.,Shani239,Dorla228,Hoppe518,,Herzog843,M,white,nonhispanic,F,New Haven  Connecticut  US,1025 Ritchie Common,Bethel,Connecticut,Fairfield County,9001.0,6801,41.351358405266,-73.473199264128,1025255.63,555479.48,63006
78e55d7d-7956-8f98-98ff-aee1b76fe040,1939-05-28,,999-53-6955,S99936522,X74841250X,Ms.,Allyn942,Cecille691,Langworth352,,,S,asian,nonhispanic,F,Incheon  Incheon  KR,1093 Schmidt Rest,Riverside,Connecticut,Fairfield County,9001.0,6878,41.015285495180464,-73.61111036762243,756742.1,856900.9,102236
9bf0fe5c-05fc-c4fb-39ec-01dcb27ff4e3,1957-02-22,,999-36-6714,S99963337,X93431910X,Mr.,Marcus77,,Hagenes547,,,M,black,nonhispanic,M,Collinsville  Connecticut  US,313 Schultz Crossing Suite 95,West Haven,Connecticut,New Haven County,9009.0,6516,41.25152514280112,-72.95039145503387,222821.04,180684.59,36673
f65b407d-c28c-5cde-5bf7-871e60ef8f3f,1946-02-17,,999-54-5751,S99949247,X23290198X,Mrs.,Launa267,,Greenfelder433,MD,Ward668,M,white,nonhispanic,F,Hartford  Connecticut  US,561 Lockman Loaf,Heritage Village,Connecticut,New Haven County,,0,41.515831472024395,-73.22599768547673,230596.82,1290474.57,192801
11c4fef0-0a84-e3b3-d6b1-1994d7c38f20,1970-02-12,,999-26-9504,S99988733,X49342063X,Mr.,Wesley533,Carmine137,D'Amore443,,,S,asian,nonhispanic,M,Busan  Busan  KR,466 Schneider Bridge,Shelton,Connecticut,Fairfield County,9001.0,6484,41.348294997970754,-73.10871038831486,190053.24,193095.11,139801
badc8453-3eea-b6f4-e06e-d65930b4a60c,1958-12-19,,999-48-9125,S99972166,X19105572X,Mr.,Johnathan55,Frances376,D'Amore443,,,M,white,nonhispanic,M,South Windsor  Connecticut  US,807 Conroy Rest Apt 92,Bridgeport,Connecticut,Fairfield County,9001.0,6610,41.22605094385853,-73.20623394298121,205815.29,211051.04,35766
fa15941a-ffc9-87bd-508b-7d81d2062703,1944-08-15,,999-83-5548,S99948811,X31949078X,Mrs.,Mallory926,Lisha487,Watsica258,,Gislason620,M,black,nonhispanic,F,Stamford  Connecticut  US,177 Beatty Row,Stamford,Connecticut,Fairfield County,9001.0,6906,41.05959706236958,-73.58595944568097,808149.14,633113.62,46962
1a1a1223-1768-044f-18f6-7b671738fb7d,1927-06-29,2010-02-22,999-83-9431,S99951071,X78905232X,Mrs.,Joie561,Keitha498,Gaylord332,,Reinger292,M,white,nonhispanic,F,Lake Pocotopaug  Connecticut  US,763 Ratke Path,Bethel,Connecticut,Fairfield County,9001.0,6801,41.38832863572569,-73.352700390285,25805.91,1732361.34,22406
e8af8191-faa2-ad21-83fd-e3ce5f9332ac,1927-06-29,1982-10-26,999-34-6266,S99938234,X86315790X,Mrs.,Donnetta255,,Barrows492,,Stoltenberg489,W,white,nonhispanic,F,Deep River  Connecticut  US,877 Greenfelder Haven,Bethel,Connecticut,Fairfield County,9001.0,6801,41.40126008818965,-73.35611923228579,38728.01,3722518.96,22406
4af7150c-c994-a899-c4c4-5854a2e56d70,1948-06-05,,999-29-2119,S99978221,X50767217X,Mr.,Hugh686,Kendrick479,Kuhic920,,,S,white,nonhispanic,M,East Windsor  Connecticut  US,577 Keeling Crossing Suite 99,Branford Center,Connecticut,New Haven County,,0,41.25316824630509,-72.76875315132686,724745.9,836723.33,91909
1aeb93a3-3822-f0e2-211e-dc99fb7160f1,1927-06-29,,999-18-4864,S99952995,X23680854X,Ms.,Jann271,Donetta1,Jaskolski867,,,S,white,nonhispanic,F,Waterbury  Connecticut  US,495 Schoen Road,Bethel,Connecticut,Fairfield County,9001.0,6810,41.376305211121334,-73.50278411761373,75257.22,2787303.24,22406
1bb4b47a-3dea-7f3b-b201-e08b3b23b58c,1933-01-27,2017-04-19,999-30-9598,S99910551,X45340499X,Mrs.,Lisa683,,Monahan736,,Mante251,M,white,nonhispanic,F,Westport  Connecticut  US,507 Rath Ramp Suite 63,Stamford,Connecticut,Fairfield County,9001.0,6831,41.08710080068563,-73.53495027225841,1132285.85,528553.47,59479
1fbabdf1-629d-39fe-a33e-9054c429317e,1956-10-20,2021-07-13,999-24-9505,S99967025,X02081665X,Mrs.,Donya787,Christy428,Lakin515,,Durgan499,D,white,nonhispanic,F,Ellington  Connecticut  US,814 Brown Ville Suite 22,Middletown,Connecticut,Middlesex County,9007.0,6457,41.58389651650995,-72.69324818366545,16017.38,782446.23,18737
5342153e-c2ba-a3d1-613b-7aa5d8d6702e,1950-08-06,2026-08-28,999-21-3372,S99992297,X03772871X,Mrs.,Anamaria46,Merilyn246,Pollich983,,Beatty507,M,white,hispanic,F,Southbury  Connecticut  US,951 Kerluke Orchard,Westport,Connecticut,Fairfield County,9001.0,6880,41.12019256613621,-73.36692353521944,31918.9,2154471.0,19689
ee4cf30a-78bf-d36d-9729-418ff3bd92df,1961-02-07,,999-51-3264,S99956255,X12753070X,Mrs.,Hedwig986,,Bode78,,Gerhold939,M,white,nonhispanic,F,Danbury  Connecticut  US,319 Predovic Dale,East Granby,Connecticut,Hartford County,,0,41.949296202697866,-72.69903254636614,162957.87,718358.44,189852
34c15c13-e4f6-1b19-db4d-974fe84f685b,1959-02-17,2021-03-03,999-47-1253,S99976582,X03971637X,Mr.,Víctor493,José Eduardo181,Cepeda588,,,M,black,nonhispanic,M,Gaudalajara  Jalisco  MX,212 Stoltenberg Lane Unit 67,Westbrook,Connecticut,Middlesex County,,0,41.31059650110796,-72.51903845998712,257612.83,1735955.46,148276
e405f9e2-80fe-b202-4e26-d71d87a63047,1942-03-12,2012-04-27,999-60-6224,S99959638,X67086765X,Mrs.,Emerita401,Malena136,Green467,,Walsh511,M,white,nonhispanic,F,West Haven  Connecticut  US,814 Upton Extension,Norwich,Connecticut,New London County,9011.0,6334,41.50948692067574,-72.14799341123825,335562.28,944848.5,122650
2387da0b-9a14-9a7e-bd48-fe1211a7ee69,1946-04-27,,999-59-6832,S99983360,X99515171X,Mrs.,Cherri385,Cindy893,McDermott739,,Monahan736,M,white,nonhispanic,F,Somers  Connecticut  US,160 Russel Dam,Putnam,Connecticut,Windham County,9015.0,6260,41.88998969235039,-71.84629151070456,1088051.76,576556.91,68854
b1356ab9-4e24-823e-fccb-a5bb37e62be9,1933-01-27,,999-87-6359,S99954490,X87161677X,Ms.,Madonna830,Roselia779,Gutkowski940,,,S,white,nonhispanic,F,Hartford  Connecticut  US,169 Metz Esplanade,Stamford,Connecticut,Fairfield County,9001.0,6901,41.18135703901986,-73.53792029941802,558606.3,609736.21,59479
8af88785-1a74-5ab3-9ebd-0f4b94332523,1927-09-18,2012-09-01,999-17-3066,S99985178,X77445836X,Mrs.,Marie754,Lidia103,Gibson10,,Prosacco716,M,black,nonhispanic,F,North Haven  Connecticut  US,290 Davis Trailer,New Britain,Connecticut,Hartford County,9003.0,6051,41.704311147389696,-72.80444942637047,1134342.06,832300.38,105140
b2bf32e2-a18d-a388-163b-fbe4c3bb5663,1943-12-29,,999-54-2837,S99960932,X27970429X,Mr.,Shane235,Dick869,Ritchie586,,,M,white,nonhispanic,M,Windsor  Connecticut  US,220 Kling Crossroad,Andover,Connecticut,Tolland County,,0,41.74031122066465,-72.4019140314946,225358.42,160185.36,124873
a93f1a26-7da5-b7c9-1f9f-2b4f50231920,1948-12-08,2019-05-31,999-94-8934,S99986391,X23392961X,Mr.,Kurtis994,Jeromy156,Grady603,,,M,black,nonhispanic,M,Rockville  Connecticut  US,739 Shields Mall Unit 85,East Granby,Connecticut,Hartford County,,0,41.967051876232375,-72.72309899067926,30676.58,573765.58,127881
0f62f966-85f5-5e3e-d7e8-19b4465f59ba,1937-04-21,,999-36-7833,S99935586,X75707233X,Mr.,Darwin703,Claude750,Balistreri607,,,M,white,nonhispanic,M,Vernon  Connecticut  US,294 Becker Pathway,Rocky Hill,Connecticut,Hartford County,,0,41.67319334249956,-72.6317278082695,765267.24,1932729.89,76143
6e435eae-faf9-6681-9086-cf6c359abe60,1948-03-30,,999-92-5124,S99936323,X54995508X,Mrs.,Pamala798,Brittny484,Parker433,,Crooks415,M,white,nonhispanic,F,Groton  Connecticut  US,1059 Mosciski Bay Suite 22,Orange,Connecticut,New Haven County,9009.0,6477,41.24482588932058,-73.06574641788102,1104533.61,1210030.02,59969
8aae3436-eeaa-c1dd-5d83-356eb11bf60f,1948-12-08,,999-67-8621,S99998825,X07689022X,Mr.,Gilberto712,Lloyd546,Streich926,,,M,black,nonhispanic,M,Bridgeport  Connecticut  US,1006 Schiller Run,East Granby,Connecticut,Hartford County,,0,41.921320418712824,-72.79137299385854,267607.3,404174.62,127881
65eb3a6f-957a-6c02-a914-c5c80a6ce275,1943-04-30,,999-71-4435,S99982804,X95444533X,Mrs.,Kym935,,Bins636,,Rogahn59,M,black,nonhispanic,F,Bristol  Connecticut  US,454 Tromp Row,Ansonia,Connecticut,New Haven County,9009.0,6418,41.36806593614843,-73.12350433842607,24580.05,1569445.03,9822
b0e1ed2b-09bd-347a-8c0e-1d218e983846,1954-08-30,2017-09-19,999-96-9286,S99985617,X53770664X,Mr.,William805,Mary779,Koss676,,,M,white,nonhispanic,M,Plainville  Connecticut  US,657 Jast Neck Suite 86,Stratford,Connecticut,Fairfield County,9001.0,6611,41.20571055506647,-73.08105743218414,298998.34,1356407.78,56977
7d0f0974-4cbb-4fca-3a52-9a4bcb816b09,1949-07-02,2020-12-28,999-79-7439,S99953021,X49432492X,Mr.,Donnell534,Benton624,Oberbrunner298,,,M,white,nonhispanic,M,Wallingford  Connecticut  US,487 Buckridge Camp,Ansonia,Connecticut,New Haven County,9009.0,6401,41.35690009854383,-73.06892445251124,246637.41,653495.11,41711
17d8d684-3569-0667-cbb8-60dcc16d96ba,1948-04-15,,999-36-2040,S99956961,X51305531X,Mr.,Jeramy610,Brain142,Macejkovic424,,,M,white,nonhispanic,M,Derby  Connecticut  US,972 Kohler Corner Unit 34,Plymouth,Connecticut,Litchfield County,,0,41.703772838388936,-73.00767369419987,118496.78,2556782.08,22536
2ff943bc-7162-f8cc-7326-15898ae38831,1946-01-19,,999-64-3980,S99987350,X05112867X,Ms.,Jonie421,Beckie79,Crooks415,,,S,white,nonhispanic,F,East Haven  Connecticut  US,140 Monahan Course,New Canaan,Connecticut,Fairfield County,,0,41.14625238276764,-73.51659088996874,1975476.71,1201656.71,88948
945ed736-5cf4-5daa-c4c6-706b9a2024b8,1949-07-02,,999-27-1582,S99977003,X81096627X,Mr.,Jeffry142,Douglass930,Halvorson124,,,W,white,nonhispanic,M,Monroe  Connecticut  US,303 Hamill Avenue,Ansonia,Connecticut,New Haven County,9009.0,6418,41.37365967571968,-73.0518600936164,185388.54,186292.55,41711
d7f71bc0-573f-f58b-f274-70ba8e4915c4,1959-12-05,,999-35-9592,S99956755,X01744642X,Mrs.,Elvera717,Mandie666,O'Keefe54,,Mante251,M,white,nonhispanic,F,Somers  Connecticut  US,1011 Swaniawski Hollow Suite 82,Danbury,Connecticut,Fairfield County,9001.0,6804,41.45571278166626,-73.35595663327864,29951.86,2134257.55,17284
17a7350d-afff-c3b5-be7d-0ad1eb64448c,1924-11-14,2009-04-17,999-67-3770,S99952833,X86474849X,Mr.,Kelley882,,Toy286,,,W,black,nonhispanic,M,Branford  Connecticut  US,338 Renner Club Unit 47,West Hartford,Connecticut,Hartford County,9003.0,6119,41.74038243741448,-72.75850461276383,258968.3,1311988.79,181808
b5b68a48-f7d2-6537-86c3-3efa8657a543,1959-05-05,,999-43-9683,S99998369,X53646630X,Mr.,Man114,,Hane680,,,S,white,nonhispanic,M,Shelton  Connecticut  US,107 Considine Pathway Unit 23,Noank,Connecticut,New London County,,0,41.37210163066482,-71.985084166372,11474.32,285529.82,3530
d7173724-75b8-548d-232b-ab699f9e476f,1945-03-16,2023-06-13,999-68-8252,S99928355,X56722007X,Mr.,Alfredo17,,Oberbrunner298,,,M,white,nonhispanic,M,Berlin  Connecticut  US,918 Carroll Row Suite 3,Wallingford,Connecticut,New Haven County,,0,41.4230516760029,-72.82449116579723,292808.68,767864.16,35357
e4a52ad9-4d4f-8356-173b-f9e5bdd39b51,1926-07-25,2020-05-04,999-94-4555,S99961350,X55487447X,Mrs.,Kerri159,Alyssa971,Strosin214,,Bernhard322,M,white,nonhispanic,F,Southington  Connecticut  US,891 Stokes Pathway,Windsor Locks,Connecticut,Hartford County,9003.0,6096,41.95666437989525,-72.67904683160654,630724.74,320439.85,56444
1637c5b7-fe16-e019-4e0f-3853917dc85c,1932-03-31,1995-10-04,999-67-1306,S99922288,X77686492X,Mr.,Clark193,Geoffrey157,Daniel959,,,D,white,nonhispanic,M,West Haven  Connecticut  US,116 Bergstrom Green Unit 36,Stamford,Connecticut,Fairfield County,9001.0,6905,41.03039424616493,-73.5811219696318,94167.6,1327500.88,111013
aa277d35-a446-a0bd-8cb2-97bfba3e5b83,1971-09-07,,999-64-4091,S99973482,X27580272X,Mr.,Greg949,Bobby524,Heathcote539,,,M,white,nonhispanic,M,Clinton  Connecticut  US,905 McKenzie Forge,Bridgeport,Connecticut,Fairfield County,9001.0,6604,41.2762270048596,-73.16762632713586,142085.97,110835.69,41705
b812075f-b575-be29-2ebc-b60136d4e8d3,1956-09-09,,999-17-5283,S99969962,X59309527X,Mr.,Charley358,Broderick767,Hegmann834,,,D,white,nonhispanic,M,Fairfield  Connecticut  US,155 Steuber Loaf Suite 72,Wolcott,Connecticut,New Haven County,,0,41.556419911743376,-72.94465426353621,235626.0,205733.6,145756
859cea58-5b34-9dc9-e5de-4f53abccf8a7,1926-07-25,,999-44-9018,S99927782,X68928910X,Mrs.,Siobhan540,Wanda961,Roberts511,,Cassin499,M,white,nonhispanic,F,Brookfield  Connecticut  US,755 Mitchell Skyway Apt 57,Windsor Locks,Connecticut,Hartford County,9003.0,6096,41.95687942685952,-72.62115939883442,562253.82,541413.02,56444
0c36e2d3-a6c1-bb96-2397-9c1a7ff0ddd5,1921-06-26,2026-03-02,999-92-6444,S99969259,X99788039X,Mr.,Casey401,Nigel915,Ward668,,,M,white,nonhispanic,M,Hartford  Connecticut  US,184 Cremin Estate,Ledyard,Connecticut,New London County,,0,41.45057170149157,-72.06637773682547,328846.51,1091517.36,81784
72448f27-f100-d2a5-6362-96f1da61ecbb,1949-08-07,,999-29-9761,S99987603,X98213810X,Mr.,Abram53,Maximo817,Gutmann970,,,D,white,nonhispanic,M,Seymour  Connecticut  US,138 Kovacek Wall Unit 27,Cornwall,Connecticut,Litchfield County,,0,41.885362890534886,-73.2910582263029,277521.2,857760.56,79654
af47cd66-a1ae-83d6-1a01-0c1399fc0128,1946-09-03,,999-35-5115,S99932838,X08473939X,Mrs.,Lauryn321,Kanisha187,Spencer878,,Wunsch504,M,white,nonhispanic,F,Danbury  Connecticut  US,725 Jakubowski Avenue,Fairfield,Connecticut,Fairfield County,,0,41.150481507257275,-73.23269000297138,1154368.73,669902.72,71238
5c079298-dd93-5476-a4da-e281560dd3f1,1921-06-26,2020-02-22,999-67-6550,S99969917,X74500897X,Mr.,Quinton758,Carl856,Erdman779,,,M,white,nonhispanic,M,Glenville  Connecticut  US,124 Kessler Dale Apt 53,Ledyard,Connecticut,New London County,,0,41.39538069053236,-72.0379321615493,220446.85,1477668.12,81784
92d65bd9-7d06-36b6-77cb-59da90bb4b6e,1953-10-02,,999-30-4184,S99911103,X72008404X,Ms.,Shannan727,Shanda945,Brown30,,,S,white,nonhispanic,F,Danbury  Connecticut  US,658 Swift Lane Apt 18,Prospect,Connecticut,New Haven County,,0,41.47258900725628,-72.98238526450464,848655.64,264891.35,51384
56fe6293-4049-eaa6-a1a8-488b82253647,1947-03-30,2020-07-06,999-23-5751,S99932551,X81207023X,Mr.,Rodrigo242,Arnulfo253,O'Keefe54,,,M,white,nonhispanic,M,Meriden  Connecticut  US,441 Smitham Course Suite 42,Windham,Connecticut,Windham County,,0,41.667834472161935,-72.15805555161562,17087.82,764257.6,7989
ed0db16c-15be-b660-6105-058847b2b086,1921-06-26,1995-10-31,999-62-7393,S99941025,X17934833X,Mr.,Rolland302,Donald774,Carroll471,,,M,white,nonhispanic,M,West Hartford  Connecticut  US,954 Goyette Orchard Apt 64,Ledyard,Connecticut,New London County,,0,41.46029801205643,-72.02413409787042,211796.54,4157088.44,81784
af027db4-faef-3f3f-8372-b53df9540922,1936-05-11,,999-31-4795,S99921558,X53182417X,Mr.,Neil122,Sebastian508,Mitchell808,,,M,white,nonhispanic,M,Lyon  Auvergne-Rhone-Alpes  FR,1023 Von Track Apt 36,Meriden,Connecticut,New Haven County,9009.0,6451,41.56833970156086,-72.82891978027104,184167.37,969276.87,122216
09a0bc28-8562-d211-aa32-94e0ee0835df,1947-03-08,,999-54-1494,S99954790,X31084494X,Mr.,Rafael239,Blake449,Zemlak964,,,S,white,nonhispanic,M,Riverside  Connecticut  US,674 Stehr Bridge,East Hartford,Connecticut,Hartford County,9003.0,6118,41.76576461926512,-72.51250028156879,297596.34,92035.51,40644
43a3b624-3a29-259c-d5d2-cc60792897a9,1949-04-03,2005-02-03,999-16-2753,S99965126,X74197152X,Mr.,Vito638,Mario764,Feeney44,,,W,white,nonhispanic,M,Monroe  Connecticut  US,442 Dach Annex,North Branford,Connecticut,New Haven County,,0,41.35673923247305,-72.80621719574003,19145.08,237863.65,13937
6643f1b3-6c53-c807-3bbd-ce8218946d60,1943-05-10,,999-28-5028,S99957141,X45980099X,Mrs.,Kenisha791,Mi492,McLaughlin530,,Kuvalis369,M,white,nonhispanic,F,New Haven  Connecticut  US,193 Harber Neck,Norwich,Connecticut,New London County,9011.0,6360,41.5919583109782,-72.10287538957473,763848.27,554063.64,35886
7713816f-07b5-52ce-8374-0b989453327a,1919-05-08,,999-99-7416,S99997761,X03638604X,Mr.,Damian46,Alfonzo975,Kautzer186,,,D,white,hispanic,M,Sharon  Connecticut  US,750 Maggio Flat,Danbury,Connecticut,Fairfield County,9001.0,6804,41.432492344508525,-73.49776449401311,93141.93,2828744.79,18299
23c6ce6e-bfd3-c3e8-5f79-b0858671c28d,1946-04-12,,999-98-2402,S99957412,X69721198X,Mr.,Lindsey52,Timothy142,Fritsch593,,,M,white,nonhispanic,M,East Haddam  Connecticut  US,115 Hansen Forge,Naugatuck,Connecticut,New Haven County,9009.0,6770,41.49713379385637,-73.10062257773143,252324.29,658678.79,65668
3dce2e8f-f2e2-6c12-3955-992b9eebdcfa,1943-05-13,,999-47-1750,S99999058,X76883320X,Mr.,Elroy493,Karl184,Lind531,,,M,white,nonhispanic,M,Montville  Connecticut  US,583 Dicki Fort,Hartford,Connecticut,Hartford County,9003.0,6103,41.738315405428544,-72.68844329102394,198153.81,566673.87,54728
7857bfe6-417f-0743-69f4-4c4578ac8e36,1926-04-10,2007-08-20,999-83-1194,S99963229,X33676266X,Mr.,Leopoldo762,Samual455,Ernser583,,,S,white,nonhispanic,M,Willington  Connecticut  US,983 Schmeler Heights,Wallingford,Connecticut,New Haven County,,0,41.41013078612247,-72.8445046669665,824334.21,2679464.73,87334
6830cbf3-0b75-2d24-1f70-6fb4cc33d176,1958-03-27,2021-07-05,999-87-8384,S99984435,X45420551X,Mr.,Wilbert25,Antwan357,Mueller846,,,W,white,nonhispanic,M,Norwich  Connecticut  US,703 Cruickshank Run Apt 62,Hartford,Connecticut,Hartford County,9003.0,6120,41.73573758460828,-72.66080676020059,707746.3,83773.6,36696
6987b646-95a1-021d-47a5-14fd0c22b5e6,1961-11-09,,999-68-9057,S99985843,X77955830X,Mr.,Marvin195,Dick869,Barton704,,,M,white,nonhispanic,M,Beacon Falls  Connecticut  US,459 Bradtke Wall Suite 81,Newington,Connecticut,Hartford County,9003.0,6111,41.71508279099839,-72.71925638421204,14335.11,359182.2,17554
df71e36b-6d8b-b0bc-144e-109f78b88cec,1950-02-14,,999-41-1992,S99966409,X27004780X,Mr.,Agustin437,Eddy900,Dicki44,,,S,white,nonhispanic,M,Southbury  Connecticut  US,361 Lang Hollow,Bridgeport,Connecticut,Fairfield County,9001.0,6611,41.17427104503735,-73.19907895397216,221276.85,427702.68,139642
7c1f749f-2a43-c69c-04f9-6aca7ea696e3,1942-01-24,2015-11-29,999-37-9472,S99964910,X30427107X,Mrs.,Mirta419,,Yost751,,Williamson769,M,other,nonhispanic,F,Khamis Mushayt  Asir  SA,203 Ratke Skyway,New Haven,Connecticut,New Haven County,9009.0,6517,41.319334093686415,-72.9226017147239,1199862.44,544152.81,69212
f035f4f1-19b1-6a1e-0596-d94a7de99610,1926-04-10,2005-12-26,999-89-4732,S99926400,X46920904X,Mr.,Teodoro374,Wesley533,Ward668,,,M,white,nonhispanic,M,Canton Valley  Connecticut  US,829 Price Esplanade,Wallingford,Connecticut,New Haven County,,0,41.50488305945226,-72.75506556821983,122579.26,2268958.19,87334
3f1951f0-c94f-0177-0ac9-c3cc0c2e79b7,1957-01-31,,999-22-5284,S99955668,X89603199X,Mrs.,Melodie819,Kendra609,Rempel203,,Goodwin327,D,white,nonhispanic,F,Rockville  Connecticut  US,444 Barrows Boulevard Unit 59,Norwich,Connecticut,New London County,9011.0,6380,41.57800653222278,-72.11758226992778,931938.03,215652.78,66003
576c0129-0f4b-f635-422d-8f4e6e7a3b64,1931-06-18,,999-37-4194,S99999008,X34936216X,Mr.,Augustus49,,Schneider199,,,M,black,nonhispanic,M,Hartford  Connecticut  US,1054 Borer Plaza,New Britain,Connecticut,Hartford County,9003.0,6051,41.65184147141097,-72.77281079204947,225460.31,294748.77,44203
81dfbce9-3fef-afbe-7e4f-4ac9fd6b95a7,1926-04-10,2020-03-19,999-40-2637,S99986387,X57941826X,Mr.,Cyrus914,Saul605,Schamberger479,,,M,white,nonhispanic,M,Waterbury  Connecticut  US,617 Willms Glen Apt 57,Wallingford,Connecticut,New Haven County,,0,41.49698929114904,-72.76647732982146,267326.99,299686.37,87334
60987a48-6fdd-bb46-31aa-5c4ce6085970,1945-11-21,,999-11-2019,S99949256,X75189956X,Mr.,Jerold208,,Kreiger457,,,M,white,hispanic,M,Glastonbury  Connecticut  US,219 Fadel Divide Unit 90,Bridgeport,Connecticut,Fairfield County,9001.0,6610,41.23141026027706,-73.11656836202538,643496.79,591285.14,44605
9861f638-4cbf-9772-341f-fb6c365fde8c,1942-01-24,,999-63-5095,S99915035,X17593191X,Mrs.,Chloe501,Jong718,Becker968,,Kuhic920,M,other,nonhispanic,F,Najran  Najran  SA,346 Gaylord Ranch,New Haven,Connecticut,New Haven County,9009.0,6512,41.29953831905228,-72.93154397649513,877111.55,399740.08,69212
745e4379-85e0-1b24-a8e6-c7a00552e522,1947-04-28,,999-61-5173,S99987015,X11093978X,Mr.,Sonny285,,Conroy74,,,D,asian,nonhispanic,M,Seymour  Connecticut  US,1031 Deckow Ferry Suite 37,East Hartford,Connecticut,Hartford County,9003.0,6118,41.799927357487675,-72.63343917776169,145566.89,228296.43,35024
bf79afc1-939e-51ef-8348-396686c42661,1939-07-31,2014-12-10,999-43-7357,S99951370,X21678148X,Mrs.,Maricruz991,Vernetta697,Bergnaum523,,Dickens475,M,black,hispanic,F,Plymouth  Connecticut  US,1013 Romaguera Approach,Enfield,Connecticut,Hartford County,,0,42.007546838262506,-72.59273446934195,1083646.78,587664.98,101387
a072ed19-8a6e-52d3-e408-16b301cf0351,1961-06-29,,999-77-3342,S99962608,X22956399X,Mrs.,Kit446,,Will178,,Walter473,M,white,nonhispanic,F,Guilford  Connecticut  US,600 D'Amore Plaza,Coventry,Connecticut,Tolland County,,0,41.74042722009931,-72.36191365954453,254657.76,358539.77,172111
e7a117d8-6240-b45e-a8b9-9b64994dcccf,1926-04-10,2025-02-15,999-84-2369,S99973530,X33157856X,Mr.,Merle11,Lamont867,Steuber698,,,S,white,nonhispanic,M,Farmington  Connecticut  US,767 Hilpert Terrace Suite 54,Wallingford,Connecticut,New Haven County,,0,41.501495414622575,-72.79951655296398,347427.21,407244.48,87334
591acd54-2d39-c572-3624-9b281bced8ff,1939-07-31,,999-26-1156,S99959683,X36029063X,Mrs.,Marianna323,,Abshire638,,Schiller186,W,black,hispanic,F,Torrington  Connecticut  US,700 Okuneva Key Suite 62,Enfield,Connecticut,Hartford County,,0,42.022816519555526,-72.5339796568409,1055598.38,606515.19,101387
e80045a8-1193-49ac-ccfd-b5fda8a8aa58,1947-07-21,2004-12-22,999-43-4797,S99992295,X23565431X,Mr.,Wayne846,,Eichmann909,,,M,white,nonhispanic,M,West Hartford  Connecticut  US,610 Feeney Gardens,Willimantic,Connecticut,Windham County,9015.0,6226,41.74090280785305,-72.22246296213872,222501.07,785748.06,2314
e00ca7fb-c38d-e6f0-8d5c-7877ce58744b,1922-05-16,2002-02-11,999-99-9362,S99937373,X92770330X,Ms.,Mirella222,Toi270,Murazik203,,,S,white,nonhispanic,F,Westbrook  Connecticut  US,255 Connelly Lock Suite 96,Watertown,Connecticut,Litchfield County,9005.0,6779,41.634147750626745,-73.15072730642292,363982.96,1811238.34,138128
32d08c00-9179-84be-d081-f8a2dc5cebee,1947-07-21,,999-29-3480,S99911081,X54678657X,Mr.,Darron84,Lindsay928,Hermiston71,,,M,white,nonhispanic,M,Oxford  Connecticut  US,289 Zulauf Forge,Willimantic,Connecticut,Windham County,9015.0,6226,41.72480762512756,-72.24539889507693,36410.36,603906.46,2314
4ae15dbd-7a3a-eeff-6647-c19426becdc1,1958-08-20,,999-58-5306,S99959055,X49771846X,Mr.,Walker122,Mathew182,Rolfson709,,,S,white,nonhispanic,M,New Canaan  Connecticut  US,813 Cummings Junction Suite 70,Trumbull,Connecticut,Fairfield County,9001.0,6611,41.304298945928245,-73.20321237881782,322899.77,664640.4,126754
39201223-b28f-1a35-f379-ae9178edf94d,1924-12-06,,999-51-1240,S99933362,X00545274X,Mr.,Chas63,Leo278,Stehr398,,,D,white,nonhispanic,M,East Hartford  Connecticut  US,198 Schuster Manor Suite 36,Norwich,Connecticut,New London County,9011.0,6380,41.51884654659296,-72.1611626736983,219401.22,606482.17,30072
903f810e-5e23-7008-1139-23c8f986d9e8,1958-08-08,,999-98-9365,S99937210,X59376084X,Mr.,Eloy929,Jamison785,Thompson596,,,S,white,nonhispanic,M,New Britain  Connecticut  US,498 Farrell Club Unit 34,Bridgeport,Connecticut,Fairfield County,9001.0,6610,41.19670182950168,-73.20490005067079,232185.53,41732.47,39566
afe07f25-7a3a-fd69-8039-efce6f2bd5b1,1962-10-05,,999-63-6795,S99922977,X73309274X,Mr.,Buster609,Hobert364,Kilback373,,,M,white,nonhispanic,M,Westbrook  Connecticut  US,215 Schimmel Crossroad,Harwinton,Connecticut,Litchfield County,,0,41.77191935349245,-73.1029230818958,12226.21,300771.61,5864
0d1ab67c-633f-1c52-e55e-462936d9a090,1969-06-21,,999-73-5832,S99972779,X48927211X,Mr.,Brock407,Hershel911,Terry864,,,D,black,nonhispanic,M,Stamford  Connecticut  US,1047 Lakin Throughway,New Britain,Connecticut,Hartford County,9003.0,6051,41.71853991924753,-72.78445345230075,323376.23,580223.19,33047
08d3dad9-c063-9835-e92e-ed8f3a6cdd41,1948-11-21,,999-45-2129,S99977769,X81481249X,Mr.,Florencio463,Hyman89,Mohr916,,,M,white,nonhispanic,M,Storrs  Connecticut  US,542 Considine Camp,Voluntown,Connecticut,New London County,,0,41.53445877940227,-71.80380442827345,105503.23,345343.92,26088
572d8339-da42-d670-8126-9bd5fe66d4a9,1943-05-29,,999-63-1704,S99934585,X60461133X,Mr.,Eloy929,Marcus77,Roob72,,,M,white,nonhispanic,M,East Hartford  Connecticut  US,393 Bartoletti Camp,Rockville,Connecticut,Tolland County,,0,41.84402643433015,-72.4764413719164,255713.4,398222.07,31571
25ad8aae-d2b9-f615-3126-962d68e7ddcc,1959-10-31,,999-33-3034,S99988631,X70926331X,Mr.,Stephan15,Clay913,Kub800,,,M,white,nonhispanic,M,Sprague  Connecticut  US,966 Baumbach Union Apt 10,Winchester,Connecticut,Litchfield County,,0,41.96160558461923,-73.14637619498389,646707.31,665547.04,69023
2dcc7333-1d20-9674-79c3-d77daedb1c90,1944-12-08,,999-96-4970,S99976597,X64509193X,Mr.,Raul814,,Dooley940,,,M,white,nonhispanic,M,Hartford  Connecticut  US,700 Witting Grove,Ledyard,Connecticut,New London County,,0,41.41194761230432,-72.06369115935047,202661.93,265110.7,164035
0b22b75d-a6e4-d0ba-332f-359e4614370b,1965-08-20,,999-36-3200,S99942532,X89047325X,Mr.,David908,Leandro563,Sawayn19,,,M,white,nonhispanic,M,Brookfield  Connecticut  US,697 Legros Flat Unit 54,West Haven,Connecticut,New Haven County,9009.0,6516,41.26904839057394,-72.97211538278725,98972.01,207978.62,23971
755ff973-aa4f-d396-ce94-d44b72b72fe4,1916-01-11,1984-03-14,999-64-3205,S99958615,X44496693X,Mr.,Darell496,Bennie663,Larson43,,,M,white,nonhispanic,M,Prospect  Connecticut  US,471 Bailey Avenue,West Hartford,Connecticut,Hartford County,9003.0,6119,41.81824660990779,-72.74990464691955,189965.95,791095.39,139017
14ebfd5c-f9ec-ad2c-f14f-7ff68fb2ec4e,1967-06-05,,999-71-2808,S99918365,X14890688X,Mr.,Dominic463,Christian753,Metz686,,,M,white,nonhispanic,M,Manchester  Connecticut  US,769 Hansen Run,West Haven,Connecticut,New Haven County,9009.0,6516,41.28377150729162,-72.97146843207891,495888.3,456683.74,68985
7fbbf288-b249-4d03-4a3a-439b60ed80f1,1955-06-26,,999-39-7593,S99968061,X65100115X,Mrs.,Yanira774,Evangeline16,Rogahn59,,Cronin387,M,white,nonhispanic,F,Southport  Connecticut  US,166 Carroll Alley Suite 38,Glastonbury,Connecticut,Hartford County,,0,41.72118288616821,-72.51250370077601,26498.24,2022883.14,21548
edb79a3a-e143-0122-591e-5108d2e187c6,1916-01-11,2004-03-09,999-94-9741,S99961125,X86946639X,Mr.,Grover559,Dalton260,Goyette777,,,D,white,nonhispanic,M,West Hartford  Connecticut  US,251 Zulauf Station,West Hartford,Connecticut,Hartford County,9003.0,6110,41.73621512453548,-72.7505537685292,208084.09,371647.49,139017
fec827f3-da18-836e-0638-8f5fc34fcf64,1956-04-02,,999-47-5729,S99962882,X88263918X,Mr.,Juan88,,Solís294,,,S,white,hispanic,M,San Salvador  El Salvador  SV,1094 Kling Divide Suite 88,Branford,Connecticut,New Haven County,,0,41.28557184322821,-72.74993718282202,187523.03,262890.2,87238
b35e314f-5b51-8851-b38f-df398ada49d5,1948-06-15,,999-97-6350,S99950665,X05920555X,Mrs.,Clarice719,Serita370,Monahan736,,Kunde533,W,white,nonhispanic,F,Bridgeport  Connecticut  US,993 Bednar Center,Manchester,Connecticut,Hartford County,9003.0,6042,41.73874527644434,-72.54773023445915,367728.62,1150060.13,121386
29d86494-f39d-b250-794e-e9920ee9165d,1970-06-30,,999-66-3397,S99940514,X30601165X,Mr.,Cecil300,,Smith67,,,M,white,nonhispanic,M,Stratford  Connecticut  US,296 Kunde Alley Suite 69,Terryville,Connecticut,Litchfield County,9005.0,6786,41.65997408032776,-72.98123552497451,167744.17,78671.69,43992
5bd85ea1-dd7b-f272-3e70-0ef3547628ee,1916-01-11,1996-08-20,999-64-5141,S99942928,X24772618X,Mr.,Alfonso758,Toney527,Fahey393,,,M,white,nonhispanic,M,Meriden  Connecticut  US,654 Lubowitz Ramp,West Hartford,Connecticut,Hartford County,9003.0,6107,41.778784120419125,-72.79607738455178,231080.3,813004.91,139017
0cc65fea-7da9-3528-5009-e9205edfd500,1968-01-21,,999-79-5057,S99942165,X80584491X,Mr.,Royal919,Gerry91,Kertzmann286,,,S,black,hispanic,M,New Fairfield  Connecticut  US,318 Stiedemann Light,New Canaan,Connecticut,Fairfield County,,0,41.19148585031009,-73.52804443688653,159800.31,130580.97,48530
052dc1f0-1e27-371b-4690-436f8dceace5,1916-01-11,2010-11-07,999-61-4712,S99989293,X89745444X,Mr.,Efren426,Benny518,Romaguera67,,,M,white,nonhispanic,M,Stratford  Connecticut  US,419 Berge Track,West Hartford,Connecticut,Hartford County,9003.0,6117,41.72855711310267,-72.67784879885879,237754.89,676164.97,139017
36afcc45-b8e2-f661-9368-b4a599f4a23d,1944-09-01,2021-02-25,999-24-5919,S99965555,X32172268X,Mr.,Reinaldo138,Lindsay928,Barrows492,,,D,black,nonhispanic,M,Stamford  Connecticut  US,173 Walter Manor,Southington,Connecticut,Hartford County,,0,41.56302981087981,-72.8507823724481,66426.54,387637.14,892185
a54fa61d-c603-5e3b-81c5-5cecd2da385a,1948-02-01,,999-20-1406,S99994987,X85278085X,Mr.,Wally311,Hugh686,Sipes176,,,M,white,nonhispanic,M,Branford Center  Connecticut  US,693 Streich Branch,Waterbury,Connecticut,New Haven County,9009.0,6770,41.51467698334035,-73.03786256053922,22048.02,693441.44,16472
6abd19c7-0359-cfe6-e6a5-99221baaa9b8,1934-03-09,2026-03-30,999-51-7690,S99929180,X98949789X,Mrs.,Manuela585,Florencia449,Casillas702,,Chávez927,D,white,hispanic,F,Carolina  Puerto Rico  PR,549 O'Reilly View,Bethany,Connecticut,New Haven County,,0,41.3895934775726,-73.00441449369679,787652.82,4072731.13,83812
ed514333-8729-aa67-38ef-a973f709d89e,1927-05-15,,999-49-7288,S99943478,X31065885X,Mr.,Gerardo48,Jere230,Bartell116,,,M,white,nonhispanic,M,New Haven  Connecticut  US,243 Waelchi Meadow,Cromwell,Connecticut,Middlesex County,,0,41.61554585133356,-72.65178644939384,310283.81,332686.34,110407
520a05db-b9d3-4161-68b0-fce8220c2f6b,1944-09-01,2021-01-17,999-19-9678,S99972379,X79619843X,Mr.,Eric487,,Champlin946,,,M,black,nonhispanic,M,Hamden  Connecticut  US,783 McLaughlin Gate Suite 69,Southington,Connecticut,Hartford County,,0,41.65541832735974,-72.89014099006886,104557.15,329627.69,892185
2597397b-2268-b629-6ba0-cfd4bf39cf4d,1922-06-05,2000-04-09,999-55-7201,S99957023,X53517333X,Mr.,Freddy176,Milton509,Volkman526,,,S,white,nonhispanic,M,Trumbull  Connecticut  US,555 Klocko Club,Meriden,Connecticut,New Haven County,9009.0,6450,41.51270601419099,-72.74745714211299,641227.03,3630681.92,28781
f310710f-652a-3f70-4e9e-f1bbe618e1b1,1927-11-17,2011-01-12,999-71-1919,S99920834,X70646349X,Mr.,Ulysses632,Bob965,Watsica258,,,S,white,nonhispanic,M,Waterbury  Connecticut  US,164 Gutkowski View Apt 50,New Milford,Connecticut,Litchfield County,9005.0,6776,41.60004865160091,-73.4407782136482,41701.82,1569721.93,278492
87e2d633-ccdf-0ab4-681f-d456a05a7dbb,1922-06-05,,999-87-2058,S99950109,X14442529X,Mr.,Art115,Rene434,Price929,,,S,white,nonhispanic,M,Glastonbury  Connecticut  US,366 Terry Stravenue,Meriden,Connecticut,New Haven County,9009.0,6450,41.486946460813336,-72.81800009536228,182701.59,420799.97,28781
a215cee2-e7ff-1932-2d2f-45610e925afb,1934-03-09,,999-69-2403,S99968200,X82114884X,Mrs.,Julia241,Isabel214,Jaimes535,,Alcala54,M,white,hispanic,F,Gaudalajara  Jalisco  MX,893 McClure Loaf,Bethany,Connecticut,New Haven County,,0,41.41808634791926,-73.00912230260208,990626.62,446006.16,83812
e2bd4445-4c76-b589-fe94-a6f193553776,1927-11-17,,999-18-3708,S99984104,X12400124X,Mr.,Winford225,Wade235,Mohr916,,,M,white,nonhispanic,M,Stamford  Connecticut  US,626 Glover Stravenue,New Milford,Connecticut,Litchfield County,9005.0,6776,41.588704618946984,-73.38303602900892,203379.72,971089.46,278492
7ca834ce-524d-ca38-d250-7ed6a7c8b359,1951-08-06,,999-48-9112,S99969779,X96963551X,Mr.,Royal919,Adalberto916,Collins926,,,M,white,nonhispanic,M,New London  Connecticut  US,1050 Morar Wall,Stratford,Connecticut,Fairfield County,9001.0,6614,41.29113521452689,-73.18688728579845,298792.12,816354.6,149837
7d898cc8-0d07-ed7e-e0d2-d73564cea707,1950-05-03,2015-09-26,999-77-2681,S99986794,X93481262X,Mr.,Kenny207,Keenan632,Schinner682,,,M,white,nonhispanic,M,Danbury  Connecticut  US,541 Cartwright Gate,Plainville,Connecticut,Hartford County,,0,41.70518375079031,-72.81201045942923,124256.74,2108634.86,96707
9cbfe4c9-4857-a703-759d-beca66bee8f3,1964-04-29,,999-77-4151,S99938000,X34219175X,Ms.,Marilu588,Leola603,Nikolaus26,,,S,white,nonhispanic,F,Hazardville  Connecticut  US,357 Raynor Bypass Suite 13,Waterbury,Connecticut,New Haven County,9009.0,6708,41.55736253181094,-72.99705084774783,1049484.78,757465.49,98140
184e9755-03b9-842a-56eb-d05669904e9c,1918-02-16,2000-04-23,999-63-1435,S99973078,X99440993X,Mrs.,Arnetta705,Trinh357,Schuster709,,Halvorson124,M,white,nonhispanic,F,Danbury  Connecticut  US,629 Jenkins Promenade,Waterford,Connecticut,New London County,9011.0,6385,41.40372078168613,-72.1182008841546,422155.24,2469491.82,122340
fa48bdc4-0f9c-b6b1-bc49-9fe6c565b235,1969-08-13,,999-21-7086,S99942953,X57557093X,Mr.,Maxwell782,Diego848,Wiza601,,,M,black,nonhispanic,M,Clinton  Connecticut  US,947 Larkin Ranch,Bridgeport,Connecticut,Fairfield County,9001.0,6604,41.24894846115838,-73.17825859795103,64555.6,280036.12,24868
d50592f0-1453-f58f-265c-e8340074620d,1919-11-01,2011-03-09,999-52-6602,S99977935,X30650906X,Mr.,Efrain317,Mike230,Zemlak964,,,M,white,nonhispanic,M,Munich  Bavaria  DE,578 Gulgowski Common Unit 63,Westbrook,Connecticut,Middlesex County,,0,41.29414452992266,-72.48414754172317,151898.37,265838.23,911773
45a3d4d7-e627-e827-059a-889b25d4b48c,1962-10-27,,999-44-4241,S99988245,X00606049X,Mrs.,Donnette259,Joye57,Monahan736,,Hettinger594,M,black,nonhispanic,F,Darien  Connecticut  US,130 Nicolas Mews,New Haven,Connecticut,New Haven County,9009.0,6519,41.31547164145501,-72.90162185682145,319850.25,1997089.65,28680
8df0a897-7198-159a-8ab1-860007e98b86,1947-07-25,,999-51-1553,S99951683,X77418425X,Mrs.,Lavona767,Rosemarie149,Morar593,,Waelchi213,M,white,nonhispanic,F,Old Saybrook Center  Connecticut  US,849 Konopelski Hollow,Newington,Connecticut,Hartford County,9003.0,6111,41.68763083432976,-72.68387310491259,931616.42,681245.42,76463
f745927d-f241-bcc6-6023-f68927122e24,1957-01-05,,999-28-1069,S99976308,X00906640X,Mr.,Julian715,Don899,Boehm581,,,M,white,nonhispanic,M,Colchester  Connecticut  US,684 Schulist Fork Suite 58,Stratford,Connecticut,Fairfield County,9001.0,6607,41.16884636843179,-73.11387001067168,91634.64,197156.2,33332
ff90fc0c-7f65-22cb-0533-e7186a36b958,1957-03-16,2020-12-15,999-64-2100,S99945369,X11536381X,Mr.,Wilfred787,Korey682,Turcotte120,,,S,white,nonhispanic,M,Middletown  Connecticut  US,859 Rowe Lane Unit 57,Coventry,Connecticut,Tolland County,,0,41.78476357859697,-72.33823428055882,210953.59,184855.59,129758
adb94974-a3a9-97d8-48b3-f00aa8ad6828,1948-04-26,,999-25-7033,S99927440,X58273409X,Mr.,Bernie827,Devin82,Spinka232,,,M,white,nonhispanic,M,Moscow  Moscow  RU,973 Fadel Loaf,Burlington,Connecticut,Hartford County,,0,41.785435707743375,-72.95206438564662,227331.41,198326.21,498663
56331109-0881-b23e-6e6c-d71ed66e037b,1970-01-19,,999-63-6156,S99998682,X98148502X,Mrs.,Inez706,Kaitlin600,Reynolds644,,Heathcote539,M,black,nonhispanic,F,Windham  Connecticut  US,101 Homenick Dam,Stamford,Connecticut,Fairfield County,9001.0,6831,41.0879300678486,-73.55873084917869,583588.38,825761.75,51129
184f2414-70c3-ceaa-191d-c42bcd38a593,1953-06-26,,999-46-5351,S99929811,X02271490X,Mr.,Refugio197,,Bradtke547,,,M,white,nonhispanic,M,Cromwell  Connecticut  US,509 Swift Harbor Unit 90,Bridgeport,Connecticut,Fairfield County,9001.0,6607,41.17320968306221,-73.22802998917373,14742.44,363311.23,9260
41970058-ec6b-f1f3-3928-63a10cb3b37e,1919-11-01,2002-07-11,999-26-1193,S99943313,X41376984X,Mr.,Williams176,,Champlin946,,,S,white,nonhispanic,M,Berlin  Berlin  DE,323 Hilll Trailer Suite 65,Westbrook,Connecticut,Middlesex County,,0,41.289770247781725,-72.51501938180974,195052.95,4170900.56,911773
9554da43-d77b-91a0-e3e2-013cc5457e0f,1948-11-18,,999-70-9496,S99959181,X32141084X,Mr.,Chance908,Ozzie259,Connelly992,,,M,white,nonhispanic,M,Norwalk  Connecticut  US,577 Cummings Hollow,Windham,Connecticut,Windham County,,0,41.69810946375667,-72.13560024028851,305899.96,335800.84,39860
c1d0fe57-96ef-1a89-5036-13bd5c33c1ff,1956-08-12,,999-24-8666,S99918001,X97651092X,Mr.,Kermit56,Clair921,Kohler843,,,M,white,nonhispanic,M,Oxford  Connecticut  US,130 Bartell Plaza Unit 95,Bridgeport,Connecticut,Fairfield County,9001.0,6608,41.21024432061968,-73.18805532254082,234830.37,227311.26,39335
5c61be5f-8eae-48ff-ae6d-050b6d0d346c,1952-10-26,,999-38-5764,S99976863,X25189984X,Mrs.,Brittani427,Francene766,Kling921,,Gerhold939,D,white,nonhispanic,F,Wallingford  Connecticut  US,653 Braun Trailer Apt 49,South Windsor,Connecticut,Hartford County,,0,41.875133175910825,-72.54939691694977,927288.83,337304.49,67635
3f6ca516-84b8-9f9d-85fb-1dce224fa3a1,1945-05-28,,999-37-3467,S99968138,X67419493X,Mrs.,Cleta89,Florencia449,McClure239,,Crist667,M,white,nonhispanic,F,New Haven  Connecticut  US,281 Schmitt Trailer,Wallingford,Connecticut,New Haven County,,0,41.49060755821336,-72.77633045720957,932898.73,604121.41,55321
3c512d9d-392c-8696-65d1-843c2ea05369,1965-04-12,,999-76-9885,S99989385,X55581797X,Mrs.,Willia886,Dianne921,Ernser583,,DuBuque211,M,white,nonhispanic,F,Hartford  Connecticut  US,770 Rodriguez View Apt 65,Bristol,Connecticut,Hartford County,9003.0,6062,41.698372875437755,-72.9859124311125,802875.93,556400.82,40344
247df821-4045-f665-e76b-c33a52188705,1942-11-02,,999-16-3103,S99982165,X77534410X,Mr.,Leo278,Erwin847,Daugherty69,,,S,white,hispanic,M,Putnam  Connecticut  US,663 Skiles Road,Greenwich,Connecticut,Fairfield County,9001.0,6830,41.03966809708594,-73.66610345442469,253550.19,1383928.21,40651
f91a8158-9e75-12ab-9d8d-b3b0aa06d98b,1949-11-05,,999-13-6333,S99924390,X79581549X,Mr.,Cody889,Irwin931,Schaefer657,,,M,white,nonhispanic,M,Canton  Connecticut  US,1026 Fay Fork,Hamden,Connecticut,New Haven County,,0,41.40074456450166,-72.91669969567253,357056.48,59786.25,55996
74a8a215-ea62-743b-5966-1547463842e2,1942-10-09,2017-03-11,999-94-9525,S99934839,X70549440X,Mr.,Gilberto712,David908,Lebrón484,,,M,white,hispanic,M,Wesley  Saint Andrew Parish  DM,716 Lesch Heights Apt 75,Wallingford,Connecticut,New Haven County,,0,41.47649322888304,-72.79938331164824,313261.88,865534.78,101953
070d8b04-b109-de8a-7174-5d18755b2d86,1977-11-12,,999-84-1193,S99949354,X17830401X,Mrs.,Celinda332,Jeane173,Brekke496,,Ratke343,M,white,nonhispanic,F,Eastford  Connecticut  US,488 Schneider Bay,Torrington,Connecticut,Litchfield County,9005.0,6790,41.874539181697145,-73.16076873998126,15047.38,823729.58,16497
f6af2f34-4e59-ccdb-187b-acf238c09713,1919-11-01,2000-02-02,999-19-4551,S99966001,X48271364X,Mr.,Brendan864,Stephan15,Keeling57,,,M,white,nonhispanic,M,Cologne  North Rhine-Westphalia  DE,1021 Heathcote Village,Westbrook,Connecticut,Middlesex County,,0,41.258787864151195,-72.48201400824782,225456.66,386950.59,911773
9b997d03-9c55-14ec-3f96-41f77e8ea8bb,1961-08-16,,999-77-2264,S99915642,X28136410X,Ms.,Laquita685,Enola75,Stroman228,,,S,asian,nonhispanic,F,Macau  Macao Special Administrative Region of the People's Republic of China  CN,980 Kautzer Meadow Apt 9,Darien,Connecticut,Fairfield County,9001.0,6820,41.00810745640202,-73.49281549233848,34135.56,1749865.68,14011
d2da2545-a4ac-3ad8-a25a-4c47733f8338,1947-04-30,,999-84-7438,S99918562,X85887503X,Mr.,Teodoro374,Gregorio366,Briones478,,,M,white,hispanic,M,Portsmouth  Saint John Parish  DM,1014 Will Neck,Heritage Village,Connecticut,New Haven County,,0,41.51313753440091,-73.20847692848754,394443.28,211396.71,50268
dfa4a6e4-fcb1-b2d6-89e3-d0df85ba637f,1942-10-09,,999-76-3451,S99937639,X44761624X,Mr.,Raúl937,Luis923,Miranda712,,,W,white,hispanic,M,San Juan  Puerto Rico  PR,600 Block Mission,Wallingford,Connecticut,New Haven County,,0,41.41371670495576,-72.81376450157703,480198.55,1512485.41,101953
74bef1e2-1594-64fa-ad5f-767da970ff16,1919-11-01,2012-01-24,999-77-1732,S99910104,X99567881X,Mr.,Wyatt967,Waylon572,Bergstrom287,,,S,white,nonhispanic,M,Frankfurt  Hesse  DE,190 Wuckert Extension,Westbrook,Connecticut,Middlesex County,,0,41.296052103994526,-72.52317494557704,154687.65,2549516.49,911773
01886c39-debc-5987-78ea-3a5fd4ca6075,1959-12-14,,999-59-6759,S99932833,X52934861X,Mrs.,Dorie139,Tiera511,Haley279,,Bode78,M,white,nonhispanic,F,Naugatuck  Connecticut  US,552 Hintz Fort Unit 37,Shelton,Connecticut,Fairfield County,9001.0,6484,41.30875625938144,-73.09133106578986,877146.82,483558.02,53293
90b6e384-680d-2d1b-f6bf-a817ad09523a,1960-12-10,,999-64-6390,S99934299,X47387156X,Mr.,Alva958,,Prosacco716,,,D,white,nonhispanic,M,Riverside  Connecticut  US,316 Smitham Mission,Danbury,Connecticut,Fairfield County,9001.0,6804,41.39771612507543,-73.43130801217549,21102.09,449979.19,8807
5fe997c9-4876-1377-5ebe-10a6dab19260,1952-09-02,,999-33-5296,S99998424,X46356308X,Ms.,Rosa195,Marilu588,Espinosa298,,,S,white,hispanic,F,Mexico City  Mexico City  MX,669 Lindgren Knoll Unit 78,Westport,Connecticut,Fairfield County,9001.0,6880,41.1435059013456,-73.33344022946936,418667.47,928295.26,141663
d3d76a2c-cdcf-9d81-8bc5-673208e7c3fd,1938-05-12,1992-01-11,999-37-8359,S99976019,X49066963X,Mr.,Dustin31,Les282,Nader710,,,M,white,nonhispanic,M,Cologne  North Rhine-Westphalia  DE,1094 Hirthe Frontage road,Westbrook,Connecticut,Middlesex County,,0,41.2649068455307,-72.44260492575336,143527.64,3173619.52,911773
640076af-833d-4131-bf17-3120522e931e,1970-04-13,,999-22-1212,S99932217,X84292149X,Mr.,Ambrose149,Elmo857,Walker122,,,D,white,nonhispanic,M,Hamden  Connecticut  US,1031 Ziemann Haven,Hebron,Connecticut,Tolland County,,0,41.63889587026829,-72.36381720973198,169459.98,82093.6,317919
baf580e5-65c3-0e50-efe0-c050ff5e7017,1951-06-03,,999-34-2787,S99936744,X80545852X,Mr.,Leonard963,Pat3,Kub800,,,S,white,hispanic,M,Andover  Connecticut  US,1035 Nicolas Underpass,Wethersfield,Connecticut,Hartford County,9003.0,6109,41.74328000322374,-72.6391206991471,20080.7,449360.69,18664
6b5c9a02-fef8-81ad-cc27-d5f68e65f416,1918-06-01,2005-04-10,999-27-7694,S99952548,X11460928X,Mr.,Courtney281,,Frami345,,,M,white,nonhispanic,M,East Hartford  Connecticut  US,734 Conroy Divide,Plainville,Connecticut,Hartford County,,0,41.62902595679197,-72.86923227190253,360809.82,639206.59,40584
4a8d725b-29ae-5457-3fd1-b39fd4cebb26,1924-06-14,2004-02-03,999-96-8673,S99991077,X09854950X,Ms.,Vashti163,Joelle163,O'Reilly797,,,S,white,nonhispanic,F,Bridgeport  Connecticut  US,903 Kassulke Viaduct,Plainville,Connecticut,Hartford County,,0,41.71965189150339,-72.8850173917734,1587074.46,1695981.03,65101
fe36c848-431d-89de-3766-902825528702,1947-10-07,,999-99-2829,S99938931,X91727748X,Mr.,Augustus49,,Gleason633,,,M,white,nonhispanic,M,Guilford  Connecticut  US,219 Bosco Wall Suite 43,Winchester,Connecticut,Litchfield County,,0,41.88874246868783,-73.10181294268614,31109.2,441735.76,177825
791357dd-cafc-8725-8262-cd607e35b7cf,1938-05-12,2010-08-06,999-65-8503,S99986435,X73758529X,Mr.,Kent912,Ozzie259,Barton704,,,M,white,nonhispanic,M,Munich  Bavaria  DE,502 Greenholt Trafficway,Westbrook,Connecticut,Middlesex County,,0,41.33312511299882,-72.49623513880472,223967.88,2596083.48,911773
22755349-7c44-88f6-89a3-38d201219fe5,1958-04-07,,999-12-3510,S99981989,X04522442X,Ms.,Vanetta255,,Prosacco716,,,S,white,nonhispanic,F,Bridgeport  Connecticut  US,529 Prosacco Lock,Newington,Connecticut,Hartford County,9003.0,6111,41.64670613891292,-72.7325142288384,293150.77,856367.06,185221
66e73345-ea9e-6d95-2954-f97bd98383c9,1969-06-10,,999-42-5822,S99996832,X15380529X,Mr.,Ellsworth48,Stanton715,Batz141,,,D,white,hispanic,M,Greenwich  Connecticut  US,952 Okuneva Corner,Stamford,Connecticut,Fairfield County,9001.0,6903,41.026364468905726,-73.50913054964774,164591.09,220680.95,113599
697ba3ba-8a77-fe0b-550e-349fe49865b5,1918-06-01,2000-06-28,999-81-9534,S99928008,X70644578X,Mr.,Carter549,Thanh759,Zieme486,,,M,white,nonhispanic,M,West Hartford  Connecticut  US,414 Skiles Annex Apt 16,Plainville,Connecticut,Hartford County,,0,41.688128390759594,-72.88418384743731,336260.51,810608.88,40584
79a43fa6-3d1b-3503-881e-2cd1d5e5d82b,1955-06-29,,999-86-7209,S99934016,X67233261X,Mrs.,Idell650,Dwana281,Hoppe518,,Gottlieb798,W,other,nonhispanic,F,Stratford  Connecticut  US,1091 Mills Well Unit 81,Norwich,Connecticut,New London County,9011.0,6380,41.55503500305075,-72.09558587493657,476566.96,779995.47,128922
6cf0a56d-c896-1e90-a87f-693250899112,1951-03-11,,999-41-1845,S99964331,X65352211X,Mrs.,Classie132,Georgann131,Romaguera67,,Mohr916,M,white,nonhispanic,F,Newington  Connecticut  US,1040 Herman Crossroad,Canton,Connecticut,Hartford County,,0,41.86637613136283,-72.9516832668049,705563.53,183696.17,97570
c2c59734-fe1a-0537-0b32-19733c94dd8d,1954-04-10,,999-61-9768,S99973654,X49326994X,Mr.,Frederick289,Wilber603,Anderson154,,,M,white,hispanic,M,Old Lyme  Connecticut  US,892 Steuber Village Apt 58,New Milford,Connecticut,Litchfield County,9005.0,6776,41.633548715550155,-73.44372028936814,87036.42,351573.25,493743
5dbefdc5-81eb-3415-1aba-bd932cb85fa3,1938-07-19,2022-12-21,999-80-4255,S99960234,X54096678X,Mr.,Herschel574,Isidro558,Wintheiser220,,,D,white,nonhispanic,M,Woodbury  Connecticut  US,573 Konopelski Ramp,Guilford,Connecticut,New Haven County,,0,41.31286577737632,-72.74250054425742,238710.18,211563.44,65917
63cc4415-90fa-f63f-0c4e-4bd4f7bdeb4e,1918-06-01,2004-12-01,999-31-3105,S99924493,X72175930X,Mr.,Lynwood354,Mitch821,Turner526,,,D,white,nonhispanic,M,Fairfield  Connecticut  US,794 Bauch Key Suite 7,Plainville,Connecticut,Hartford County,,0,41.66201082457735,-72.84728683819391,287379.27,231271.48,40584
1e151501-28f9-92a5-e358-4a241ad15ea0,1918-06-01,1995-05-09,999-30-8793,S99937445,X01007428X,Mr.,Jayson808,Chase54,Lakin515,,,M,white,nonhispanic,M,Hamden  Connecticut  US,617 Runolfsson Trace Suite 83,Plainville,Connecticut,Hartford County,,0,41.65031448346345,-72.88445053100246,263816.07,469416.59,40584
1eae3611-f58e-7531-f754-28c667c84b9b,1943-01-16,,999-39-5780,S99951209,X43285076X,Mr.,Homer307,Shannon293,Senger904,,,S,white,hispanic,M,Waterbury  Connecticut  US,857 Blanda Grove,Waterford,Connecticut,New London County,9011.0,6385,41.37651190161917,-72.11746903330115,252362.11,422568.44,32259
3ee229e6-7e26-0926-ee7f-984e8176f38f,1942-11-18,,999-69-5453,S99928265,X61211152X,Mr.,Raphael767,Wayne846,Robel940,,,M,white,nonhispanic,M,Enfield  Connecticut  US,983 Upton Ville,Tolland,Connecticut,Tolland County,,0,41.872415559207106,-72.37712631078107,380868.63,180092.81,108434
d6b996d5-839e-ccd3-a34f-137902b91907,1971-06-14,,999-10-8790,S99980030,X28568927X,Mr.,Brad867,Lowell343,Sipes176,,,M,black,nonhispanic,M,Hartford  Connecticut  US,485 Renner Parade,Ridgefield,Connecticut,Fairfield County,9001.0,6877,41.339145330538734,-73.47242958123068,169497.64,37837.18,311943
64113bc5-124a-df89-b624-70c896f44e9d,1960-06-08,,999-23-7859,S99936185,X06621100X,Mr.,Ty725,Cedric746,Jenkins714,,,D,white,nonhispanic,M,New Haven  Connecticut  US,181 Heathcote Branch Unit 31,Middletown,Connecticut,Middlesex County,9007.0,6457,41.56345136190797,-72.63719543712969,229807.7,69804.57,74235
b30c9d3b-151a-822c-a396-9502e7fcebb8,1951-07-13,,999-87-7083,S99916466,X50402638X,Mrs.,Steven797,Chelsey293,Bernier607,,Jast432,M,white,nonhispanic,F,Naugatuck  Connecticut  US,155 Thompson Pathway,Madison Center,Connecticut,New Haven County,,0,41.24516161911973,-72.60017784181895,1247239.06,467306.15,87751
a0d28bb8-e022-70fc-23f0-47362e8d117b,1939-05-06,,999-65-3365,S99920362,X62803097X,Mr.,Martín25,,Montalvo564,,,D,white,hispanic,M,Salisbury  Saint Joseph Parish  DM,262 Heidenreich Center Unit 3,Stratford,Connecticut,Fairfield County,9001.0,6611,41.14867617488227,-73.1724303371319,785215.4,1418657.69,64825
44e60aeb-51e8-4fac-9cc7-d68159700dec,1945-08-22,,999-91-9289,S99994157,X08399083X,Mr.,Eduardo902,Hernán834,Rivas297,,,D,white,hispanic,M,Portsmouth  Saint John Parish  DM,460 Bechtelar Row Apt 40,Canton,Connecticut,Hartford County,,0,41.86053354581167,-72.9509638715776,267114.41,204885.9,59444
a66054ba-21c5-debf-46e9-8484044b3ce1,1965-10-05,,999-90-4999,S99944195,X69733006X,Mr.,Charlie254,Norberto865,Greenholt190,,,S,other,nonhispanic,M,West Hartford  Connecticut  US,290 Erdman Street Suite 2,Meriden,Connecticut,New Haven County,9009.0,6450,41.546776065053045,-72.83912700739063,320327.87,718816.02,67757
780f22de-cfa9-fd22-ae1d-adcabf013f95,1972-06-10,,999-80-9769,S99956312,X57721420X,Mr.,Eddy900,Rodger755,Watsica258,,,M,white,nonhispanic,M,East Hartford  Connecticut  US,864 Olson Camp Suite 62,Old Mystic,Connecticut,New London County,9011.0,6372,41.37094788619317,-72.00373797047207,134207.2,241066.83,23921
ebf5418b-02ec-dc94-dd85-e099e1973450,1964-05-16,2015-04-06,999-65-3218,S99958353,X03198516X,Mr.,Nicolas769,Cole117,Weimann465,,,M,white,nonhispanic,M,Norwalk  Connecticut  US,262 Reinger Road Unit 3,Wethersfield,Connecticut,Hartford County,9003.0,6109,41.71878851041058,-72.66410041015185,257110.5,652041.63,72744
07daf1a1-f37c-5743-ca1a-7a158eb2a49a,1946-08-20,2024-02-27,999-52-6949,S99966993,X40812449X,Ms.,Holly570,Jetta614,Pfannerstill264,,,S,white,nonhispanic,F,Ridgefield  Connecticut  US,485 Jacobs Terrace,Southbury,Connecticut,New Haven County,,0,41.4781525417258,-73.27737741152835,900904.73,725008.43,49777
00229130-e769-8779-1601-a9afbd5587aa,1955-04-08,2024-07-09,999-46-3144,S99989108,X70686440X,Mr.,Adam631,,Jones311,,,M,white,nonhispanic,M,New London  Connecticut  US,947 Kuhn Road Apt 15,Ledyard,Connecticut,New London County,,0,41.38765497921153,-72.07025913048703,255381.57,996725.04,164798
73ae4143-8ad0-2de5-446c-944c806954a4,1946-08-20,,999-44-8902,S99992582,X31687505X,Ms.,Kali995,Yasuko490,Medhurst46,,,S,white,nonhispanic,F,Newington  Connecticut  US,139 Bartell Park,Southbury,Connecticut,New Haven County,,0,41.49295387608954,-73.21039995693233,1220309.1,685154.45,49777
63a1932d-b440-931d-32ca-db8965e244d0,1947-01-21,,999-85-6265,S99941652,X69408063X,Mr.,Jorge203,Raúl937,Dávila115,,,S,black,hispanic,M,Caracas  Capital District  VE,551 Kessler Gateway,New Haven,Connecticut,New Haven County,9009.0,6510,41.283492462692024,-72.84256485591635,371482.33,426538.04,35447
e830d2ce-d862-35dd-5d19-3097ffcca5b8,1955-04-08,,999-49-5129,S99922231,X68529711X,Mr.,Jefferson174,,Halvorson124,,,M,white,nonhispanic,M,Stratford  Connecticut  US,749 Skiles Landing,Ledyard,Connecticut,New London County,,0,41.46734105895981,-71.99852412355787,219716.71,240001.97,164798
1c924da4-1bbc-5147-e927-1298aa692457,1962-12-09,,999-30-7127,S99917253,X35429618X,Mr.,Gerard367,,Crooks415,,,M,white,nonhispanic,M,Novosibirsk  Novosibirsk Oblast  RU,104 Cummerata Ramp,Hartford,Connecticut,Hartford County,9003.0,6106,41.75588081652408,-72.65403872529552,14665.61,364982.11,9971
6187dad8-c3f9-7ff2-ae83-d5369afc0a9e,1934-07-19,1984-01-28,999-65-7349,S99967431,X03460637X,Mr.,Andrés117,Antonio44,Menchaca276,,,M,white,hispanic,M,Panama City  Panama  PA,398 Hessel Approach,Simsbury,Connecticut,Hartford County,,0,41.89611025653777,-72.80539219385008,176387.25,0.0,55434
e71dcef0-6e34-7212-bdfa-23fd05c69fc6,1934-07-19,1999-08-27,999-58-4705,S99997399,X38470746X,Mr.,Bernardo699,Alejandro916,Villa94,,,M,white,hispanic,M,Portsmouth  Saint John Parish  DM,637 Smith Trailer,Simsbury,Connecticut,Hartford County,,0,41.91149255366857,-72.86998463624562,533028.71,530402.1,55434
ec68a4da-6ec8-6d72-c7c4-4bf6770f28b2,1930-05-13,2016-03-30,999-68-6562,S99967903,X90529146X,Mr.,Maxwell782,Mose244,Spencer878,,,W,other,hispanic,M,Bridgeport  Connecticut  US,289 Hayes Estate,New Haven,Connecticut,New Haven County,9009.0,6515,41.28003541356848,-72.90821789037196,230311.72,1085599.04,23651
66ccb1d1-8015-914d-c1f5-8ee97bc1776c,1950-08-10,,999-44-5908,S99936406,X85002480X,Mrs.,Sherley266,Shila857,Runolfsson901,,Dare640,M,white,nonhispanic,F,Plainville  Connecticut  US,426 Quitzon Flat Unit 69,Bridgeport,Connecticut,Fairfield County,9001.0,6605,41.19588027169655,-73.18179310639111,20678.95,1558734.61,7269
a0a66a5c-04e4-f8ca-bb4b-fa60a6681ae0,1934-07-19,,999-22-4485,S99984101,X06482866X,Mr.,Gilberto712,Patricio639,Holguín308,,,M,white,hispanic,M,Roseau  Saint George  DM,952 Will Trailer Suite 28,Simsbury,Connecticut,Hartford County,,0,41.924088597539345,-72.8053644625314,502786.18,700724.28,55434
913a1b29-2598-7144-496b-e40a35486efd,1960-01-26,,999-86-9461,S99975498,X23285072X,Mr.,Jonah176,Hans694,Pfannerstill264,,,D,white,nonhispanic,M,Waterbury  Connecticut  US,641 Stokes Rue Suite 1,Waterbury,Connecticut,New Haven County,9009.0,6706,41.55436143970957,-73.00579133874386,11434.94,306012.71,23067
6c55e470-9eec-291c-7be0-85e072ab8b4e,1981-11-13,,999-71-1016,S99987319,X51065690X,Mrs.,Rena430,Cherish740,Lesch175,,Sawayn19,M,white,nonhispanic,F,Newington  Connecticut  US,1014 Hilll Park Unit 41,Guilford,Connecticut,New Haven County,,0,41.33052383348311,-72.70260513616925,295999.62,692575.06,125839
c459f084-4ef5-f43f-87ee-fa6050266f81,1953-12-04,,999-81-6190,S99939280,X64792644X,Mr.,Hans694,Quinton758,Hauck852,,,W,white,nonhispanic,M,Stamford  Connecticut  US,192 Shanahan Passage Unit 99,West Hartford,Connecticut,Hartford County,9003.0,6107,41.748025472359245,-72.77715378226209,429920.82,92259.62,113351
4e0efb00-aeb4-7ea5-85ce-b046e2cf32ba,1936-10-13,,999-43-2061,S99977553,X50949530X,Mrs.,Evangeline16,Danica886,Yost751,,Crist667,M,asian,nonhispanic,F,Bristol  Connecticut  US,315 O'Connell Corner,Suffield,Connecticut,Hartford County,9003.0,6078,41.97299593406517,-72.60570893125494,239302.72,1302678.54,488150
93271658-d9fe-1674-35ac-b4e72343450f,1960-05-22,,999-50-5297,S99934908,X02786661X,Mr.,Alonzo487,,Pfannerstill264,,,M,white,nonhispanic,M,Naugatuck  Connecticut  US,914 Jacobson Terrace Apt 39,Greenwich,Connecticut,Fairfield County,9001.0,6831,41.11961930590128,-73.61114012765123,117531.68,189760.84,191681
54202154-41b3-1b3c-e21d-e6f5a9b22acc,1964-10-24,,999-23-5101,S99928010,X75891455X,Mrs.,Tasia358,Giselle809,Zboncak558,,Legros616,M,white,nonhispanic,F,Burlington  Connecticut  US,366 Pfannerstill Estate Suite 5,Stratford,Connecticut,Fairfield County,9001.0,6615,41.18818369632126,-73.13505456607619,19518.5,1166370.78,10836
27f92d06-19f5-0088-6313-50b8cd064b8a,1954-12-16,,999-74-8283,S99918036,X08710776X,Mrs.,Sheena120,Twila243,Pagac496,,Parker433,M,white,nonhispanic,F,Manchester  Connecticut  US,166 Wiegand Mall Unit 8,Sherwood Manor,Connecticut,Hartford County,,0,41.9736352442899,-72.57592332912324,1211032.54,789514.6,83736
b04e90a8-4e87-22eb-5338-0d098d980b80,1972-06-18,,999-47-4935,S99922199,X56902429X,Mr.,Felipe97,Federico589,Jáquez824,,,M,white,hispanic,M,Lima  Lima Province  PE,194 Bergstrom Promenade Unit 46,Bridgeport,Connecticut,Fairfield County,9001.0,6607,41.153644174445944,-73.1829583921245,211392.52,325551.13,52777
2fda05da-a6c4-835e-b0a1-7a494b43a6ff,1966-03-03,,999-65-2416,S99933911,X37394831X,Mr.,Al123,,Herman763,,,M,white,nonhispanic,M,East Lyme  Connecticut  US,495 Gulgowski Port Apt 90,North Haven,Connecticut,New Haven County,9009.0,6473,41.392969501655216,-72.81603918055202,27407.95,1078824.68,20397
9867c477-8c57-6e11-ffa6-15e5b85ab9cc,1964-08-09,,999-49-6075,S99925699,X76300516X,Mr.,Ezekiel373,Noe500,Hoeger474,,,D,black,nonhispanic,M,Shelton  Connecticut  US,302 Flatley Terrace Apt 59,Stamford,Connecticut,Fairfield County,9001.0,6905,41.03643532410807,-73.53115936414741,323797.06,2550241.45,137460
e8cafd29-db8f-6830-bfca-9cf3d934f1f4,1945-05-23,,999-20-1077,S99928455,X05964897X,Ms.,Jazmin969,Jacquelin132,Metz686,,,S,white,nonhispanic,F,Guilford  Connecticut  US,213 Ruecker View Apt 98,Newington,Connecticut,Hartford County,9003.0,6111,41.677845445915686,-72.73096637306718,1193412.44,725961.85,71155
72ef8501-5896-552f-509e-87c3e8369f74,1953-07-17,,999-34-3330,S99957580,X14534654X,Mr.,Darrell400,Arnoldo445,Fay398,,,W,white,nonhispanic,M,Stamford  Connecticut  US,998 Bernhard Port Unit 90,Enfield,Connecticut,Hartford County,,0,42.01388859396526,-72.5068416861861,270350.58,263702.26,70790
91ef77ae-bbc6-a29c-266b-e184eb000bb5,1967-07-11,,999-61-7684,S99978280,X58629768X,Mr.,Renaldo199,,Jast432,,,D,white,nonhispanic,M,Prospect  Connecticut  US,933 Orn Landing,Waterford,Connecticut,New London County,9011.0,6385,41.36209420780454,-72.14742059973787,148201.45,101093.58,46734
fccec937-117e-90d1-d694-c388c8c35e84,1953-05-26,,999-26-3188,S99914074,X15139279X,Mr.,Chester802,Brett333,McCullough561,,,S,black,nonhispanic,M,Bristol  Connecticut  US,606 Ernser Parade,Bridgeport,Connecticut,Fairfield County,9001.0,6608,41.17042059431445,-73.19462900132208,277268.02,538299.47,47973
9faa29be-4be6-c2b1-d85c-ebf1ff277ee6,1943-10-02,,999-52-5725,S99949863,X55299336X,Mrs.,Clarice719,Gabrielle769,Botsford977,,Mante251,M,white,nonhispanic,F,West Haven  Connecticut  US,923 Eichmann Estate,Clinton,Connecticut,Middlesex County,9007.0,6413,41.29426786907776,-72.55784103530924,779290.77,307412.04,48293
1ca9bc85-be63-5045-ef09-d04baf7f6225,1951-05-05,2010-07-24,999-36-3284,S99922444,X56374957X,Mr.,Ozzie259,,Ledner144,,,D,white,nonhispanic,M,Greenwich  Connecticut  US,926 Grimes Trailer,Fairfield,Connecticut,Fairfield County,,0,41.15054334708004,-73.29322187793474,244453.36,69461.11,859636
70568df6-a1cc-6d98-a678-a217fbbd866c,1951-05-05,,999-10-8555,S99964349,X15757526X,Mr.,Cedrick207,,Funk324,,,M,white,nonhispanic,M,Danbury  Connecticut  US,1009 Leuschke Knoll Unit 99,Fairfield,Connecticut,Fairfield County,,0,41.13220141738999,-73.2474075269896,129002.44,264575.1,859636
104eb795-e5b0-8afd-36a2-be18935d3e48,1966-04-13,,999-61-7237,S99989053,X77287530X,Mr.,Bart73,Chase54,Thiel172,,,M,white,nonhispanic,M,Vernon  Connecticut  US,235 Hegmann Plaza Unit 96,Greenwich,Connecticut,Fairfield County,9001.0,6830,41.0495798456292,-73.66294859625629,98014.77,592207.69,877851
b4560dc3-2e14-4d4a-97ef-20eb5247ad13,1949-11-28,,999-97-5808,S99948620,X07147470X,Mrs.,Elodia940,,Hamill307,,Schumm995,M,white,nonhispanic,F,Watertown  Connecticut  US,558 Kuhlman Forge,Greenwich,Connecticut,Fairfield County,9001.0,6831,41.078804678943946,-73.67219802441363,331860.21,1382064.27,162954
baf12177-8755-338e-a154-ab3aed5e25e5,1935-07-15,,999-68-3848,S99954593,X45034195X,Mr.,Mario764,Lorenzo669,Ybarra887,,,S,black,nonhispanic,M,Wesley  Saint Andrew Parish  DM,272 Smith Track,West Simsbury,Connecticut,Hartford County,9003.0,6092,41.842338261388136,-72.83891731228833,115159.45,450517.61,37882
dc1e433a-9dc9-498e-8622-46a7628624a9,1953-07-31,,999-15-4198,S99916413,X72842014X,Mr.,Roosevelt595,Gaston250,Legros616,,,D,black,nonhispanic,M,East Lyme  Connecticut  US,458 Hermann Manor Suite 88,Cheshire,Connecticut,New Haven County,9009.0,6410,41.5078886058942,-72.91906067908104,193213.58,632950.14,26587
acc70c33-d579-fa0a-370a-1c739929a708,1954-07-18,,999-85-1349,S99996759,X15833972X,Mrs.,Carmen818,Irene779,Olvera69,,Santana368,M,white,hispanic,F,Panama City  Panama  PA,887 Hoppe Tunnel Apt 83,Avon,Connecticut,Hartford County,,0,41.8006107245748,-72.85582170578034,567480.36,366472.48,119244
458c2d01-652e-53b4-63e2-0835f6e0ed5f,1980-09-02,,999-50-8704,S99948323,X72572792X,Mrs.,Kathrin605,Tobi258,McKenzie376,,Mohr916,M,white,hispanic,F,Meriden  Connecticut  US,711 Weber Ville,Stamford,Connecticut,Fairfield County,9001.0,6905,41.08773370913428,-73.50984558635955,297198.52,807922.38,633011
2210c7d3-638f-b602-77f3-3fe890c05b87,1957-05-07,,999-32-2239,S99974883,X92562425X,Mrs.,Chantal971,Else33,Crona259,,Sporer811,M,white,nonhispanic,F,South Windsor  Connecticut  US,282 McGlynn Bridge Suite 31,Noank,Connecticut,New London County,,0,41.35623021427881,-72.02125418215326,315001.91,541008.43,366773
470cc047-5968-45b0-9b17-5c90c82f6fc1,1927-06-06,2009-02-07,999-40-1383,S99986308,X06221454X,Mr.,Elmo857,Van763,Mueller846,,,M,white,nonhispanic,M,Brookfield  Connecticut  US,198 Lind Way,Waterford,Connecticut,New London County,9011.0,6385,41.35339246847971,-72.17318426743758,226478.57,925319.51,23749
3038d5e1-bbdc-34ab-ab7b-197cef2ffecc,1936-12-23,2022-09-05,999-34-1082,S99993262,X23820830X,Mr.,Jim478,Marion502,Nolan344,,,M,white,nonhispanic,M,Coventry  Connecticut  US,294 Deckow Rue Suite 9,Hazardville,Connecticut,Hartford County,,0,41.999985858544136,-72.55827949595289,121581.91,602433.19,624016
d906eb31-55d9-7b60-f39a-e18eb1faf198,1956-03-29,,999-87-1655,S99949552,X25420643X,Mrs.,Junie167,Angele108,Wiegand701,,Roob72,M,white,nonhispanic,F,Newtown  Connecticut  US,348 Greenfelder Annex,Wallingford,Connecticut,New Haven County,,0,41.43337166366283,-72.84542895249886,20156.57,1589374.2,14530
3a84ae22-600a-4ad5-a750-8d5ee5e4889f,1960-02-06,2024-04-01,999-14-8364,S99965261,X69785760X,Mr.,Cyrus914,Carmelo33,Dickinson688,,,W,white,nonhispanic,M,New Haven  Connecticut  US,295 Parisian Bay Unit 96,Norwalk,Connecticut,Fairfield County,9001.0,6855,41.06314279975891,-73.46764426475244,249141.68,51006.12,43341
d20187f7-c87f-eba2-c8b4-863b48d1a488,1927-06-06,2002-04-03,999-18-7803,S99986556,X34959614X,Mr.,Mack300,Gaston250,Harber290,,,M,white,nonhispanic,M,Bristol  Connecticut  US,563 O'Connell Rapid,Waterford,Connecticut,New London County,9011.0,6385,41.364655769096366,-72.16541489666356,254316.97,874799.67,23749
97974dbb-dd04-7d49-506b-c70ae41d1755,1960-07-23,,999-31-1444,S99946201,X29681211X,Mr.,Neil122,Virgilio529,Dickinson688,,,S,white,hispanic,M,Waterbury  Connecticut  US,384 Murphy Run,Seymour,Connecticut,New Haven County,,0,41.35246983743041,-73.08901134042159,19858.92,449723.77,20709
16cf6330-3914-e380-96aa-8c395f939904,1925-10-30,2000-10-04,999-75-6841,S99923163,X47402489X,Mr.,Cleveland582,Wilbert25,Rutherford999,,,S,white,hispanic,M,Westbrook Center  Connecticut  US,339 Ankunding Rapid,Fairfield,Connecticut,Fairfield County,,0,41.17902559604867,-73.24111634417989,171925.96,2205632.22,127231
d913933d-245f-b65a-eb2a-cb0d9fb2cb69,1942-03-18,,999-61-8624,S99955419,X43594543X,Mr.,Marquis364,Noble66,Reilly981,,,M,white,nonhispanic,M,Watertown  Connecticut  US,718 Langworth Walk,Portland,Connecticut,Middlesex County,9007.0,6480,41.55544992420209,-72.55153207765919,238847.12,579239.01,121395
6a681ca0-bcf4-69fe-6ca2-fccd5d86d565,1962-11-30,,999-79-4338,S99936197,X65751606X,Mrs.,Eura647,Shanae34,Blick895,,Jacobs452,M,native,nonhispanic,F,Norwich  Connecticut  US,1004 Nikolaus Neck Suite 12,Montville,Connecticut,New London County,,0,41.475006455797754,-72.17034605961675,1159973.37,786734.76,76923
cd7db5ff-1313-39fd-73af-814fc5d14501,1973-09-29,,999-12-5147,S99942730,X58902217X,Mr.,Jed345,,Leuschke194,,,M,white,nonhispanic,M,Wethersfield  Connecticut  US,808 Conn Underpass,Bridgeport,Connecticut,Fairfield County,9001.0,6608,41.190917720804755,-73.16200820351763,143774.1,840660.97,743704
f30ea25d-f899-19d5-e264-72278ccef67e,1970-11-19,,999-46-5798,S99983774,X95195899X,Mr.,Shannon293,Erwin847,Conn188,,,M,white,nonhispanic,M,Bridgeport  Connecticut  US,384 Hegmann Walk,Prospect,Connecticut,New Haven County,,0,41.52250718229951,-72.9260035316304,175034.75,60700.85,139382
aed0960d-4459-d516-173a-165567028b4d,1949-11-10,,999-71-6598,S99952284,X87129994X,Mr.,Chad48,Jordan900,King743,,,D,asian,nonhispanic,M,Mansfield  Connecticut  US,266 Williamson Burg,Guilford,Connecticut,New Haven County,,0,41.32047127835698,-72.70287530567835,128601.02,794951.25,74137
33ff00c7-0332-492c-62ed-1925b2097e1f,1936-12-23,2014-05-03,999-33-6514,S99959623,X71887006X,Mr.,Nigel915,Kieth891,Gleichner915,,,D,white,nonhispanic,M,Ansonia  Connecticut  US,1028 Wehner Annex,Hazardville,Connecticut,Hartford County,,0,42.03899298720808,-72.48911872761279,326932.04,1352597.73,624016
785b5167-007f-93b8-5a67-6d234a685271,1936-12-23,2005-03-14,999-70-6219,S99978208,X42021361X,Mr.,Winston220,Ivan258,Langworth352,,,M,white,nonhispanic,M,Oxford  Connecticut  US,654 Wisoky Forge Suite 52,Hazardville,Connecticut,Hartford County,,0,41.98269453595798,-72.56470472560781,249172.31,197795.03,624016
0f4aa8e6-ccfb-e2d7-7b7b-9fedb0626cd1,1961-04-16,,999-48-8507,S99945906,X13336791X,Mr.,Spencer878,Dirk334,Paucek755,,,D,white,nonhispanic,M,Stamford  Connecticut  US,1097 Stokes Trafficway,New Haven,Connecticut,New Haven County,9009.0,6515,41.30579947011827,-72.95318475468473,344533.6,776280.32,140473
b8bae0ba-d485-a8d0-38b6-9fa6d244a95c,1936-12-23,,999-50-3381,S99917444,X40709335X,Mr.,Matthew562,Blaine377,Beier427,,,M,white,nonhispanic,M,Danbury  Connecticut  US,525 Mayer Vista,Hazardville,Connecticut,Hartford County,,0,41.957321501850295,-72.52597974282021,216468.46,325192.83,624016
89b0ac9c-f981-5291-f143-ff79d34ff00f,1947-01-18,,999-49-6976,S99920312,X68103189X,Mr.,Samual455,Duane703,Langworth352,,,M,white,nonhispanic,M,Stafford  Connecticut  US,954 Gusikowski Village,Rockville,Connecticut,Tolland County,,0,41.86079858421639,-72.48141353589158,550194.01,438324.71,40725
50072195-99b1-c66a-14c4-a3aaaa0d6643,1919-02-24,1984-10-14,999-35-4636,S99955155,X89382720X,Mr.,Miguel815,Samuel331,Valle770,,,S,white,hispanic,M,Guatemala City  Guatemala  GT,631 Marquardt Stravenue,Norwalk,Connecticut,Fairfield County,9001.0,6854,41.07457238043192,-73.40326047142864,148022.74,426848.72,93483
48b0d2e9-40af-476a-93b7-7df9adf98932,1958-06-09,,999-90-9848,S99958451,X96967468X,Ms.,Palmira118,Jackie93,Steuber698,JD,,S,black,nonhispanic,F,Wallingford Center  Connecticut  US,148 Lubowitz Trail Apt 67,Simsbury Center,Connecticut,Hartford County,,0,41.881275072998775,-72.78245273520358,758337.58,142836.3,97969
f6e10c1d-6e04-6645-60d8-5a02c48b1743,1942-10-24,,999-16-1120,S99978311,X34179030X,Mrs.,Suzie388,Val761,Ratke343,,Hand679,M,black,nonhispanic,F,Hartford  Connecticut  US,288 Feil Ville Apt 63,Hartford,Connecticut,Hartford County,9003.0,6120,41.77973526709898,-72.69697937170106,353134.27,921895.9,130531
9ec0fd0c-e4a3-fe0a-fb5d-991cbf5bd562,1928-05-07,2013-03-18,999-99-4132,S99935607,X25243334X,Mr.,Marcus77,Jason347,Cormier289,,,S,black,nonhispanic,M,West Hartford  Connecticut  US,836 Fay Dam Apt 8,New London,Connecticut,New London County,9011.0,6320,41.30298414608429,-72.13529952404204,242018.7,3257372.7,89563
a8c8c873-a6e7-e5c5-cb77-2e2dc29b03b7,1919-02-24,2001-09-28,999-55-3802,S99984114,X93384516X,Mr.,Mario764,Ignacio928,Mojica921,,,M,white,hispanic,M,Santiago de los Caballeros  Santiago  DO,154 Medhurst Rapid Suite 3,Norwalk,Connecticut,Fairfield County,9001.0,6850,41.06210296854851,-73.39782563750796,261398.1,389627.12,93483
835cd1da-31ba-d73f-b8d5-27a638bf1b64,1948-01-27,,999-59-9137,S99961522,X01199705X,Ms.,Piper612,Bev675,Lesch175,,,S,white,nonhispanic,F,Windsor Locks  Connecticut  US,1058 Krajcik Hollow,Stamford,Connecticut,Fairfield County,9001.0,6906,41.05702533306394,-73.5206931650625,647826.09,636764.4,45066
28b97195-4a3c-8c0a-523f-9b7915072ac2,1956-03-24,,999-31-1406,S99960235,X67580172X,Mr.,Julio César525,,Quintana711,,,S,white,hispanic,M,Bayamon  Puerto Rico  PR,614 Heathcote Branch,Colchester,Connecticut,New London County,9011.0,6415,41.59643598028132,-72.31989191632215,163168.92,1007633.08,179201
81db4d10-71c4-9577-f365-37160c25cbd5,1956-12-26,,999-15-8966,S99918619,X58696162X,Mr.,Wilbert25,Otha286,Stamm704,,,S,white,nonhispanic,M,Windsor Locks  Connecticut  US,1014 Schultz Mill Unit 58,Cos Cob,Connecticut,Fairfield County,9001.0,6807,41.02829758661346,-73.58910394134482,160290.22,278358.56,486242
c5003cbc-e719-add7-9240-cfa598ec300d,1949-03-31,2014-06-25,999-54-6864,S99988636,X52670652X,Ms.,Elayne206,,Hermann103,,,S,white,nonhispanic,F,West Haven  Connecticut  US,677 DuBuque Key,Stamford,Connecticut,Fairfield County,9001.0,6907,41.025546052122145,-73.52728508397806,472786.44,2745815.39,540442
cc17c2b1-7fcc-a0fe-021f-69e68760328f,1957-04-22,2018-10-21,999-37-4068,S99970448,X53020578X,Mr.,Quentin28,Eli762,Fritsch593,,,M,white,nonhispanic,M,Norwalk  Connecticut  US,364 Muller Rapid Apt 39,Killingworth,Connecticut,Middlesex County,,0,41.41383702171314,-72.62486435019365,585991.72,405905.2,44326
14220a69-094d-1c8e-de1f-9dedea7cf564,1957-04-22,,999-58-9079,S99924887,X42817708X,Mr.,Antwan357,Hyman89,Sawayn19,,,M,white,nonhispanic,M,New Canaan  Connecticut  US,493 Herzog Dam Suite 63,Killingworth,Connecticut,Middlesex County,,0,41.364805131053735,-72.5895819790077,205683.24,94953.44,44326
a5653537-3818-ec78-af25-35dd7896d361,1974-10-05,,999-44-4660,S99966559,X12155920X,Mr.,Marlon619,Leland44,Stoltenberg489,,,M,white,hispanic,M,Suffield  Connecticut  US,481 Schowalter Loaf Unit 99,Middlebury,Connecticut,New Haven County,,0,41.549425601441705,-73.13044472499449,79744.56,127632.93,33338
cb077a2c-f666-3f73-3a75-8e8921c72b6e,1985-01-16,,999-34-2354,S99941244,X82882865X,Mrs.,Yesenia104,Kourtney511,Kessler503,,Armstrong51,M,white,nonhispanic,F,Mansfield  Connecticut  US,1041 Zulauf Skyway Unit 6,Georgetown,Connecticut,Fairfield County,9001.0,6829,41.19984727534825,-73.47703770284689,355846.96,444471.16,62264
64519b74-7677-b513-4359-67a7f994d704,1924-10-31,,999-20-9778,S99964759,X31715292X,Mr.,Jordon466,Dominic463,Pfeffer420,MD,,M,black,nonhispanic,M,Southington  Connecticut  US,171 Weissnat Club,Blue Hills,Connecticut,Hartford County,,0,41.81984079101522,-72.68494478266415,17545.45,515044.96,10218
649699d7-ad01-8987-b4b8-4d869d4c5073,1929-01-24,,999-11-8531,S99988363,X53389162X,Mr.,Mariano761,Rodney21,Denesik803,,,S,asian,nonhispanic,M,Beijing  Beijing Municipality  CN,322 Funk Quay,Trumbull,Connecticut,Fairfield County,9001.0,6611,41.304184348770264,-73.22630959710824,255306.66,866036.63,35099
77e29498-1006-3b56-e0e4-2f70b5dc457f,1956-07-09,,999-69-7667,S99912866,X57955461X,Mrs.,Vernita491,Sabina296,Treutel973,,Denesik803,M,white,nonhispanic,F,Norwalk  Connecticut  US,720 Barrows Rapid Unit 29,Danbury,Connecticut,Fairfield County,9001.0,6804,41.51148689310805,-73.37030263017922,372491.49,786000.45,148713
77cfadd2-f7f3-67bc-7335-8008540e201c,1959-10-08,2018-12-07,999-79-2011,S99962530,X76543912X,Mr.,Bryan958,Zachariah133,Weber641,,,M,white,nonhispanic,M,West Haven  Connecticut  US,1086 Predovic Route Apt 16,Essex,Connecticut,Middlesex County,9007.0,6426,41.349247781294665,-72.41230563799274,76226.2,223816.32,122756
7678559a-493a-b41e-7503-ca8875b8ee0e,1956-03-05,,999-14-6295,S99911140,X42551240X,Mr.,Jerrold404,Tobias236,Kuhn96,JD,,D,other,nonhispanic,M,Newington  Connecticut  US,743 Rice Plaza Apt 31,Waterbury,Connecticut,New Haven County,9009.0,6710,41.51036068685921,-73.03451374972471,165232.34,401436.94,23487
1d5d376c-aeb6-f53a-9fae-f557ab3a7ddf,1929-01-15,,999-35-1366,S99996718,X94339150X,Mrs.,Shayne60,Kathleen516,Stracke611,,Gerhold939,M,white,nonhispanic,F,New Haven  Connecticut  US,500 Auer Wynd,Simsbury,Connecticut,Hartford County,,0,41.90132741383769,-72.85071815036339,1076632.24,405620.2,99896
159a6f04-d422-4c1f-4775-63557ec0bede,1925-03-23,1996-01-12,999-87-3246,S99956742,X02856779X,Mr.,Ben667,Freddy176,Davis923,,,S,hawaiian,nonhispanic,M,Oxford  Connecticut  US,497 Casper Union,Windham,Connecticut,Windham County,,0,41.691406765696314,-72.18169093021261,33212.81,879811.37,6026
0425c0a3-d710-0872-f2f9-a5614203d38d,1925-03-23,,999-97-4024,S99980007,X96382852X,Mr.,Elliott563,Claude750,Pfeffer420,,,S,hawaiian,nonhispanic,M,West Haven  Connecticut  US,972 Kulas Burg,Windham,Connecticut,Windham County,,0,41.73495779953566,-72.1750055018313,306457.99,1647034.37,6026
e506da44-3589-92d8-d0cc-6afda5b526b9,1942-09-14,2024-04-03,999-57-6944,S99988582,X08463563X,Mrs.,Aurelia213,Clementina782,Hartmann983,,Veum823,M,white,nonhispanic,F,Danbury  Connecticut  US,769 Hane Mall,Mansfield,Connecticut,Tolland County,,0,41.74541283896205,-72.2531073900451,484058.72,1286559.02,148806
a1f9b6d2-0199-8f2a-cbba-5262e0ab446d,1949-06-20,,999-49-5934,S99967703,X94860857X,Mrs.,Kathline630,Francina926,West559,,Nicolas769,M,white,nonhispanic,F,East Haven  Connecticut  US,402 Mosciski Lodge,Meriden,Connecticut,New Haven County,9009.0,6451,41.56499354180708,-72.79799359171236,1320816.81,1344240.27,77598
7de7674f-1ba0-c231-6737-21794f193f20,1925-03-16,2002-09-27,999-68-8904,S99959585,X52140290X,Mr.,Von197,Bryan958,D'Amore443,,,M,white,nonhispanic,M,Waterbury  Connecticut  US,590 Nienow Fork,New Britain,Connecticut,Hartford County,9003.0,6053,41.727899542631256,-72.7542334036369,393632.95,163098.76,62764
3316b1fd-ee41-7777-e086-bd7d206b4eb0,1959-06-12,2013-09-27,999-23-2933,S99935917,X02946281X,Mr.,Clark193,Deandre599,Welch179,,,D,white,nonhispanic,M,Harwinton  Connecticut  US,912 Jakubowski Viaduct Unit 95,Bridgeport,Connecticut,Fairfield County,9001.0,6605,41.16619265811413,-73.20196784353128,59436.23,1058279.54,17441
7dfc58d8-612f-88fc-a25b-b7923f5befd8,1959-06-12,,999-32-1952,S99910501,X40405058X,Mr.,Blaine377,Hiram237,Fisher429,,,M,white,nonhispanic,M,Watertown  Connecticut  US,927 Mertz Fort Apt 20,Bridgeport,Connecticut,Fairfield County,9001.0,6605,41.158481519495616,-73.1483756365067,100594.42,1272756.38,17441
7f33de0d-3ac3-14a9-ef97-c78108f2272f,1949-08-12,,999-45-7946,S99964541,X93940473X,Mrs.,Sharan181,,Hartmann983,,Lemke654,W,white,nonhispanic,F,New Hartford Center  Connecticut  US,125 Johnston Boulevard Apt 58,Oxford,Connecticut,New Haven County,,0,41.47160116411869,-73.19522472382114,114101.8,1707434.33,190542
a3e31331-6fd5-6d19-b0a4-d648fbac1894,1953-04-15,,999-16-5585,S99978081,X01226554X,Mrs.,Maryanne663,Josie226,Prohaska837,,Moen819,M,white,nonhispanic,F,Wilton  Connecticut  US,163 O'Keefe Trailer Unit 76,Torrington,Connecticut,Litchfield County,9005.0,6790,41.83447835294556,-73.08367940594745,533952.93,1573864.64,145424
90605940-0029-1d61-eed5-f178e1b99461,1961-05-06,2025-03-31,999-70-3270,S99950280,X08919766X,Ms.,Lura184,Regena252,Maggio310,,,S,white,nonhispanic,F,Sharon  Connecticut  US,450 Tremblay Ferry Apt 37,Greenwich,Connecticut,Fairfield County,9001.0,6830,41.069817585158525,-73.66761160075175,483980.74,1285351.75,980115
f3bc1b1a-9ee9-5561-f20e-c3f1f1893713,1952-01-26,,999-32-8829,S99974625,X05613025X,Mr.,Freeman822,Oswaldo857,Willms744,,,S,white,nonhispanic,M,Farmington  Connecticut  US,674 Casper Plaza Apt 86,Beacon Falls,Connecticut,New Haven County,,0,41.458229002728146,-73.03470628266726,139706.64,889461.46,131092
a3fdfa04-32d6-f31d-fc61-694fa0c222eb,1966-12-15,,999-53-9545,S99920478,X70443229X,Mr.,Eddie505,Joel444,Konopelski743,,,M,black,nonhispanic,M,Greenwich  Connecticut  US,939 Greenfelder Wall,Greenwich,Connecticut,Fairfield County,9001.0,6830,41.029577676442784,-73.5911566622814,205649.79,98953.19,289352
ff6858dc-1fae-a3c9-2c61-0baffd2e7c07,1970-12-12,,999-82-1782,S99983968,X23170451X,Mr.,Wm806,Demetrius568,Cummings51,,,D,white,nonhispanic,M,Watertown  Connecticut  US,410 Heidenreich Course,East Haven,Connecticut,New Haven County,9009.0,6513,41.368372219931295,-72.8071607969881,497279.06,774797.85,69906
1491eba8-6778-81ff-8b40-2a4285ef3b61,1945-07-22,,999-32-4197,S99996933,X05469918X,Mr.,Jonathon205,,Marks830,,,M,black,hispanic,M,Torrington  Connecticut  US,245 Fadel Skyway Suite 33,North Branford,Connecticut,New Haven County,,0,41.33822120632777,-72.82628462032471,37551.38,1638003.84,4981
1de4e9b8-22a7-be84-f266-c7328a147784,1933-04-17,2024-01-07,999-80-6392,S99944123,X64258612X,Mr.,Brian582,,Feeney44,,,M,hawaiian,nonhispanic,M,Bethlehem Village  Connecticut  US,633 Kreiger Rapid Suite 63,Hartford,Connecticut,Hartford County,9003.0,6117,41.70841536509755,-72.65345135896943,293256.47,2233577.37,180291
628154c0-44a2-13f0-a554-16f8a3ae4ce7,1971-02-23,,999-24-6409,S99933777,X45302512X,Mr.,Gerardo48,Alejandro916,Regalado83,,,M,white,hispanic,M,Salisbury  Saint Joseph Parish  DM,145 Keeling Skyway,Redding,Connecticut,Fairfield County,,0,41.31799255683104,-73.37060754355153,13621.32,259066.11,20144
f0901a1d-8817-848d-5074-15e2bf431156,1950-06-03,,999-64-1870,S99940354,X15539625X,Mr.,Omar359,Rigoberto443,Dooley940,,,D,white,nonhispanic,M,New Britain  Connecticut  US,941 Kiehn Drive,Essex,Connecticut,Middlesex County,9007.0,6426,41.30968074075455,-72.37518916860587,92079.35,287363.91,373476
0257146c-9964-d1c4-6f37-30b1250a0d26,1950-02-17,,999-18-7129,S99994637,X13947693X,Ms.,Julia241,,Mayert710,,,S,white,nonhispanic,F,Nice  Provence-Alpes-Cote d'Azur  FR,304 Heller Rapid Apt 46,Hamden,Connecticut,New Haven County,,0,41.40031473718367,-72.92832143688945,15347.58,781210.16,11989
cad276af-80a5-0a92-9970-8113166f4660,1933-04-17,,999-48-5139,S99924761,X40645489X,Mr.,Josue598,Carter549,Kshlerin58,,,S,hawaiian,nonhispanic,M,Wallingford  Connecticut  US,665 Jacobs Trace Unit 97,Hartford,Connecticut,Hartford County,9003.0,6120,41.74694712181993,-72.6804916605874,186722.64,2734806.61,180291
4c90202c-b6ea-8d21-ef24-c8af9871c2eb,1940-07-25,,999-51-2726,S99927754,X01016973X,Mr.,Stewart672,Tory770,Leannon79,,,S,white,nonhispanic,M,Plainfield  Connecticut  US,386 Dickens Trace Suite 66,Meriden,Connecticut,New Haven County,9009.0,6450,41.5073059292757,-72.85932894693394,16095.06,543478.0,9168
0e2eed92-a880-4d53-4cbb-fa0974088561,1943-08-23,,999-59-3362,S99987279,X57811388X,Mr.,Mack300,Sol312,Kirlin939,,,S,black,nonhispanic,M,Farmington  Connecticut  US,463 Kuhn Approach,Bridgeport,Connecticut,Fairfield County,9001.0,6606,41.146728963583854,-73.24470141238197,303955.19,390538.1,94178
cf52a121-f022-37d6-a323-913b9ed752c8,1925-11-22,,999-99-5519,S99959025,X82442130X,Mr.,Sandy901,Silas208,Hyatt152,,,M,white,nonhispanic,M,Greenwich  Connecticut  US,1079 Prosacco Branch,Fairfield,Connecticut,Fairfield County,,0,41.15674528113546,-73.27174118877168,291686.02,710437.4,49969
020a56e3-5d79-5c72-ca54-d2e4bd33df8c,1966-06-03,,999-18-4892,S99962351,X46483607X,Mrs.,Erlinda993,Carolyn322,Smitham825,,Jerde200,D,black,nonhispanic,F,Glastonbury  Connecticut  US,495 Erdman Dale Suite 61,Hartford,Connecticut,Hartford County,9003.0,6117,41.70757042371611,-72.6593244368858,676179.7,346159.84,44386
c51e26ef-6047-4050-8148-2d5a86bf3527,1951-10-02,,999-59-8930,S99981031,X55207032X,Mr.,Weldon459,Grady603,Kertzmann286,,,M,white,nonhispanic,M,Waterbury  Connecticut  US,1090 Purdy Green,New Canaan,Connecticut,Fairfield County,,0,41.16097982630821,-73.53264533107946,216198.62,189913.79,89853
cf2f6e33-6644-27a8-527f-737003ab7ab7,1936-11-24,,999-39-6594,S99981654,X58677416X,Mr.,Burton124,Dewayne363,Bartoletti50,,,S,black,hispanic,M,Hamden  Connecticut  US,232 Heathcote Drive,Westport,Connecticut,Fairfield County,9001.0,6880,41.09840724622116,-73.30449191091223,212110.34,2213450.61,538925
36c86f70-85b0-1d4b-55ae-a26098f0d30d,1967-06-29,,999-46-8466,S99978208,X35949704X,Mr.,Carmen818,Omer483,Mayer370,,,D,white,nonhispanic,M,New Haven  Connecticut  US,309 Crona Village,Manchester,Connecticut,Hartford County,9003.0,6040,41.804172702377926,-72.5435810208649,176159.9,107268.63,113107
a3dc1e3f-47b0-94d2-6f04-d3ab9358e397,1946-10-17,2003-03-03,999-80-2512,S99985632,X71167691X,Mr.,Chance908,,Buckridge80,,,M,white,nonhispanic,M,Avon  Connecticut  US,647 Barton Lodge Unit 49,Waterford,Connecticut,New London County,9011.0,6385,41.31401425153633,-72.20261970063575,25249.31,739426.61,8593
4c49d542-e52a-2c94-4678-c0e818a25e51,1924-04-24,,999-60-7126,S99917341,X97590183X,Mr.,Andrew29,,Spinka232,JD,,M,white,nonhispanic,M,Madison  Connecticut  US,480 Gleichner Village Unit 1,Simsbury,Connecticut,Hartford County,,0,41.856330317220454,-72.80975779889413,210493.55,399408.74,629067
49a191f7-449c-7da9-e21f-c5af5bdf8adf,1944-11-22,,999-85-4501,S99944815,X58484665X,Mr.,Terrence276,Clair921,Runolfsdottir785,,,D,white,nonhispanic,M,Waterford  Connecticut  US,796 Carter Way,Winchester,Connecticut,Litchfield County,,0,41.9524900054758,-73.12690140308464,263865.64,601308.18,50029
d98433e2-ea81-b3c6-fb79-6d68e8858dd3,1927-10-11,2001-01-02,999-74-7723,S99993804,X52260904X,Ms.,Cinderella355,Felicidad691,Satterfield305,,,S,white,nonhispanic,F,Lyon  Auvergne-Rhone-Alpes  FR,312 Renner Course Apt 71,New London,Connecticut,New London County,9011.0,6320,41.30687794531811,-72.08730490799012,1216771.14,1254938.58,62817
c60c3965-5858-9dcb-3e21-8fd0bf6b5335,1937-09-03,2025-08-29,999-43-1726,S99911695,X92839721X,Mr.,Moses679,,Jakubowski832,,,M,hawaiian,nonhispanic,M,Avon  Connecticut  US,475 Fisher Orchard,Cornwall,Connecticut,Litchfield County,,0,41.89911542596039,-73.30980509547177,426979.81,403615.97,83645
b80ddb43-8cc6-2739-4675-af0b46dcab86,1948-06-21,2023-06-11,999-47-2989,S99992817,X74842809X,Mr.,Rodger755,Cletus494,Hagenes547,,,M,white,nonhispanic,M,Ridgefield  Connecticut  US,988 Rau Course,East Haddam,Connecticut,Middlesex County,,0,41.43014603232819,-72.39514688101482,780925.77,1185977.67,72780
638287c4-e399-34a6-e05c-cd0251528d1d,1932-09-14,,999-42-9611,S99936924,X62900448X,Mr.,Johnny786,Jonathon205,Ryan260,,,W,white,nonhispanic,M,New Britain  Connecticut  US,679 Carter Alley,Danbury,Connecticut,Fairfield County,9001.0,6810,41.379520287254095,-73.44579471816459,74765.97,1267798.49,197614
5d26bb03-a093-d8e2-659b-ff5c7f7e1a59,1966-11-23,2019-12-26,999-59-2022,S99969801,X31911761X,Ms.,Danielle72,Sueann178,Daniel959,,,S,white,nonhispanic,F,Middletown  Connecticut  US,344 Fisher Common,West Haven,Connecticut,New Haven County,9009.0,6516,41.30963435898634,-72.99164840991254,1080774.2,976329.17,48679
66f81fbc-3aab-8921-738f-335ebf273e9c,1927-10-11,2021-02-23,999-97-9031,S99927510,X36695668X,Mrs.,Elinore878,Tajuana20,Jacobson885,,Sawayn19,D,white,nonhispanic,F,Toulouse  Occitanie  FR,567 Oberbrunner Junction Unit 17,New London,Connecticut,New London County,9011.0,6375,41.36960990866629,-72.0582977966853,881585.36,1150311.72,62817
28ce6cc6-a582-4743-5ccd-7c6764015f15,1964-07-21,,999-36-9939,S99965545,X16422435X,Mrs.,Elsie248,Lovie151,Dach178,,Mueller846,M,black,nonhispanic,F,New Britain  Connecticut  US,522 Cruickshank Road Unit 82,Norwalk,Connecticut,Fairfield County,9001.0,6854,41.163389230521055,-73.42705648900548,953956.01,172287.99,71442
f2d7cc09-d3ff-48a2-f3b5-9376956d8df7,1944-08-06,2017-02-19,999-79-2639,S99954768,X39207471X,Mrs.,Sharika71,Elaine830,Bahringer146,,Ortiz186,M,black,hispanic,F,Middlefield  Connecticut  US,937 Casper Bay,Suffield,Connecticut,Hartford County,9003.0,6078,41.95616803559817,-72.67608551614921,260003.39,1339167.17,137906
24379d93-202b-0dcf-6e2b-58018db7b90a,1960-08-20,,999-92-3214,S99954555,X48562765X,Ms.,Tatiana738,Mozella148,Konopelski743,,,S,white,nonhispanic,F,West Haven  Connecticut  US,731 Fay Well Apt 19,Middletown,Connecticut,Middlesex County,9007.0,6457,41.551183003617055,-72.70267811970905,711226.04,303608.48,66376
a8402c5f-1d77-a0fc-b2e2-2f4bfbe04ba9,1927-10-11,,999-70-6210,S99982729,X75863555X,Mrs.,Marjorie611,Vi771,Leannon79,,Lowe577,M,white,nonhispanic,F,Nice  Provence-Alpes-Cote d'Azur  FR,606 Muller Meadow Unit 30,New London,Connecticut,New London County,9011.0,6375,41.34056524875897,-72.13112124060753,968425.61,517874.34,62817
1f58a428-477a-27c1-6f0d-956ab27c6ab9,1960-02-09,,999-13-4924,S99964293,X94711663X,Mr.,Elvin140,Jean712,Labadie908,,,S,white,nonhispanic,M,Fairfield  Connecticut  US,776 Dietrich Camp Unit 64,Bridgeport,Connecticut,Fairfield County,9001.0,6610,41.239725976677995,-73.19983979882133,558918.89,467071.92,68202
42203e5f-b3e4-1aa9-8687-454d3967e0da,1955-04-08,2025-02-23,999-53-9608,S99931766,X49804116X,Mr.,Laverne101,Jame231,Rempel203,,,M,white,nonhispanic,M,Wallingford  Connecticut  US,351 Mayert Light Apt 95,Lake Pocotopaug,Connecticut,Middlesex County,,0,41.6351053941287,-72.50974556005148,134525.53,334253.06,49512
294e0462-3788-821c-cd7b-e12f5c1f786d,1947-03-19,,999-11-9478,S99964858,X60318549X,Mr.,Agustin437,Hank686,Haley279,,,D,white,nonhispanic,M,Wethersfield  Connecticut  US,584 Waelchi Junction,Middletown,Connecticut,Middlesex County,9007.0,6457,41.575995077804805,-72.64621592101443,128983.42,268275.29,162000
0a4a1995-ec13-ecca-0194-1ee4a1bb61e3,1945-11-15,2022-05-06,999-85-4250,S99969642,X04790962X,Mrs.,Ruby458,,Gleason633,,Schneider199,M,asian,nonhispanic,F,Brookfield  Connecticut  US,1034 Boehm Tunnel,Bridgeport,Connecticut,Fairfield County,9001.0,6607,41.213616371561955,-73.24121513728412,1165765.0,303190.25,47071
adfef02b-be6d-f39f-4508-9ab6d69aa15c,1966-12-01,,999-45-1415,S99921144,X74593618X,Mr.,Morgan564,Carl856,Dickens475,,,M,black,nonhispanic,M,Middlefield  Connecticut  US,384 Lemke Viaduct,Wolcott,Connecticut,New Haven County,,0,41.63938118070852,-72.99148262650405,227536.57,58828.02,86176
fc641ea3-0cf7-1fa4-4cb2-e2e529b31828,1950-09-29,,999-18-9529,S99992590,X34542292X,Mrs.,Estela596,Esperanza675,Salazar800,,Aguirre875,M,white,hispanic,F,Caracas  Capital District  VE,331 Lemke Fork,West Hartford,Connecticut,Hartford County,9003.0,6105,41.7322658344172,-72.71447343169116,443023.07,1154945.4,134931
f2ccff33-31a5-8b24-a101-3e527232dfb4,1955-04-13,,999-37-8895,S99982205,X07989604X,Ms.,Dina200,,Johns824,,,S,white,nonhispanic,F,Bridgeport  Connecticut  US,121 Carter Promenade Apt 96,Mansfield,Connecticut,Tolland County,,0,41.81101070329262,-72.19855349877682,28681.79,1219136.83,8067
6006e9ed-188d-1b24-9e02-28d909e08067,1945-11-15,,999-12-8066,S99942923,X51187939X,Mrs.,Andra606,Donnette259,Runolfsdottir785,,Hammes673,M,asian,nonhispanic,F,Enfield  Connecticut  US,592 Herzog Forge,Bridgeport,Connecticut,Fairfield County,9001.0,6611,41.250597832467605,-73.22214130439843,1540465.53,1002793.97,47071
e3f59acc-45f0-b153-c939-a7649c7de6c1,1940-12-02,,999-39-7929,S99959999,X92390099X,Mr.,Lucas404,Jeffry142,Schulist381,,,D,white,nonhispanic,M,Plymouth  Connecticut  US,781 Wilderman Harbor Unit 32,Sprague,Connecticut,New London County,,0,41.594985260049626,-72.06880267462176,15635.42,450686.42,17022
08bd0418-52a9-c1b8-fc10-78ce8312e214,1970-10-15,,999-98-8131,S99956442,X95317769X,Mr.,Danilo179,,Buckridge80,,,D,white,nonhispanic,M,Stamford  Connecticut  US,891 Reichert Crossing Suite 86,Darien,Connecticut,Fairfield County,9001.0,6820,41.03693198645728,-73.52814552574922,73320.39,176055.91,168074
e1636016-a3fc-7d7a-6eaa-2cf0ccbaed1b,1936-09-13,,999-73-6433,S99966472,X38029290X,Mr.,Emery884,Warren653,Schultz619,,,M,white,nonhispanic,M,Coventry  Connecticut  US,595 Bailey Street,Oakville,Connecticut,Litchfield County,9005.0,6779,41.6124215391745,-73.09611890571318,556901.61,1882321.74,93724
f5ce1e4e-c524-45f3-c800-28abc1b93aca,1967-07-23,,999-81-1609,S99918231,X73006382X,Mr.,Gregory545,Dirk334,Schinner682,,,M,white,nonhispanic,M,Westport  Connecticut  US,1024 O'Keefe Approach,Granby,Connecticut,Hartford County,,0,41.96377246059572,-72.86673261029142,185732.98,307236.88,32575
7cf17e10-f84a-10c7-2809-3d590a56bd72,1960-09-16,,999-25-3595,S99971864,X66848739X,Mrs.,Rosemary734,Gay359,Kilback373,,Moen819,M,white,nonhispanic,F,Bridgeport  Connecticut  US,186 Luettgen Mall Suite 41,Stamford,Connecticut,Fairfield County,9001.0,6831,41.1115734808393,-73.6366492157003,912720.09,349751.21,89196
00b8faa9-dae2-fa2d-a693-e57b034bf58a,1969-01-28,,999-27-8142,S99954797,X90686994X,Mr.,Giuseppe872,Rafael239,Gislason620,,,M,white,nonhispanic,M,West Hartford  Connecticut  US,827 Walsh Lane,Danbury,Connecticut,Fairfield County,9001.0,6811,41.4521513626281,-73.40704492050341,14586.56,896492.0,10094
92a3c298-725f-a3c5-51b3-3d180a233d8b,1950-09-06,,999-86-8828,S99971624,X46045594X,Mr.,Manuel446,Zane918,Gaylord332,,,M,white,nonhispanic,M,New Haven  Connecticut  US,373 Brakus Mission Suite 69,Stamford,Connecticut,Fairfield County,9001.0,6907,41.098069270215255,-73.55883189711395,111320.21,349222.31,940046
3aac1052-c791-c928-63a1-1aaa3af69058,1930-02-21,2009-02-19,999-94-4150,S99934927,X79759390X,Mr.,Óscar156,Arturo47,Abrego412,,,M,black,hispanic,M,Santiago  Santiago Province  CL,272 Greenfelder Street Suite 60,Stamford,Connecticut,Fairfield County,9001.0,6906,41.07259411099697,-73.47667592736708,241228.79,139576.19,65896
32bc176d-7d6d-f87b-3101-35e5d2eb22db,1952-04-29,2023-11-10,999-12-3868,S99919481,X31150967X,Mr.,Peter292,,Jenkins714,,,M,white,hispanic,M,Fairfield  Connecticut  US,794 Farrell Underpass Unit 38,Wolcott,Connecticut,New Haven County,,0,41.568048996681966,-73.01310255510552,125986.77,784723.86,186812
37344a78-3652-b029-c818-6fbd25f57b48,1956-10-21,,999-49-4834,S99926872,X24625231X,Mrs.,Vonda514,Tamra871,Hansen121,,Ziemann98,M,white,nonhispanic,F,Mansfield  Connecticut  US,129 Hodkiewicz Trafficway Apt 60,East Haddam,Connecticut,Middlesex County,,0,41.45212613329219,-72.4110023499573,258234.22,754360.14,26845
7bd42606-5f78-1677-d9e0-d5c9bbb69029,1937-02-24,,999-36-7545,S99984918,X35364664X,Mr.,Tyree261,,Goodwin327,,,S,white,nonhispanic,M,Hebron  Connecticut  US,1070 Hirthe Way Apt 44,West Haven,Connecticut,New Haven County,9009.0,6516,41.22994427821074,-73.0091388233445,244264.08,282636.92,197290
b140614f-6d05-ea9b-3180-dc296801f9d6,1942-10-09,,999-47-2681,S99941514,X70709114X,Mr.,Arnoldo445,Perry780,Murazik203,,,S,white,nonhispanic,M,Newington  Connecticut  US,398 Zieme Branch,Wallingford,Connecticut,New Haven County,,0,41.45975561190659,-72.78567098247812,546854.28,1038752.51,90313
fc128cfe-084c-2d8b-7dc7-4d5945552ea4,1926-06-27,1989-01-30,999-76-5071,S99918227,X43477802X,Mr.,Van763,Sheldon401,Rowe323,,,M,white,nonhispanic,M,East Lyme  Connecticut  US,370 Hilpert Underpass,Manchester,Connecticut,Hartford County,9003.0,6040,41.73361918137087,-72.51162349048536,96651.66,553148.18,133850
bea29d37-dc8e-97de-2ef2-c13a5fce0244,1958-03-29,,999-62-9159,S99928211,X42661660X,Mr.,Haywood675,Giovanni385,Dietrich576,,,M,asian,nonhispanic,M,Chongqing  Chongqing Municipality  CN,168 Jacobs Rest Unit 97,Manchester,Connecticut,Hartford County,9003.0,6042,41.730596022526505,-72.47708344123366,240454.31,128779.96,141731
21c1fd09-3f57-58b5-0e55-d12292204921,1944-04-02,,999-27-6966,S99952082,X23337889X,Mr.,Guadalupe206,Sandy901,Bosco882,,,M,white,nonhispanic,M,West Hartford  Connecticut  US,337 Stoltenberg Mall,New Haven,Connecticut,New Haven County,9009.0,6510,41.250479234937664,-72.92504365821142,132826.11,297518.96,27629
27f63d37-c907-4c56-4825-63428693bd36,1958-07-03,,999-44-1362,S99921361,X74732803X,Mr.,Denny560,Ira784,Hahn503,,,D,white,nonhispanic,M,Preston  Connecticut  US,523 Farrell Haven Apt 38,Southwood Acres,Connecticut,Hartford County,,0,41.97429812200649,-72.59906526665584,192149.12,117775.89,42260
e0668166-dca8-ee85-8ca1-b32b80cef2e5,1945-01-01,,999-67-9357,S99957062,X85788152X,Mrs.,Majorie11,Thomasine260,Effertz744,,Kilback373,M,white,nonhispanic,F,Madison  Connecticut  US,386 Doyle Center,Ansonia,Connecticut,New Haven County,9009.0,6401,41.33673933898618,-73.06230386428356,1146202.1,1436430.62,39131
ed124c59-fc9d-8c9a-945a-7fdcf427b688,1980-08-15,,999-85-9207,S99940212,X46221640X,Mr.,Ahmed109,,Konopelski743,,,M,white,nonhispanic,M,Norwalk  Connecticut  US,898 Stoltenberg Walk Apt 8,Cheshire,Connecticut,New Haven County,9009.0,6410,41.475593677799615,-72.87617235919446,135922.34,30487.73,176253
4e664ae9-0f7e-64a7-a614-c2eee82b7d61,1950-05-14,,999-59-8553,S99930387,X20001601X,Ms.,Chrissy459,,Glover433,,,S,white,nonhispanic,F,Waterbury  Connecticut  US,1048 Franecki Flat,Wallingford Center,Connecticut,New Haven County,,0,41.4152438723218,-72.82618934467968,216647.05,769546.94,178964
4bc09877-1333-4743-afff-41ebf443f6b6,1959-12-10,,999-88-7419,S99952548,X92297257X,Mr.,Jarrod316,Jamey282,Howe413,,,M,white,nonhispanic,M,Middlebury  Connecticut  US,190 Upton Common,Trumbull,Connecticut,Fairfield County,9001.0,6611,41.31200229912174,-73.1803281870591,410243.73,216190.59,81868
f96b2ed9-dddd-d5ee-f342-ed4734600cd0,1933-06-12,,999-52-7287,S99947761,X53634836X,Mr.,Gil594,,Wiegand701,,,M,white,nonhispanic,M,Manchester  Connecticut  US,984 Kautzer Haven,Ledyard,Connecticut,New London County,,0,41.38400359378676,-72.01103043137408,216337.29,936424.26,170142
28793fbe-ecef-a924-010f-9ad63bd41ce8,1955-07-21,,999-23-5704,S99942182,X98064487X,Mr.,Antwan357,German382,Lakin515,,,S,white,nonhispanic,M,Rocky Hill  Connecticut  US,126 Ankunding Esplanade Suite 84,Waterbury,Connecticut,New Haven County,9009.0,6708,41.57478310579198,-73.04054904471737,272111.36,149106.57,67258
931d9653-8dbc-bf8f-959e-ec9463fbdebb,1969-08-06,,999-11-8203,S99934838,X55247236X,Mr.,Alexander630,,Kozey370,,,M,white,nonhispanic,M,Norwalk  Connecticut  US,204 Walsh Village,Wolcott,Connecticut,New Haven County,,0,41.61811176552919,-72.93921628401912,200487.0,94672.89,65713
c0fc0708-e473-6889-c67b-e450ff128866,1959-03-16,,999-69-4258,S99949704,X29296125X,Mr.,Alfonso758,,Lara964,,,D,black,hispanic,M,La Paz  Baja California  MX,192 Lockman Lock Apt 99,Branford Center,Connecticut,New Haven County,,0,41.27674782611693,-72.85323344727719,163264.08,199140.83,677809
371662ea-9a77-8468-4400-80f163d4745c,1946-10-04,,999-58-8019,S99965034,X28596688X,Mr.,Otto672,Milo271,Padberg411,,,M,white,nonhispanic,M,New Britain  Connecticut  US,966 Witting Extension,Hamden,Connecticut,New Haven County,,0,41.42996687425471,-72.9240666696183,255835.47,188842.01,62316
755df96d-5e15-0084-303b-e6fbd2c4c04d,1953-05-22,,999-99-5501,S99972322,X44422617X,Mrs.,Zoila41,,Berge125,,Connelly992,M,asian,nonhispanic,F,Rocky Hill  Connecticut  US,686 Lebsack Drive,East Hampton,Connecticut,Middlesex County,9007.0,6424,41.60205691598578,-72.49087115344328,340924.0,945848.95,157227
644f4dcb-9b7f-e99e-cf8a-28c4288efd26,1920-12-20,,999-55-8955,S99972753,X52366017X,Mr.,Josh874,Moises22,Runolfsdottir785,,,S,asian,nonhispanic,M,New Britain  Connecticut  US,476 Kautzer Road,New London,Connecticut,New London County,9011.0,6375,41.42555784567958,-72.1488804456362,436801.82,1262022.22,39358
8a6efb47-a815-3c3f-f295-3db2a7950308,1923-08-17,2008-09-27,999-25-2484,S99950729,X54344954X,Mr.,Jerrod232,Newton741,Hirthe744,,,M,white,hispanic,M,Norwalk  Connecticut  US,726 Ritchie Green,Hartford,Connecticut,Hartford County,9003.0,6110,41.791214522038295,-72.71106540149187,27955.62,770748.2,23112
220854d7-c133-730b-5b87-830aacac4b61,1945-01-30,,999-81-7478,S99958545,X02442383X,Mr.,Reid278,Silas208,Spinka232,,,M,white,nonhispanic,M,Salisbury  Connecticut  US,1098 Quigley Union,Wallingford,Connecticut,New Haven County,,0,41.473177877023176,-72.81801755583352,213845.9,810930.89,43701
eb1d6a32-70aa-c616-d603-04c1ab76e29a,1927-06-11,,999-69-5451,S99913594,X57711031X,Mrs.,Arnette709,Margarett339,Funk324,,Olson653,M,white,nonhispanic,F,Rocky Hill  Connecticut  US,112 Jacobson Mission,Bloomfield,Connecticut,Hartford County,,0,41.81730976185868,-72.7004607071124,1433901.64,2319068.01,81255
60c1c8dd-01fe-5dc9-dd73-fd2abca660cd,1918-09-03,,999-97-7381,S99918309,X20490570X,Mr.,Rod343,,Price929,,,W,black,nonhispanic,M,Manchester  Connecticut  US,743 Metz Trafficway,Waterbury,Connecticut,New Haven County,9009.0,6708,41.50748815537368,-73.0359781256179,1028856.74,2355502.0,42059
d1011512-4232-c367-244b-2089829358b0,1957-10-27,,999-68-4772,S99996607,X74673629X,Mr.,Ken316,George991,Welch179,,,S,white,nonhispanic,M,Madison  Connecticut  US,443 Legros Promenade Suite 11,Weston,Connecticut,Fairfield County,,0,41.2268328841569,-73.39717150007347,10934.33,223807.51,16417
1c84ba9c-6c45-60dd-6c8a-a3e7db307044,1945-04-10,,999-96-8195,S99934957,X53150718X,Mrs.,Tenesha164,Cordie578,Blick895,,Schiller186,M,white,nonhispanic,F,Waterbury  Connecticut  US,626 Dare Branch,Hartford,Connecticut,Hartford County,9003.0,6110,41.8410400839983,-72.68134263615272,527198.84,371984.3,39330
11ecefad-acd3-a667-8c93-7caa64d0fe36,1950-03-29,,999-82-9837,S99981552,X76373442X,Mr.,Emilio417,Winfred745,Pfeffer420,,,M,black,nonhispanic,M,Greenwich  Connecticut  US,471 Nikolaus Highlands,Danbury,Connecticut,Fairfield County,9001.0,6804,41.47230373585603,-73.42476243447032,263562.3,254390.1,86143
7491fc63-c390-f21e-797d-ce9e6501a068,1929-11-25,2009-07-08,999-70-5504,S99919982,X27774511X,Mr.,Coleman27,Clint766,Leannon79,,,S,white,nonhispanic,M,Storrs  Connecticut  US,299 Lebsack Crossing,Windham,Connecticut,Windham County,,0,41.67132924825358,-72.15811627517681,507086.84,885914.04,73179
51acc5fe-caeb-4af1-d261-ff1f34a47db9,1930-04-27,2018-08-31,999-82-3353,S99983135,X75647556X,Mrs.,Kemberly945,Celeste191,Stiedemann542,,Bradtke547,M,black,nonhispanic,F,Bethel  Connecticut  US,297 Reilly Throughway,Norwalk,Connecticut,Fairfield County,9001.0,6856,41.125363970389685,-73.37838305106537,20990.51,876522.45,11283
6ad8448b-0230-2134-b4e0-4366cebe4595,1929-11-25,2014-03-19,999-59-5964,S99947410,X28794299X,Mr.,Reed154,,Kiehn525,,,M,white,nonhispanic,M,Suffield  Connecticut  US,114 Gusikowski Branch Unit 97,Windham,Connecticut,Windham County,,0,41.7547143039469,-72.15733183234877,301719.34,3307106.84,73179
4b8da5e2-bb7e-9e81-c7c9-75b996ef10cb,1939-03-08,2022-08-24,999-73-3718,S99945823,X00434432X,Mr.,Jackson413,Warren653,Cremin516,,,S,white,nonhispanic,M,Trumbull  Connecticut  US,525 Jacobs Lane,Watertown,Connecticut,Litchfield County,9005.0,6795,41.59500619458451,-73.15039007575987,113592.34,430721.27,74163
180f11f1-c26c-5de3-6bd6-8cd02969adfa,1930-04-27,,999-98-4034,S99975656,X58727924X,Mrs.,Maira380,Janell58,Bashirian201,,Ankunding277,M,black,nonhispanic,F,Guilford  Connecticut  US,314 Christiansen Skyway Suite 92,Norwalk,Connecticut,Fairfield County,9001.0,6880,41.15253212369281,-73.45270886651626,120237.66,3663298.61,11283
c9edf56d-70ac-b973-9659-a972f298900d,1955-09-26,,999-62-6418,S99935644,X62207015X,Mrs.,Marta91,,Ferrer164,,Espinosa298,D,white,hispanic,F,La Paz  Baja California  MX,985 O'Kon Road Apt 29,Waterbury,Connecticut,New Haven County,9009.0,6770,41.56639406991797,-73.0600082835638,262280.45,546919.13,187529
cde1b669-fd0b-5057-f5f0-0781dc9339fb,1954-12-23,,999-83-9585,S99942416,X34856033X,Mr.,Stanton715,Virgilio529,Greenholt190,,,M,white,nonhispanic,M,Stamford  Connecticut  US,246 Doyle Avenue Suite 23,Wethersfield,Connecticut,Hartford County,9003.0,6109,41.712911276987434,-72.69677628241153,23635.07,870257.88,11045
fa4dd9dc-7fb8-f244-cf76-a9ec53551c53,1929-11-25,,999-90-8846,S99949174,X60501951X,Mr.,Odell776,Jody426,Carter549,,,M,white,nonhispanic,M,Hartford  Connecticut  US,350 Sawayn Underpass,Windham,Connecticut,Windham County,,0,41.740457267922935,-72.19600132560308,349459.02,1341680.36,73179
4cc7ac64-5a5c-948e-72e4-848bdc5816a9,1939-03-08,,999-63-6434,S99911848,X42239396X,Mr.,Erwin847,Jeffrey461,Howell947,,,M,white,nonhispanic,M,Darien  Connecticut  US,537 Kub Manor Suite 88,Watertown,Connecticut,Litchfield County,9005.0,6795,41.59893236891379,-73.04085240867823,295709.62,1067234.27,74163
24d7e9ba-5219-e8e4-872c-fd05e245c691,1948-06-25,2025-04-06,999-87-9628,S99979118,X91849873X,Mr.,Geraldo282,,Mosciski958,,,M,white,nonhispanic,M,Hartford  Connecticut  US,421 Heathcote Branch,Darien,Connecticut,Fairfield County,9001.0,6820,41.00933582853173,-73.45349019942128,159008.99,356157.72,580821
2a071fa9-eceb-aa92-b28d-47342a3fab9f,1974-07-03,,999-64-2100,S99932588,X17011556X,Mr.,Devon268,Johnathan55,Friesen796,,,D,white,nonhispanic,M,Meriden  Connecticut  US,1047 Littel Extension Apt 24,Thompson,Connecticut,Windham County,,0,42.01568425521884,-71.91471121980278,145039.02,303817.81,27888
7620c6f6-ed89-110a-6c5e-462ee14fdff2,1969-09-28,,999-10-7583,S99995838,X37458558X,Mrs.,Camila223,Toby274,Tromp100,,Hagenes547,M,white,nonhispanic,F,Ledyard  Connecticut  US,299 Hills View,New Haven,Connecticut,New Haven County,9009.0,6513,41.25357629906202,-72.85462480672642,197047.36,776998.61,31808
cf5781f0-2884-6f28-3b9d-2c6ab509c285,1946-11-04,,999-48-2804,S99940636,X23779461X,Mr.,Ignacio928,,Santillán790,,,D,white,hispanic,M,Caguas  Puerto Rico  PR,739 Schmeler Knoll Apt 99,Norwalk,Connecticut,Fairfield County,9001.0,6855,41.10170828088708,-73.41093035225299,112320.43,310757.56,440671
edb562a3-a1eb-5a98-3f36-a1c08b37117d,1951-09-05,2014-05-24,999-19-7646,S99945584,X77149300X,Mr.,Abe604,Lenard338,Greenholt190,,,S,white,nonhispanic,M,Meriden  Connecticut  US,213 Eichmann Hollow,Norwalk,Connecticut,Fairfield County,9001.0,6856,41.1257415913786,-73.4451569506647,182068.67,1232812.28,28827
114b3317-79d9-606d-8098-cf5ab4425801,1946-05-19,,999-30-4006,S99972459,X21963522X,Ms.,Ashlyn643,Evelin941,Bahringer146,,,S,white,nonhispanic,F,West Hartford  Connecticut  US,580 Konopelski Wynd,Bristol,Connecticut,Hartford County,9003.0,6062,41.6387487622504,-72.97945676519339,26964.58,1448110.2,21875
339580b0-c1b1-aa44-01fa-e44c5003f997,1951-09-05,,999-46-9466,S99969947,X86225163X,Mr.,Darrel772,Gail741,Hodkiewicz467,,,M,white,nonhispanic,M,Stratford  Connecticut  US,461 Rosenbaum Run,Norwalk,Connecticut,Fairfield County,9001.0,6850,41.09617180911525,-73.42035626260399,150113.55,296424.91,28827
7d490455-9eb8-b3cd-d379-162c2f1e1a99,1958-01-19,,999-28-6932,S99914664,X02723339X,Mr.,Donald774,Quinn173,Hermiston71,,,S,white,nonhispanic,M,Wallingford Center  Connecticut  US,1013 Paucek Alley Suite 49,Sterling,Connecticut,Windham County,,0,41.6577449265553,-71.84019648201402,156275.96,424358.96,95926
f17b04af-735f-d866-819a-685a7d186602,1968-05-25,2022-07-12,999-57-1690,S99999795,X73938405X,Mr.,Delbert384,Angelo118,Cormier289,,,M,white,nonhispanic,M,Chester Center  Connecticut  US,308 Kemmer Spur,Winsted,Connecticut,Litchfield County,9005.0,6098,41.97629891520222,-73.05891199196864,54126.02,940904.5,11310
159a47d3-1b2f-44ac-f82b-b0802a9c2ac9,1925-12-29,,999-70-6374,S99928415,X00489862X,Mr.,Eusebio566,,Eichmann909,,,M,black,nonhispanic,M,Greenwich  Connecticut  US,798 Powlowski Vista,Bristol,Connecticut,Hartford County,9003.0,6062,41.71750147420912,-72.89981699328744,169382.8,3907265.87,193726
faa64401-ce70-33f8-93c3-5c4dcbe97608,1969-03-21,,999-65-1988,S99948532,X35868079X,Mr.,Man114,,Haag279,,,M,black,hispanic,M,East Hartford  Connecticut  US,721 Cole Forge Apt 96,Cos Cob,Connecticut,Fairfield County,9001.0,6807,41.02268501121021,-73.61856718988794,162368.72,47904.67,695288
4c06ca1f-9961-e5f6-3c31-dbf5b31080b6,1929-07-14,2017-11-28,999-55-1143,S99941189,X24122124X,Mrs.,Savannah232,Shane235,Rath779,,Gutkowski940,M,white,nonhispanic,F,Burlington  Connecticut  US,266 Herzog Lock,Bridgeport,Connecticut,Fairfield County,9001.0,6611,41.23142849234727,-73.17236617386783,40386.2,1372741.6,12365
1a0470f0-73f0-e901-d68d-4cd003cf7869,1924-04-02,2020-01-26,999-23-7349,S99938123,X12207038X,Mr.,Julio255,Thanh759,Gislason620,,,S,white,nonhispanic,M,Westbrook  Connecticut  US,188 Rogahn Viaduct,New Haven,Connecticut,New Haven County,9009.0,6512,41.256816830968965,-72.929411472393,131934.7,2363975.35,11440
dfd1e74e-3150-04ea-a3a2-e7e4c944fa9f,1961-09-09,,999-52-9313,S99930152,X41565995X,Mr.,Lenny728,Vince741,Price929,,,M,black,nonhispanic,M,Hartford  Connecticut  US,550 Lebsack Fork Unit 15,New Haven,Connecticut,New Haven County,9009.0,6512,41.26490789883064,-72.91421764848943,394607.7,0.0,90742
f3a02247-d4cf-1eb5-357c-8899dd9e6434,1959-08-19,,999-17-6149,S99999748,X81748573X,Mr.,Jim478,,Nitzsche158,,,D,white,hispanic,M,Torrington  Connecticut  US,963 Witting Lodge Unit 45,Bethel,Connecticut,Fairfield County,9001.0,6810,41.388415995527154,-73.3833401375233,136905.8,900224.6,7588
d707f3a0-57f5-2245-f997-1cf707cf5ff1,1961-12-08,,999-78-9918,S99995448,X11569179X,Mr.,Lawrence741,Marlin805,Kulas532,,,S,white,nonhispanic,M,Torrington  Connecticut  US,244 Wintheiser Pathway Apt 48,Sharon,Connecticut,Litchfield County,9005.0,6069,41.83466150462923,-73.40233334150155,162995.46,1716464.32,109419
7c429cd5-c6ad-b4a5-4312-20697e9f1d66,1934-05-04,2018-07-01,999-96-4017,S99988132,X95900796X,Mrs.,Jamika47,Latashia561,Connelly992,,McLaughlin530,W,white,nonhispanic,F,Farmington  Connecticut  US,539 Schaden Gateway,Berlin,Connecticut,Hartford County,,0,41.58688557643468,-72.75520296911877,1392060.14,464781.74,63911
f69702da-5a2f-98d5-9b92-fa1cfc12c283,1924-04-02,2005-11-09,999-69-9132,S99967050,X44605931X,Mr.,Zane918,Horace32,Littel644,,,M,white,nonhispanic,M,Clinton  Connecticut  US,1092 Luettgen Knoll Suite 78,New Haven,Connecticut,New Haven County,9009.0,6511,41.32682823502089,-72.90728413691488,108418.16,2324701.73,11440
c50360e1-d52a-2bc1-714f-48a6db51efab,1954-10-25,,999-46-8930,S99966350,X73478535X,Mr.,Joaquin141,Merlin721,Bernier607,,,D,black,nonhispanic,M,Enfield  Connecticut  US,361 Barton Stravenue Unit 18,South Windsor,Connecticut,Hartford County,,0,41.7895259009281,-72.5374487723766,272228.17,249396.54,46471
aa2c1905-8490-3cd3-bf72-dc24dc57b713,1949-10-16,,999-60-2405,S99979134,X51246525X,Ms.,Lorena247,Rosario163,Armendáriz135,,,S,black,hispanic,F,Caguas  Puerto Rico  PR,326 Gorczany Fort,New Haven,Connecticut,New Haven County,9009.0,6517,41.31517250201043,-72.88474733680961,809124.62,289247.28,75544
466c6b8c-0028-7c55-805b-fbbf9e10e711,1944-08-02,2024-12-07,999-22-4757,S99939323,X72118889X,Mr.,Leroy603,Leonel449,Homenick806,,,W,white,nonhispanic,M,Oxford  Connecticut  US,342 Konopelski Dam,Torrington,Connecticut,Litchfield County,9005.0,6790,41.81161896259233,-73.12555156481211,39527.88,594541.55,93756
81f0db4e-bf5c-a5a6-3738-3fcf1db3b01c,1921-11-01,1995-10-26,999-74-8227,S99969805,X10103468X,Mr.,Don899,Scotty190,Wilderman619,,,M,white,nonhispanic,M,Meriden  Connecticut  US,461 Dickinson Fort,Monroe,Connecticut,Fairfield County,,0,41.33600969031688,-73.2018910577055,1206010.51,2663548.69,68361
563d3082-4a53-e503-a9ec-6e156f2f054b,1943-05-31,,999-46-5500,S99992364,X28081422X,Mr.,Roberto515,Robby860,Bayer639,,,M,asian,nonhispanic,M,Chongqing  Chongqing Municipality  CN,992 Kutch Lane Suite 65,West Haven,Connecticut,New Haven County,9009.0,6516,41.31997150374,-72.95844741276652,66224.63,1375394.64,17815
dc5682df-3f10-156f-c1b5-b951c407e92e,1923-11-30,1983-06-26,999-97-7063,S99971323,X48850796X,Mr.,Wilton999,,Stokes453,,,M,white,nonhispanic,M,Fairfield  Connecticut  US,901 Rohan Well,Mystic,Connecticut,New London County,9011.0,6355,41.32012160390827,-71.95513842650568,101907.2,208674.25,702492
0f0d8da5-7040-7eb9-caca-36d54add0378,1919-02-05,2004-04-18,999-87-5881,S99981265,X80475626X,Ms.,Gabriela205,Liza900,Labadie908,,,S,white,nonhispanic,F,New Haven  Connecticut  US,378 Bernier Park Suite 0,East Hartford,Connecticut,Hartford County,9003.0,6118,41.75947886410726,-72.6126264820256,1066033.15,889630.31,98211
88135b47-3683-bd5a-a56b-12ffd24c7d57,1934-05-04,2006-12-12,999-40-1788,S99994659,X20339189X,Mrs.,Nina110,Karen597,Lindgren255,,Koepp521,W,white,nonhispanic,F,Norwalk  Connecticut  US,993 Brown Union,Berlin,Connecticut,Hartford County,,0,41.57958189569354,-72.76409290170812,1173425.08,926286.49,63911
7802f093-f112-c58f-b7b0-cc84efb6801f,1956-12-05,2026-01-04,999-88-3347,S99928915,X92449588X,Mrs.,Marti99,Shalonda324,Auer97,,Windler79,D,white,nonhispanic,F,Manchester  Connecticut  US,1079 Cruickshank Way Suite 19,Hamden,Connecticut,New Haven County,,0,41.44256560275509,-72.95479871479526,1278889.62,826853.89,52755
258d9ff1-c01f-32d1-99f6-fd90e61f3c87,1944-09-11,,999-17-5064,S99967029,X74970456X,Mrs.,Nerissa37,Daniela614,Kerluke267,,Rutherford999,W,white,nonhispanic,F,West Haven  Connecticut  US,997 Lowe Tunnel,Southington,Connecticut,Hartford County,,0,41.6431818209403,-72.8312326795838,414770.92,1473197.27,130801
c93c25d0-6ae9-b975-ef2d-83868d95696d,1924-04-02,2025-04-12,999-67-7384,S99979209,X58133525X,Mr.,Wilmer32,Otis335,Swaniawski813,,,S,white,nonhispanic,M,Mansfield  Connecticut  US,566 Crist Arcade Apt 87,New Haven,Connecticut,New Haven County,9009.0,6517,41.27260239778872,-72.9407908860347,20663.93,549239.15,11440
c299a9b9-ac65-b28b-8112-6384b9b5ed76,1960-07-24,2019-12-12,999-46-3805,S99914863,X60814885X,Mrs.,Gerald181,Sharita792,Balistreri607,,Crooks415,M,white,nonhispanic,F,Stamford  Connecticut  US,721 Jacobs Walk Suite 61,Stamford,Connecticut,Fairfield County,9001.0,6907,41.10791180588837,-73.55479967990699,472213.09,1950823.69,148555
abbf4127-c1dc-bf13-de2e-59c7429dee6a,1919-02-05,2000-02-14,999-59-9520,S99985097,X71009343X,Mrs.,Irma773,Kimi714,King743,,Harvey63,M,white,nonhispanic,F,Norwich  Connecticut  US,379 Deckow Arcade Apt 51,East Hartford,Connecticut,Hartford County,9003.0,6118,41.786938668368066,-72.56417808870087,1205307.16,1164281.57,98211
833329b4-4a19-2f47-9ee3-a0542231f190,1959-03-05,,999-74-3912,S99931927,X87844149X,Mr.,Warren653,Randell912,Tillman293,,,D,asian,nonhispanic,M,Thompson  Connecticut  US,327 Thiel Ranch Apt 21,Bristol,Connecticut,Hartford County,9003.0,6013,41.73364472213856,-72.9909844901337,248433.62,840966.21,35994
5f7d1cfd-82cf-3137-d698-e4182f011768,1934-05-04,,999-62-3120,S99993021,X73019083X,Ms.,Rosenda12,Tova870,Yost751,,,S,white,nonhispanic,F,Madison  Connecticut  US,405 Kreiger Row Unit 5,Berlin,Connecticut,Hartford County,,0,41.64382823322329,-72.79469989921795,697887.71,456750.3,63911
32aa339e-bb4a-1cf9-4bb9-2190e1acdad1,1922-05-24,2014-08-06,999-38-8070,S99912995,X06979352X,Mr.,Harry448,,O'Kon634,,,M,white,hispanic,M,Glastonbury  Connecticut  US,258 Sawayn Vale Apt 3,Bridgeport,Connecticut,Fairfield County,9001.0,6611,41.12975815313284,-73.19967525522944,632147.84,1470184.56,2235
941b109d-d9c3-f4f4-3ab3-ccecac58b279,1954-04-13,,999-75-4161,S99987395,X23673450X,Ms.,Luanne915,,Leannon79,,,S,asian,nonhispanic,F,Beijing  Beijing Municipality  CN,820 Green Crossing Suite 99,Branford,Connecticut,New Haven County,,0,41.25411936268346,-72.82282533964069,17147.49,850337.76,9921
b17a4b8a-a709-83b6-b43a-4d4c2b3a7175,1948-04-12,,999-85-8101,S99937519,X35636398X,Mr.,Reggie481,Monty345,Kertzmann286,,,M,white,nonhispanic,M,Madison Center  Connecticut  US,428 Nader Mill,Watertown,Connecticut,Litchfield County,9005.0,6779,41.66177883385238,-73.1232394871749,189658.51,647299.17,144930
ec50b91a-c3b1-e547-bd49-717658419c72,1919-02-05,1994-11-05,999-44-8640,S99947699,X79759772X,Mrs.,Zita788,Kenia28,Cronin387,,Lemke654,M,white,nonhispanic,F,Meriden  Connecticut  US,573 McDermott Knoll Unit 23,East Hartford,Connecticut,Hartford County,9003.0,6042,41.72239960572544,-72.65073169755364,102765.07,1366896.27,98211
38712170-dee8-08a4-d32d-66bc8504c0cf,1938-12-14,2020-09-17,999-35-1592,S99954279,X38590304X,Mr.,Cornelius968,,Fritsch593,,,D,white,nonhispanic,M,Enfield  Connecticut  US,487 Barton Junction,New Haven,Connecticut,New Haven County,9009.0,6515,41.299488087211195,-72.92497732301673,19169.75,687948.77,11440
3d64cf61-fa80-5a6b-de56-54c8cf254cc7,1922-05-24,2011-11-15,999-22-1168,S99933321,X82690466X,Mr.,Reinaldo138,Maximo817,Doyle959,,,S,white,hispanic,M,Fairfield  Connecticut  US,856 Hammes Parade,Bridgeport,Connecticut,Fairfield County,9001.0,6610,41.185070483772215,-73.185760302312,125101.66,823449.94,2235
633dc936-3eef-cb5e-c3b2-ec9cb6690a5f,1916-10-19,2011-01-15,999-91-2612,S99930150,X28562513X,Mr.,Gordon377,,Morissette863,MD,,S,white,nonhispanic,M,New Britain  Connecticut  US,533 Miller Burg,North Branford,Connecticut,New Haven County,,0,41.356098282008944,-72.77417424393403,278297.79,1079634.57,163702
0805e3da-532b-7cdc-cd9c-f0155028697f,1960-05-28,,999-72-8985,S99962846,X24350527X,Mrs.,Bernarda685,Natalya468,Muller251,,Howe413,D,white,nonhispanic,F,Hartford  Connecticut  US,151 Renner View Unit 25,Bristol,Connecticut,Hartford County,9003.0,6013,41.75354036866492,-72.97198360789534,14651.4,651368.15,11694
cad8f71d-a0fb-5a9a-1f50-818312fe53fe,1954-12-18,,999-52-3930,S99912797,X77897522X,Mrs.,Latrisha74,Adena533,Larkin917,,Lueilwitz711,M,white,nonhispanic,F,Wallingford  Connecticut  US,621 West Bypass Unit 52,Greenwich,Connecticut,Fairfield County,9001.0,6830,41.099234049909995,-73.66531744638445,195578.59,1228847.15,506906
9c9ffbb2-ce80-8de0-bbb3-6c795e5c24dd,1958-01-08,2022-07-08,999-55-7950,S99987787,X03390184X,Mr.,Juan88,Ellsworth48,Schultz619,,,M,white,nonhispanic,M,Ledyard  Connecticut  US,884 Bailey Key Suite 32,Enfield,Connecticut,Hartford County,,0,42.02516928395675,-72.5475922492072,207876.58,89148.12,271476
3e26c75e-1b1a-a493-7442-20165b86bc04,1953-05-03,,999-30-9717,S99947129,X47496852X,Mr.,Arthur650,Lauren941,Wolff180,,,M,white,nonhispanic,M,Southington  Connecticut  US,429 Zieme Club,Stamford,Connecticut,Fairfield County,9001.0,6831,41.09344907742821,-73.54426405089166,25818.25,779929.8,14598
342767dd-a5a7-62ee-b1fc-60a9a1c223a9,1922-04-30,,999-60-2995,S99962057,X84330763X,Ms.,Jerilyn993,Luisa710,Jaskolski867,,,S,asian,nonhispanic,F,Busan  Busan  KR,608 Simonis Viaduct Unit 70,Bridgeport,Connecticut,Fairfield County,9001.0,6608,41.160208182664675,-73.20140810093933,347802.78,1995113.35,33592
7f4d45c2-4a5f-6994-21cd-ffe33456dbb3,1949-10-12,,999-32-6876,S99934130,X19034698X,Ms.,Oralee226,Katia630,Kunde533,,,S,white,nonhispanic,F,Westport  Connecticut  US,217 Mraz Dam Apt 41,Plainville,Connecticut,Hartford County,,0,41.69090384308193,-72.87560456710315,842358.38,538624.54,84663
9f7f6d9d-d54d-6473-98b2-f3c570700415,1943-12-18,2024-11-18,999-27-4794,S99970359,X27292208X,Ms.,Berta524,Kayce253,Kulas532,,,S,white,nonhispanic,F,Kensington  Connecticut  US,107 Kiehn Heights,Wallingford,Connecticut,New Haven County,,0,41.485345825416275,-72.8181025644681,926207.53,445344.01,62597
ff8e134d-29b4-f829-a2ce-f97c4613f937,1922-05-24,,999-34-6745,S99990399,X48962984X,Mr.,Thad495,Korey682,Gorczany269,,,M,white,hispanic,M,Conning Towers Nautilus Park  Connecticut  US,584 Lind Underpass Unit 12,Bridgeport,Connecticut,Fairfield County,9001.0,6607,41.2300344322385,-73.1667739883784,461513.33,1585830.56,2235
a66ec1ee-5f38-f0a7-b0a6-612db4d8e22f,1953-06-11,,999-26-6036,S99972539,X49111247X,Mr.,Marcel580,,Torphy630,,,D,black,hispanic,M,Bridgeport  Connecticut  US,437 Bode View,Oxford,Connecticut,New Haven County,,0,41.47967297117366,-73.12699781948439,66877.58,1052316.27,303332
bd80a014-fc54-eaad-4706-dfeac4598379,1943-12-18,,999-47-4194,S99995958,X05034616X,Mrs.,Alix578,Lorrine765,Homenick806,,Price929,D,white,nonhispanic,F,New Canaan  Connecticut  US,829 Schultz Passage,Wallingford,Connecticut,New Haven County,,0,41.4349650717455,-72.76990834148906,768197.07,719477.75,62597
6110bc5d-a24c-20cd-99c0-72f2df20790a,1928-12-28,1993-07-09,999-34-3153,S99965683,X71585252X,Mr.,Vicente970,,Greenholt190,,,M,asian,nonhispanic,M,East Haddam  Connecticut  US,850 Ward Mews,Hartford,Connecticut,Hartford County,9003.0,6105,41.76523822221597,-72.70938992892374,31608.4,399834.36,3151
4a9b9348-9af4-029b-362a-fd1bb15db27e,1953-03-10,,999-74-7798,S99928412,X40635066X,Mrs.,Myung778,Edra310,O'Hara248,,Green467,M,white,nonhispanic,F,New Britain  Connecticut  US,258 Gaylord Throughway Suite 30,Bridgeport,Connecticut,Fairfield County,9001.0,6611,41.261536664822565,-73.19230081382028,1428800.27,513754.96,94635
e88215c7-c871-1858-427d-d31c48cd7043,1954-08-26,2022-08-01,999-67-5097,S99987895,X72073205X,Ms.,Tamica785,Romona686,Dicki44,,,S,white,nonhispanic,F,Waterbury  Connecticut  US,702 Lebsack Rest Apt 35,East Haven,Connecticut,New Haven County,9009.0,6512,41.41405651184893,-72.82086153098585,803384.85,610848.64,68887
ebdbde7b-ec4a-db38-b904-c1ac12b25021,1957-11-21,,999-32-3956,S99986910,X08759458X,Mr.,Samual455,Milford485,Roob72,,,M,white,nonhispanic,M,Bristol  Connecticut  US,263 Bergstrom Terrace Unit 50,Prospect,Connecticut,New Haven County,,0,41.457328190331864,-72.9860824837153,202438.96,176573.45,121752
09e9f4aa-ead4-df75-f5cf-1904e02ff449,1942-09-13,,999-41-1477,S99968631,X64767079X,Mr.,Russell422,Royal919,Gusikowski974,,,D,white,nonhispanic,M,Hamden  Connecticut  US,1024 Cartwright Park,Middletown,Connecticut,Middlesex County,9007.0,6457,41.50227669373336,-72.63876961746989,302399.13,1988340.99,147932
8f09476e-8b73-7d9d-db3c-1a0bd13338a2,1950-06-02,,999-33-1567,S99956663,X56060074X,Mrs.,Chanell45,Jaime666,Gottlieb798,,Windler79,D,white,nonhispanic,F,Oxford  Connecticut  US,406 Shields Loaf,Ledyard,Connecticut,New London County,,0,41.47601476631179,-72.00174579242857,586337.16,253630.17,69224
818a67e5-4f81-f1e0-62f1-66b9f8e401be,1976-06-09,2022-02-10,999-13-9478,S99962625,X29180990X,Mr.,Wyatt967,Jamal145,Goldner995,,,M,white,nonhispanic,M,Torrington  Connecticut  US,415 Erdman Gate Suite 98,Middlebury,Connecticut,New Haven County,,0,41.49106756173878,-73.13406170239219,150921.51,70285.97,139832
8d6af3dd-f350-d4ee-a7e4-d6a7e564e89a,1929-12-03,,999-77-7697,S99931403,X28410100X,Ms.,Diana207,Carmen818,Saiz247,,,S,white,hispanic,F,Marigot  Saint Andrew Parish  DM,491 Konopelski Divide,New Haven,Connecticut,New Haven County,9009.0,6517,41.36069199486846,-72.93689310807257,823395.02,1554655.89,52983
435484e0-1eef-b61d-70b3-c6c19f5e1460,1962-08-14,,999-72-6527,S99943112,X38119792X,Mr.,Terrence276,,Grady603,,,S,white,nonhispanic,M,North Branford  Connecticut  US,231 Yundt Quay,New Britain,Connecticut,Hartford County,9003.0,6051,41.662373790188205,-72.85304220891832,344462.28,615507.2,2573
90df6f20-2767-6446-499d-b2d8960788c1,1944-08-08,,999-17-7249,S99928386,X17344356X,Mr.,Austin578,,Kerluke267,,,M,black,nonhispanic,M,Norwich  Connecticut  US,1019 Bahringer Trail,Waterbury,Connecticut,New Haven County,9009.0,6705,41.45958588013814,-73.0166438325557,425921.88,896684.92,48392
7b222dfe-5670-b2a6-62d2-f9569466a91b,1953-09-05,,999-33-9195,S99928184,X05568909X,Mr.,Darin74,,Medhurst46,,,M,white,nonhispanic,M,Lebanon  Connecticut  US,758 Ledner Harbor Unit 74,Fairfield,Connecticut,Fairfield County,,0,41.161848308770146,-73.2892453030692,94684.55,203206.86,192502
c81c3efc-3ad7-dd91-a9f3-ae21f7b89916,1950-09-23,,999-27-9748,S99947230,X87718558X,Mr.,Esteban536,,Rodriguez71,,,M,asian,nonhispanic,M,Guilford Center  Connecticut  US,1095 Greenholt Ferry,Bridgeport,Connecticut,Fairfield County,9001.0,6606,41.23310965053255,-73.16717057473656,395288.68,227248.46,47614
d7dc5176-fedf-29ae-03bd-a1fefc9ee744,1932-06-16,2011-12-13,999-34-5921,S99917609,X15765526X,Mrs.,Britta584,Rosina706,Herman763,,Cummerata161,M,white,nonhispanic,F,Pemberwick  Connecticut  US,779 Yost Fork,Danbury,Connecticut,Fairfield County,9001.0,6810,41.43111537756635,-73.52488801499854,24454.15,1767460.82,20981
b70d8f2c-9376-fd9a-2ad1-8545a41cc122,1932-06-16,2022-11-09,999-25-4867,S99963346,X55119100X,Ms.,Vivien121,Maryetta775,Dare640,,,S,white,nonhispanic,F,Manchester  Connecticut  US,772 Stark Ferry Apt 21,Danbury,Connecticut,Fairfield County,9001.0,6810,41.45991315634777,-73.3516155290956,22908.37,1719404.57,20981
bc91c7fb-0141-2889-3a5e-b78c7c8cb420,1960-11-05,,999-54-1478,S99983063,X59947518X,Mr.,Blake449,Johnie961,Cummerata161,,,M,white,nonhispanic,M,Norwich  Connecticut  US,145 Littel Parade Suite 65,Old Lyme,Connecticut,New London County,,0,41.316198251962746,-72.3492389341221,221502.76,66901.95,93708
90ff6145-b137-abed-0f28-8ab3f7f415d4,1917-05-13,1997-10-27,999-40-6510,S99955950,X71380844X,Mr.,Terry864,Marquis364,Corwin846,,,D,white,nonhispanic,M,New Haven  Connecticut  US,722 West Port,Shelton,Connecticut,Fairfield County,9001.0,6484,41.28773366858907,-73.13305848147138,415491.73,2484605.36,103265
40a44c19-de05-0da0-8726-45563b963317,1965-04-14,,999-28-9666,S99915427,X20679557X,Ms.,Julietta740,Keren761,Kirlin939,,,S,black,nonhispanic,F,Hebron  Connecticut  US,311 Jaskolski Arcade Apt 48,Hartford,Connecticut,Hartford County,9003.0,6117,41.78799659800928,-72.64956086333508,654690.54,430112.67,50587
6742ef8d-22fb-517a-384c-f9f5211c2437,1917-05-13,1994-03-08,999-80-7513,S99980637,X92328067X,Mr.,Marlon619,Kory651,Ondricka197,,,M,white,nonhispanic,M,Waterbury  Connecticut  US,109 Weissnat Skyway Apt 67,Shelton,Connecticut,Fairfield County,9001.0,6484,41.25541891048409,-73.17724833596507,138993.85,989047.16,103265
aecb2d92-1183-45e3-c4a4-7d933c23ca34,1943-11-28,,999-38-9269,S99970339,X55539434X,Mr.,Emil691,Grant908,Hilll811,,,M,white,nonhispanic,M,Manchester  Connecticut  US,723 Weber Path,Hazardville,Connecticut,Hartford County,,0,42.035031112565456,-72.55017528069449,211132.74,1189920.49,151303
014a5b5f-19da-6eee-e47e-3ac98faa7ee5,1950-03-10,,999-55-2196,S99989402,X29844737X,Mrs.,Patrick786,Glenna97,Herman763,,Lind531,M,white,nonhispanic,F,Wilton  Connecticut  US,826 Maggio Row,Middlefield,Connecticut,Middlesex County,,0,41.546184625336075,-72.74630974387308,769160.91,363578.69,48570
0b75ccd0-21fd-cca6-d20e-7ba65cd51358,1948-08-26,,999-63-9306,S99928950,X65789316X,Mr.,Larry532,Jeromy156,Gulgowski816,,,S,black,nonhispanic,M,Danielson  Connecticut  US,698 Denesik Lane,Rocky Hill,Connecticut,Hartford County,,0,41.615623094308795,-72.70407336442054,283941.66,130229.55,95481
9ac74b19-2e7b-4b73-34a5-46c2f4294223,1973-09-22,2026-04-25,999-15-6454,S99912604,X02700247X,Mr.,Ray930,Jeffry142,Kunde533,,,M,white,nonhispanic,M,Watertown  Connecticut  US,263 Mosciski Burg Suite 40,Bristol,Connecticut,Hartford County,9003.0,6062,41.686180930222015,-72.87522095888201,77032.73,182438.64,51311
e238cfb3-29ad-0d55-ce6f-42018fba20de,1959-06-15,,999-37-7815,S99912115,X52443631X,Mr.,Davis923,Horacio317,Wiza601,,,S,white,nonhispanic,M,Windham  Connecticut  US,742 Erdman Track,Bridgeport,Connecticut,Fairfield County,9001.0,6611,41.21323915104397,-73.21769383764205,243942.11,245366.55,88541
a842f431-854f-02fe-15f5-b3cda7b86620,1937-02-06,2026-03-19,999-32-5001,S99971680,X44363322X,Mrs.,Staci390,Waltraud488,Hirthe744,,Beatty507,M,white,nonhispanic,F,West Haven  Connecticut  US,1035 Labadie Approach Suite 66,Bethany,Connecticut,New Haven County,,0,41.41080682576811,-72.98670297948837,681849.13,890944.53,35268
d755f1b4-1637-e76d-b462-606eff29249e,1923-01-30,1999-04-01,999-53-7827,S99992792,X47590721X,Mr.,Brenton674,Bill567,Frami345,,,S,white,nonhispanic,M,Stratford  Connecticut  US,716 Langworth Divide,North Branford,Connecticut,New Haven County,,0,41.348466791866315,-72.80201041728428,139893.67,549509.55,250236
64c8c26f-ad95-f509-074e-bd04dcac21b0,1952-06-05,,999-63-8214,S99943755,X99947035X,Mr.,Bill567,,Cruickshank494,,,D,white,nonhispanic,M,Norwalk  Connecticut  US,567 Conroy Plaza,New Haven,Connecticut,New Haven County,9009.0,6511,41.27835507688376,-72.92775394586745,149885.09,460746.05,297
09748c65-b0ee-fd8d-7df6-e6346fb567f0,1942-03-24,2019-08-26,999-84-1752,S99985373,X74262808X,Ms.,Laurine214,Hien98,Smitham825,,,S,white,nonhispanic,F,Bloomfield  Connecticut  US,529 Ledner Loaf,Stafford,Connecticut,Tolland County,,0,41.98781008500276,-72.33699530642399,247757.91,301803.82,137405
b78993d1-f3b8-bc2e-207b-34ec6f472706,1923-01-30,2001-03-20,999-87-9382,S99950541,X52330914X,Mr.,Ira784,Lonnie913,Swift555,,,S,white,nonhispanic,M,Portland  Connecticut  US,721 Smitham Glen Suite 17,North Branford,Connecticut,New Haven County,,0,41.32124012443582,-72.76242344613239,147448.76,957940.0,250236
f6009e17-4c04-5cd7-1bd8-68542cd448d5,1923-01-30,1981-08-13,999-40-7066,S99940922,X89393113X,Mr.,Tracey100,Bill567,Feil794,,,D,white,nonhispanic,M,East Hartford  Connecticut  US,161 Lowe Glen,North Branford,Connecticut,New Haven County,,0,41.407950308840576,-72.74198143246417,158025.02,901230.82,250236
e905ed2c-868a-f492-3990-a1cef66c54a3,1916-05-31,1991-09-23,999-36-3979,S99916052,X85235056X,Mr.,Bryce11,Noe500,Goodwin327,,,M,white,nonhispanic,M,Thomaston  Connecticut  US,324 Haley Mall,Danbury,Connecticut,Fairfield County,9001.0,6804,41.389296518474154,-73.51680555086831,1657750.21,1405509.17,1702
fc5e7914-a43b-65bf-9a93-4b650ee9ee2d,1971-03-08,,999-97-6963,S99960358,X95025021X,Mr.,Rod343,Nigel915,Denesik803,,,M,white,hispanic,M,Woodbridge  Connecticut  US,470 Ratke Forge,Bridgeport,Connecticut,Fairfield County,9001.0,6610,41.1995285178068,-73.22801833402066,9183.31,207691.68,21873
bf280e94-7ad1-1707-5049-306ae5164d14,1952-04-01,,999-19-9474,S99939756,X51904804X,Mrs.,Tiera511,Mila257,Schaden604,,Flatley871,M,white,nonhispanic,F,Oxford  Connecticut  US,914 Yundt Trafficway Suite 12,Stamford,Connecticut,Fairfield County,9001.0,6905,41.07134554220657,-73.49934078643345,443600.26,189632.73,69916
e64134cd-18e7-1ad8-7919-9178ad5a0f19,1964-10-07,,999-91-4000,S99912328,X41834154X,Mr.,Oren284,Boris111,Ledner144,,,M,white,nonhispanic,M,Branford  Connecticut  US,659 Stroman Light,Mansfield,Connecticut,Tolland County,,0,41.77007024330744,-72.23649805197738,477583.64,546270.38,66671
fb15519f-c4b3-5ab3-8986-745f2446403a,1956-11-12,,999-99-5997,S99921294,X06508374X,Mr.,Mitchell808,Hunter736,Mueller846,,,S,white,hispanic,M,Vernon  Connecticut  US,770 McClure Branch Suite 50,Waterbury,Connecticut,New Haven County,9009.0,6708,41.527303786785666,-73.04421957222173,213026.56,472832.19,30657
ba088715-800c-2cfd-379c-79c0694426fe,1942-04-08,,999-30-7909,S99978478,X96560513X,Mr.,Gus973,,Kutch271,,,W,white,nonhispanic,M,Meriden  Connecticut  US,787 Hammes Bay,Bristol,Connecticut,Hartford County,9003.0,6013,41.71133695729807,-72.9024551826185,344806.5,552150.67,55943
d58ff2ee-ad88-4a99-e6bb-3e841e2da20e,1923-01-30,1999-05-18,999-91-2600,S99960560,X33129545X,Mr.,Hoyt490,Tyron580,Ziemann98,,,D,white,nonhispanic,M,Bridgeport  Connecticut  US,938 Cole Trail Apt 79,North Branford,Connecticut,New Haven County,,0,41.359904918650464,-72.7708027580771,248418.78,836895.02,250236
cb07f492-c00e-62ae-a491-69feaf4031c4,1956-04-20,,999-90-6893,S99915509,X71133880X,Mr.,Wilbur107,Arlie183,Mueller846,,,M,white,nonhispanic,M,Easton  Connecticut  US,370 Hoppe Esplanade Unit 0,South Windsor,Connecticut,Hartford County,,0,41.843152456138746,-72.61344540316111,197515.56,155449.81,62455
9fc5fdca-d999-3bf8-6148-ee8d9d8ccc13,1974-05-16,,999-51-5316,S99924442,X49907633X,Mr.,Wilbur107,Darell496,Predovic534,,,M,white,nonhispanic,M,West Hartford  Connecticut  US,1087 Wiza Crossroad Unit 0,Cheshire,Connecticut,New Haven County,9009.0,6410,41.49808818118714,-72.886555008419,156622.11,108501.69,106905
cf08b264-5203-2592-2b8a-ca6cd9b4face,1954-04-08,,999-44-3207,S99967438,X32714296X,Mrs.,Angelo118,Toby274,Wiza601,,Herzog843,M,white,nonhispanic,F,Bristol  Connecticut  US,1068 Rolfson Road Unit 12,South Windsor,Connecticut,Hartford County,,0,41.866370184010705,-72.62597101434092,277702.52,1586367.68,586871
2239874a-d3fe-6a63-d30a-907c96c9cf4a,1963-03-27,,999-10-7337,S99924046,X58236987X,Mr.,Brendan864,Mitch821,Hirthe744,,,W,white,nonhispanic,M,New Britain  Connecticut  US,748 Beatty View Suite 95,Naugatuck,Connecticut,New Haven County,9009.0,6770,41.50152973578914,-73.00314692190936,204417.37,59349.14,45365
23882aa5-1bf5-f2b8-62c3-9879b690cb34,1920-02-19,2006-02-21,999-54-2836,S99925944,X55881748X,Mr.,Devin82,,Robel940,,,M,white,nonhispanic,M,Newington  Connecticut  US,275 Murphy Divide,Seymour,Connecticut,New Haven County,,0,41.37320444750679,-73.09839646237569,399476.39,271909.1,41191
45aabddf-ea01-0594-e3a2-b03951394b1d,1957-11-06,,999-64-1292,S99985489,X97549185X,Mr.,Kelley882,Bobbie849,Koch169,,,D,white,nonhispanic,M,Stamford  Connecticut  US,648 Flatley Underpass Apt 95,Mansfield,Connecticut,Tolland County,,0,41.78785828925048,-72.19548938389237,12899.49,418355.26,17043
b65d453e-3840-f6d6-8617-046c4ef30f51,1953-08-26,,999-79-2898,S99948022,X19296300X,Mrs.,Cary869,Brandi2,O'Kon634,,Medhurst46,D,white,nonhispanic,F,Rockville  Connecticut  US,1004 Kris Station Unit 98,Brookfield,Connecticut,Fairfield County,,0,41.44137254222164,-73.36727920588153,918644.09,981652.19,61953
483c0b70-e40c-1181-9be0-47057d587402,1920-02-19,,999-74-9699,S99969279,X97287609X,Mr.,Minh326,Ramon749,Schultz619,,,S,white,nonhispanic,M,Naugatuck  Connecticut  US,918 Schneider Divide Suite 53,Seymour,Connecticut,New Haven County,,0,41.36402230813719,-73.03952522999023,586480.51,605391.78,41191
41f44df1-8b73-b81c-6ecb-1e207386cad7,1959-04-17,,999-67-3870,S99949487,X53524223X,Mr.,Fritz267,,Mohr916,,,M,white,nonhispanic,M,Middletown  Connecticut  US,278 Block Vale Apt 58,Southwood Acres,Connecticut,Hartford County,,0,41.99087319466537,-72.56583004547085,251968.05,736302.54,37480
daa00510-e7c0-e5a6-bf18-8266517c7acc,1940-08-23,,999-19-1429,S99949587,X63536178X,Mr.,Willard975,Otha286,Champlin946,,,D,white,nonhispanic,M,Ridgefield  Connecticut  US,691 Smith Approach,North Branford,Connecticut,New Haven County,,0,41.39944284701632,-72.81759926716288,219731.7,701451.43,250236
bf8a08be-b045-3c67-44b0-6f2aff8b9bbd,1945-01-07,2006-05-17,999-74-9304,S99911648,X53656629X,Mr.,Tracy345,Scott935,Jaskolski867,,,M,white,hispanic,M,Enfield  Connecticut  US,701 Pollich Ville,Bristol,Connecticut,Hartford County,9003.0,6010,41.67911926652072,-72.96121787332935,11547.01,257550.08,13999
6c053bc7-f817-46e3-4252-acbc4b57a18f,1969-05-17,,999-30-2148,S99940181,X83108655X,Mr.,Willy639,Florentino8,Skiles927,,,S,white,nonhispanic,M,Westport  Connecticut  US,277 Predovic Esplanade,Hebron,Connecticut,Tolland County,,0,41.69003433614882,-72.35449592033672,166572.63,72197.84,94132
048b8223-49a5-9e44-dcdb-ffbe7d75718c,1956-07-26,,999-83-3807,S99986421,X12037513X,Mr.,Ed239,,Weber641,,,M,white,nonhispanic,M,Brooklyn  Connecticut  US,344 Hammes Mall Unit 85,New Canaan,Connecticut,Fairfield County,,0,41.20508981176308,-73.50317224067292,161525.29,251494.41,141449
63270427-13a7-f392-a91c-ba2a89e66ee9,1919-04-20,,999-93-6781,S99996599,X55686728X,Mr.,Trey250,Burt293,Heller342,,,S,white,nonhispanic,M,Prospect  Connecticut  US,702 Skiles Knoll Apt 67,Burlington,Connecticut,Hartford County,,0,41.76106496379158,-72.99220187441338,348071.46,3463628.94,147394
a1920434-80c2-d2ef-e6fc-a256259807d4,1946-02-27,,999-56-3525,S99937073,X54187459X,Mr.,Andy346,Darin74,Langworth352,,,M,white,hispanic,M,Hartford  Connecticut  US,849 Schumm Dale Unit 47,Wallingford Center,Connecticut,New Haven County,,0,41.43078831623314,-72.78122504935675,20722.53,737365.14,18299
12f93e6b-1de6-0a17-e426-d828d8f229cd,1935-08-09,2018-07-22,999-93-2038,S99956373,X65305392X,Mr.,Silas208,,Gorczany269,,,S,white,hispanic,M,Seymour  Connecticut  US,344 Towne Rest Unit 28,Bridgeport,Connecticut,Fairfield County,9001.0,6606,41.21100768745153,-73.16669508985595,198131.72,255781.2,133571
b1c4ac66-5db9-2a65-aef6-69fd4ad7c4d5,1921-07-09,,999-52-6015,S99949998,X17148106X,Ms.,Vina438,Sana377,Ebert178,,,S,white,nonhispanic,F,Granby  Connecticut  US,610 Hammes Neck,Brookfield,Connecticut,Fairfield County,,0,41.488159241386114,-73.37713809558461,1185545.92,557165.71,50006
288b585d-9872-8419-6d7c-f70de1f4a791,1968-09-14,,999-30-3643,S99918275,X63735437X,Mr.,Adam631,Elroy493,Lehner980,,,W,white,hispanic,M,Lake Pocotopaug  Connecticut  US,113 Veum Camp,Wilton,Connecticut,Fairfield County,,0,41.24184019763292,-73.4595944004364,113179.38,86067.83,102205
0badc8f2-88e6-14bd-bc15-d3e0c05284c4,1969-11-02,,999-22-1134,S99984018,X22951859X,Mr.,Dannie881,Jimmie93,Effertz744,,,M,white,nonhispanic,M,Meriden  Connecticut  US,1036 Zemlak Rest,Rocky Hill,Connecticut,Hartford County,,0,41.63070583715566,-72.61870889082158,135886.5,29017.85,68617
e85f2aeb-b814-e52e-cbe5-64f90ee620a9,1918-10-03,,999-57-7064,S99986400,X35129553X,Mrs.,Lawana430,,Volkman526,,Treutel973,M,white,nonhispanic,F,West Hartford  Connecticut  US,993 Schowalter Dam Apt 35,Vernon,Connecticut,Tolland County,,0,41.848829963023654,-72.46569805148695,151437.46,4832779.57,18089
be893a72-6abe-3ca4-707d-2923cdb4337a,1922-05-05,2002-10-18,999-53-7303,S99933098,X06414481X,Mr.,Corey514,,Hickle134,,,M,white,nonhispanic,M,Redding  Connecticut  US,715 Hodkiewicz Avenue,Danbury,Connecticut,Fairfield County,9001.0,6811,41.42015351619192,-73.36807833731808,312256.49,872274.14,37693
78a65731-0346-e78f-758c-f4495f59f264,1945-01-07,2024-11-21,999-37-6688,S99910407,X26279033X,Mr.,Riley817,,Marquardt819,,,W,white,hispanic,M,Canton  Connecticut  US,364 Jacobs Flat,Bristol,Connecticut,Hartford County,9003.0,6013,41.70514233921684,-72.92759171063211,27190.63,733485.75,13999
63c3cf2c-f78c-ef4c-a6db-ef9bc56bb3e7,1945-01-07,2023-06-29,999-73-3103,S99970960,X07868449X,Mr.,Leonel449,Devin82,Moen819,,,M,white,hispanic,M,Conning Towers Nautilus Park  Connecticut  US,321 Mayert Crossing,Bristol,Connecticut,Hartford County,9003.0,6010,41.72219618157867,-72.91781867341686,25623.07,1404326.36,13999
e890101c-0dac-f6c3-dc89-452e4716bcc3,1922-05-05,2013-05-19,999-96-5579,S99929554,X06995321X,Mr.,Bo157,Maximo817,Fahey393,,,S,white,nonhispanic,M,Hartford  Connecticut  US,357 Graham Ville,Danbury,Connecticut,Fairfield County,9001.0,6804,41.512586574584134,-73.38235063781748,433722.25,948372.22,37693
1e4df9b6-a9d3-2467-edc5-fa60b189ccef,1922-05-05,,999-59-1480,S99957126,X32012291X,Mr.,Quincy153,Boyd728,DuBuque211,,,M,white,nonhispanic,M,Willimantic  Connecticut  US,709 Kiehn Drive,Danbury,Connecticut,Fairfield County,9001.0,6810,41.43450273716272,-73.52631599690073,276445.73,265329.32,37693
cdc8b492-9bef-e1c0-4172-763aa299bb8b,1962-12-18,,999-43-6496,S99921977,X02240688X,Mr.,Jerry654,Enoch803,Dicki44,,,S,white,nonhispanic,M,New Fairfield  Connecticut  US,753 Walker Parade Apt 22,Coventry,Connecticut,Tolland County,,0,41.77650890093234,-72.340407560379,15599.28,395727.4,13811
f1063888-f0ed-4ea9-4091-4ce5c5ee7c33,1923-04-07,2011-07-17,999-34-7320,S99927975,X12856005X,Mrs.,Zonia753,Tressa150,O'Conner199,,Kuphal363,D,white,nonhispanic,F,Bristol  Connecticut  US,782 O'Keefe Quay,Hazardville,Connecticut,Hartford County,,0,41.955905024705935,-72.52748317901354,345128.71,1572555.47,144910
cc95b048-f1b9-39e2-8465-6f259fdf8e3e,1952-04-14,,999-88-1352,S99944565,X30184646X,Mr.,Abdul218,Garrett899,King743,,,D,white,nonhispanic,M,Torrington  Connecticut  US,649 Hettinger Course Apt 52,Hartford,Connecticut,Hartford County,9003.0,6114,41.83527261722232,-72.7144066830885,211167.12,140273.58,42607
5882c2a5-cd3f-6fc1-a9c2-ee4a72c2f2db,1949-03-01,2008-05-01,999-97-9223,S99923471,X83903287X,Mr.,Ali918,Eldon28,Hammes673,,,M,white,nonhispanic,M,Darien  Connecticut  US,852 Runolfsson Lodge,New Hartford,Connecticut,Litchfield County,,0,41.8450981265202,-73.00686256606056,197421.6,11339.99,84653
99925880-3425-d998-f408-3c53dd8493f7,1954-03-20,,999-97-5443,S99943761,X77199653X,Mrs.,Yu876,Joan322,Lebsack687,,Padberg411,D,white,nonhispanic,F,Oakville  Connecticut  US,980 Hickle Trafficway Unit 99,Berlin,Connecticut,Hartford County,,0,41.614918305149125,-72.77295515112931,387576.26,858156.14,455473
f0f892c7-7bd7-419f-e542-a9963d934fb2,1918-03-07,1999-10-05,999-84-8266,S99989858,X82350403X,Mrs.,Shila857,Marilu588,Rempel203,,Jacobs452,M,white,nonhispanic,F,New Haven  Connecticut  US,397 Ullrich View Apt 62,Sterling,Connecticut,Windham County,,0,41.65304330992572,-71.82386145202602,1692620.71,472939.66,91303
67f3887c-87cc-9fbb-9f5a-f6c64a9d72e8,1937-09-06,,999-90-5136,S99913062,X85239395X,Mr.,Eddie505,,Streich926,,,S,white,nonhispanic,M,Glastonbury Center  Connecticut  US,998 Erdman Highlands Apt 0,Waterbury,Connecticut,New Haven County,9009.0,6710,41.485509729903946,-73.04227631868513,269334.44,225645.7,45507
77a566d1-26ba-d1eb-9af4-8ad3a80294d0,1920-12-06,1989-01-07,999-39-9214,S99919343,X11821364X,Ms.,Staci390,Allyson474,Runolfsson901,,,S,black,nonhispanic,F,Tolland  Connecticut  US,872 Ratke Gate Apt 70,Guilford,Connecticut,New Haven County,,0,41.38270025771491,-72.73444650496957,400319.68,1551771.02,143712
3ed64fcd-2340-da0e-5d9d-c1fe0a9ae692,1955-04-08,,999-11-1126,S99980546,X22208370X,Mr.,Deshawn686,Reinaldo138,Hauck852,,,M,white,nonhispanic,M,Canaan  Connecticut  US,451 Kreiger Viaduct Unit 9,New Haven,Connecticut,New Haven County,9009.0,6510,41.33185969872658,-72.96963039393076,218511.82,886130.56,27462
e2fa92b9-e991-a838-9045-ec3b6d43b31b,1957-02-06,,999-18-2826,S99929920,X36103080X,Mr.,Taylor21,Ellis535,Erdman779,,,M,white,nonhispanic,M,Ellington  Connecticut  US,124 Wolf Bridge Apt 64,New Haven,Connecticut,New Haven County,9009.0,6519,41.24388873881958,-72.83389906048626,14902.26,400245.33,18579
c254c91e-5c6d-b200-1ff2-fa869b4ae914,1963-09-11,,999-27-7498,S99973515,X86680822X,Mrs.,Gianna370,Gaynell126,Heidenreich818,,Koss676,M,white,nonhispanic,F,East Hampton  Connecticut  US,738 Goldner Path Suite 14,Branford,Connecticut,New Haven County,,0,41.27385686970649,-72.7996841831561,274741.21,903283.54,30316
eaaee4b7-1983-99d4-2c8d-c5b7c722b678,1920-12-06,2018-05-13,999-81-1887,S99946062,X67562280X,Mrs.,Shavonne800,Lorraine478,Abernathy524,,Fahey393,M,black,nonhispanic,F,East Lyme  Connecticut  US,138 Murazik Esplanade Suite 68,Guilford,Connecticut,New Haven County,,0,41.35212459389979,-72.69517698962375,404239.97,2028570.87,143712
a1aa45ea-89f7-e2db-05dc-035f4a3e01b2,1933-03-23,,999-11-9710,S99989001,X29311048X,Mrs.,Mia349,Pilar644,Renner328,,Erdman779,M,white,nonhispanic,F,Bethel  Connecticut  US,531 Olson Underpass Apt 31,Norwalk,Connecticut,Fairfield County,9001.0,6856,41.087297260446405,-73.45469067910068,33998.5,1311963.45,443558
5462556c-3647-e999-eb58-c77518b8ecf7,1959-09-10,,999-59-5269,S99950084,X99217241X,Mr.,Jeffry142,Gerald181,Pfeffer420,,,M,white,nonhispanic,M,East Hartford  Connecticut  US,932 Padberg Grove Apt 47,Meriden,Connecticut,New Haven County,9009.0,6451,41.55672947277841,-72.79971973927259,167141.3,232974.26,53890
d10e3356-618c-25d9-fed9-0ccf90fff9ca,1958-09-11,,999-99-4992,S99963590,X54383246X,Mr.,Charley358,,O'Kon634,,,S,white,nonhispanic,M,Norwich  Connecticut  US,603 Conn Bypass Unit 57,Wilton,Connecticut,Fairfield County,,0,41.247298191033856,-73.47254990913333,177143.94,86048.64,139224
8539b324-aca7-af51-e574-89b64020baec,1968-08-26,,999-84-5633,S99956252,X18055802X,Mrs.,Shannan727,Aida517,Bode78,,Baumbach677,D,white,nonhispanic,F,Marlborough  Connecticut  US,728 Konopelski Knoll,Ridgefield,Connecticut,Fairfield County,9001.0,6877,41.332104461408875,-73.5048865444398,1563902.7,96885.77,107210
f7437849-db7b-7b40-d11b-47322fe00574,1943-06-08,,999-14-3359,S99962405,X59153142X,Ms.,Daina567,Faustina753,Orn563,,,S,white,hispanic,F,New London  Connecticut  US,558 Feeney Ramp,New Fairfield,Connecticut,Fairfield County,,0,41.43493734213397,-73.43716363001496,274305.56,127933.9,60351
695d4fcc-0422-df71-3744-0bb59ee497e2,1929-03-16,,999-63-9452,S99995493,X31709127X,Mr.,Riley817,Morton637,Dach178,,,M,white,nonhispanic,M,Waterbury  Connecticut  US,970 Jones Station Apt 48,Manchester,Connecticut,Hartford County,9003.0,6040,41.73086791212735,-72.50293099307761,125607.6,222558.89,28338
4bcbb4cd-92ad-9094-2871-baaafe2fd18c,1926-08-02,2011-04-17,999-32-2144,S99962777,X98302128X,Mr.,Donn979,Santo387,Cassin499,,,M,white,nonhispanic,M,Windham  Connecticut  US,865 Blanda Gateway,Montville,Connecticut,New London County,,0,41.43963480036033,-72.17578262126897,381536.77,1972532.68,32337
34df0902-4cc8-c2f6-e013-3baa075dca73,1971-08-03,,999-46-1665,S99912648,X98639790X,Mr.,Tracy345,,Weimann465,,,M,white,nonhispanic,M,Chester  Connecticut  US,672 Adams Annex,Wethersfield,Connecticut,Hartford County,9003.0,6109,41.658166402591426,-72.6440050462894,180903.22,114057.87,383947
abfecb5e-5350-5a6c-21bf-a5bd18845bfb,1945-03-29,,999-10-4184,S99913934,X26401594X,Mr.,Renato359,Timothy142,Torphy630,,,S,white,nonhispanic,M,Darien  Connecticut  US,781 Olson Rue,Waterbury,Connecticut,New Haven County,9009.0,6716,41.56610026566092,-73.05859390657672,316061.47,166148.85,64465
7aed8287-ec53-db74-471d-d0aa34657799,1926-08-02,2009-09-28,999-87-4516,S99918221,X94330433X,Mr.,Hollis7,,Sanford861,,,S,white,nonhispanic,M,Bridgeport  Connecticut  US,861 Douglas Ranch Apt 74,Montville,Connecticut,New London County,,0,41.503049239711046,-72.17098558663183,292867.1,3631190.47,32337
8fdb0613-6137-68f1-2bb0-5d449d55f8e7,1922-07-31,,999-24-8559,S99918669,X34012607X,Mr.,Kristofer887,Lawerence6,Schaefer657,,,M,white,nonhispanic,M,New Britain  Connecticut  US,560 Hermiston Port,Norwalk,Connecticut,Fairfield County,9001.0,6851,41.091935126352475,-73.42845469548,602302.5,2979857.39,69408
f44c6f53-460e-07d1-8484-b5fe7e2da5d8,1942-01-26,,999-33-8006,S99982408,X46834475X,Mr.,Luis923,Jackie93,Weber641,,,D,white,hispanic,M,Stamford  Connecticut  US,878 Wunsch Arcade Suite 53,Waterbury,Connecticut,New Haven County,9009.0,6702,41.58182970111486,-72.96333140243803,155727.09,801916.66,48676
4bc61f2e-6eb4-3aa7-f108-d4669448fa79,1918-05-09,,999-74-8695,S99951251,X03905042X,Mr.,Gilberto712,Gilberto712,Águilar229,,,M,white,hispanic,M,Guatemala City  Guatemala  GT,1026 Ullrich Union,Hartford,Connecticut,Hartford County,9003.0,6112,41.79955710208706,-72.81016358930631,27251.22,601191.59,6386
5e206825-e130-798a-0d4b-cbe831e08791,1957-05-23,,999-47-1920,S99955919,X89878315X,Mr.,Derick144,Chance908,Hackett68,,,M,asian,nonhispanic,M,Torrington  Connecticut  US,999 Hahn Village Suite 56,Stratford,Connecticut,Fairfield County,9001.0,6611,41.15688001743614,-73.07832567113779,277635.84,57876.17,106643
5e63a97a-54b1-b62d-7d8a-1ffebb9c64f3,1944-01-05,,999-68-1829,S99998279,X06211627X,Mr.,Thurman577,,Corkery305,,,M,black,nonhispanic,M,Danbury  Connecticut  US,465 Christiansen Fork Unit 67,Meriden,Connecticut,New Haven County,9009.0,6450,41.52783855016763,-72.79493036665488,205003.68,507580.12,27742
59927b37-d01d-2ec0-3ac7-e3c76cbe970e,1929-04-22,,999-26-1943,S99978632,X17153234X,Mr.,Terrell212,,Davis923,,,M,white,nonhispanic,M,West Hartford  Connecticut  US,679 Jakubowski Byway,Rocky Hill,Connecticut,Hartford County,,0,41.63131108086001,-72.63895078928621,305705.34,327147.89,35599
101b0de3-4faa-40b0-8a41-d04e539b9854,1933-08-26,,999-16-9716,S99954615,X70887599X,Mr.,Raul814,Riley817,Powlowski563,,,D,white,hispanic,M,Stratford  Connecticut  US,251 Abbott Glen Unit 70,Cheshire,Connecticut,New Haven County,9009.0,6410,41.47909517283318,-72.94709809998965,99501.58,2525587.09,22257
dc5a8923-7998-c752-a7c6-be7fef54ffe8,1952-08-22,,999-24-1729,S99930332,X37793938X,Mr.,Demarcus108,Murray856,Dach178,,,D,white,hispanic,M,Mansfield  Connecticut  US,919 Hamill Dam,Weatogue,Connecticut,Hartford County,9003.0,6089,41.86901272418156,-72.86003633358149,226269.61,271708.85,58323
b4f53648-daba-32a2-b212-ec26a3c3c0b1,1952-12-19,,999-30-1398,S99936266,X99543337X,Mr.,Houston994,Bryon392,Greenfelder433,,,M,white,nonhispanic,M,Hamden  Connecticut  US,563 Hessel Dam Suite 43,New Britain,Connecticut,Hartford County,9003.0,6051,41.712441486421234,-72.8089606219093,12889.17,433437.68,12821
fa7b0709-99c3-5a79-e989-5da2bbc57736,1967-11-13,,999-25-3603,S99991908,X15316568X,Mr.,Chung121,Angel97,Lind531,,,D,white,hispanic,M,Clinton  Connecticut  US,923 Huels Pathway,Fairfield,Connecticut,Fairfield County,,0,41.21290517965003,-73.3024708065166,15657.74,429432.61,10613
33cfc40e-5b0d-d7d2-2014-4f793b53cc30,1944-06-27,2013-11-04,999-31-2971,S99936772,X17681281X,Mr.,Cristobal567,Carey440,Bogisich202,,,M,white,nonhispanic,M,Waterbury  Connecticut  US,482 Smitham Bridge,Naugatuck,Connecticut,New Haven County,9009.0,6770,41.44209530379166,-73.06397607871509,264941.64,139203.25,88249
416e384c-6c2f-0d1f-106a-90090dfe619f,1951-02-27,2005-08-08,999-88-9676,S99951552,X36749656X,Mrs.,Melony418,Annice210,Prohaska837,,Koch169,M,white,nonhispanic,F,Hamden  Connecticut  US,1035 Kub Wall,Windsor,Connecticut,Hartford County,,0,41.899865430068,-72.64901448192263,616879.92,471555.6,94654
076e6ed4-38e1-e52a-e3c4-73d4afbb6492,1933-04-07,2012-07-11,999-52-6076,S99918420,X83517827X,Ms.,Chaya236,Alla648,Funk324,,,S,white,nonhispanic,F,Guilford Center  Connecticut  US,475 Marquardt Brook Apt 89,Stamford,Connecticut,Fairfield County,9001.0,6906,41.07420818450729,-73.49334917815766,1059712.63,399117.29,48516
a6a4bd89-aff3-d3af-a339-f9537f68bef9,1939-08-18,,999-67-7248,S99953778,X42107548X,Mr.,Alphonse92,Duncan491,Jaskolski867,,,M,white,nonhispanic,M,Waterbury  Connecticut  US,540 Christiansen Quay,Madison,Connecticut,New Haven County,,0,41.3062856592384,-72.57558974958681,133240.86,1157208.47,759835
57ca4347-1d1e-7615-eb3e-5e78a195faf1,1953-02-09,,999-74-9593,S99999659,X38652986X,Mrs.,Lashaun800,Katrice671,Corkery305,,Rau926,M,white,nonhispanic,F,Tolland  Connecticut  US,263 Mayert Ramp Suite 77,New London,Connecticut,New London County,9011.0,6320,41.35523541715347,-72.06403503982992,957677.49,176774.41,88228
11206341-530e-b87e-b3bc-888644e35ace,1946-02-18,2021-01-15,999-46-4909,S99996702,X59449325X,Mr.,Tyrone215,Kieth891,Casper496,,,S,asian,nonhispanic,M,Danbury  Connecticut  US,850 Kautzer Highlands,Danbury,Connecticut,Fairfield County,9001.0,6804,41.37154464235755,-73.50848791541284,76323.75,1775473.75,14373
6aab149f-ac39-2d0e-71af-9564c2435fb7,1964-03-14,,999-81-9691,S99974703,X44498913X,Mr.,Robby860,Ellsworth48,Effertz744,,,M,black,nonhispanic,M,Beacon Falls  Connecticut  US,1087 Ernser Approach Apt 39,New Britain,Connecticut,Hartford County,9003.0,6052,41.62659664725061,-72.84947619969219,11026.37,214676.34,12006
6e35ebeb-85b8-09bc-1667-8ed8c30a35b6,1930-06-06,2015-06-03,999-83-2085,S99920098,X44338712X,Mr.,Efren426,Erwin847,Lockman863,,,M,white,nonhispanic,M,West Hartford  Connecticut  US,465 Crist Trail,Oakville,Connecticut,Litchfield County,9005.0,6779,41.55259184597214,-73.0529051841014,141733.1,1165290.23,96689
2f952e31-a406-323c-9709-b658dce6070f,1952-12-25,,999-68-4849,S99993144,X34993228X,Mr.,Damien170,Jeff859,Stiedemann542,,,S,white,nonhispanic,M,New Britain  Connecticut  US,182 Ankunding Crossroad Unit 52,Madison,Connecticut,New Haven County,,0,41.35691553283289,-72.61498763360328,238184.85,409388.79,166751
ee63d6e0-f464-4fd0-a5dd-f272406e314c,1946-02-18,,999-35-3384,S99963370,X31204895X,Mr.,Quintin944,Norberto865,Flatley871,,,M,asian,nonhispanic,M,Naugatuck  Connecticut  US,367 Nienow Path Suite 17,Danbury,Connecticut,Fairfield County,9001.0,6811,41.44049007615808,-73.43492031346318,19405.62,522145.24,14373
cd4e24cb-7f87-121c-da4c-5510ae7656e0,1976-05-24,,999-72-6054,S99974629,X33425549X,Mr.,Shannon293,,Sawayn19,,,M,white,nonhispanic,M,Terryville  Connecticut  US,244 Larkin Vista Suite 95,North Branford,Connecticut,New Haven County,,0,41.39086576160974,-72.82077642282471,153214.32,46909.25,146246
15511849-06c2-708c-e846-ddd45078fe9c,1923-10-24,2001-12-12,999-48-3900,S99958924,X02162624X,Mr.,Hobert364,Garland107,Emmerich580,,,M,white,nonhispanic,M,Danielson  Connecticut  US,964 O'Keefe Extension Unit 72,Stamford,Connecticut,Fairfield County,9001.0,6901,41.05253155427992,-73.69673782113844,379759.39,301159.5,40465
bd80a4de-6d97-5594-6ba0-e42f33db3d42,1935-05-27,,999-43-9685,S99996521,X27847824X,Mr.,Carlos172,,Lemke654,,,S,asian,nonhispanic,M,Torrington  Connecticut  US,267 Kassulke Tunnel Suite 39,South Windsor,Connecticut,Hartford County,,0,41.804613238803704,-72.61654508939586,667025.2,1619754.17,1664
98651321-2f29-2393-264b-534f1ead612c,1923-10-24,2006-07-07,999-25-4747,S99911673,X76967719X,Mr.,Rod343,Jesse626,Carter549,,,S,white,nonhispanic,M,Wilton  Connecticut  US,331 Huel View Apt 97,Stamford,Connecticut,Fairfield County,9001.0,6902,41.13237130140161,-73.59089669478053,275967.63,3785619.01,40465
dc52ea80-c8d9-e787-19ba-7a3652ef76c6,1967-08-24,,999-88-6327,S99986006,X11595957X,Mr.,Mervin111,Omer483,Huels583,,,S,white,nonhispanic,M,Southington  Connecticut  US,409 Tremblay Wynd,Stamford,Connecticut,Fairfield County,9001.0,6905,41.081801400550894,-73.66063018997046,188954.43,0.0,80264
56f6bea1-0d7d-b16c-71c2-ad366eb15f9d,1954-09-25,,999-65-3596,S99979983,X50519301X,Mr.,Jaime666,Dominique369,Watsica258,,,M,white,nonhispanic,M,Killingworth  Connecticut  US,492 Gutkowski Mall Unit 19,Oxoboxo River,Connecticut,New London County,,0,41.459369768606585,-72.1104758945977,641693.82,597809.8,94320
8f0e9207-3abf-995b-54b5-21df21e0b90a,1923-10-24,,999-99-9420,S99919742,X87533374X,Mr.,Kenton313,Antwan357,Mosciski958,,,S,white,nonhispanic,M,Danbury  Connecticut  US,931 White Trailer,Stamford,Connecticut,Fairfield County,9001.0,6831,41.04013765732499,-73.5916570417797,296608.54,318628.4,40465
9adbfe4e-8e40-8a7a-5273-2b532d26bfbe,1961-04-23,,999-48-5455,S99963289,X93989292X,Mr.,Matt836,Colin861,Senger904,,,D,white,nonhispanic,M,Hamden  Connecticut  US,160 Hand Plaza Suite 82,New Haven,Connecticut,New Haven County,9009.0,6515,41.27679438044491,-72.95242146108733,486780.18,49713.69,75728
3f09a35e-af3e-b8e4-ad34-a6614cf9e5ee,1947-10-23,,999-13-3583,S99988001,X86553642X,Mrs.,Gerri75,Bobbye345,Boyer713,,Douglas31,W,black,nonhispanic,F,Middletown  Connecticut  US,618 Will Row,Stamford,Connecticut,Fairfield County,9001.0,6905,41.07452485768816,-73.5159387894849,375148.81,1173705.29,134651
4754b9e1-3637-b3e2-7aaa-11ba6ba850aa,1958-03-12,,999-30-1231,S99959849,X80885575X,Mr.,Clark193,Buster609,Botsford977,,,M,asian,nonhispanic,M,Hong Kong  Hong Kong Special Administrative Region  CN,148 Rutherford Estate Apt 82,Berlin,Connecticut,Hartford County,,0,41.612121916294704,-72.81798659277608,35835.24,351534.86,23654
0b693be2-ad1c-309f-19fe-3618037c5e90,1955-04-08,,999-93-2479,S99982406,X77461494X,Mr.,Felix524,,Barrows492,,,M,asian,hispanic,M,Branford  Connecticut  US,720 Graham Center,Simsbury,Connecticut,Hartford County,,0,41.90317473886885,-72.80867717566991,220125.1,72284.89,170619
4ddb4773-15c4-1236-c506-74f1387b0f2b,1954-10-03,,999-31-1971,S99961605,X50852782X,Mr.,Ivory697,Charley358,Beatty507,,,M,white,nonhispanic,M,Oakville  Connecticut  US,471 Reichel Trace Unit 18,Greenwich,Connecticut,Fairfield County,9001.0,6831,41.0393599991332,-73.59237682385799,204827.28,304866.51,337600
92184774-8297-e3b9-203a-ecad0205d88b,1933-11-14,2004-01-10,999-44-7055,S99944763,X41507573X,Mr.,Millard193,Tom274,Swift555,,,D,white,nonhispanic,M,Windsor Locks  Connecticut  US,585 Dietrich Route,Montville,Connecticut,New London County,,0,41.44999229178885,-72.1852160155587,186116.79,1055302.16,89033
ff7fbf38-c3e4-3643-9d68-2cf1b898dbc8,1952-03-22,,999-53-1546,S99924134,X85987157X,Mr.,Troy560,Douglass930,Monahan736,,,M,white,nonhispanic,M,Montville  Connecticut  US,384 Hoeger Quay Apt 88,Norwalk,Connecticut,Fairfield County,9001.0,6853,41.13136165522656,-73.47307155802574,258477.55,171145.19,89933
6a3e8914-9b2f-2dee-d8f4-a983fffa265f,1954-05-03,,999-62-6243,S99920583,X31445846X,Mr.,German382,,Friesen796,,,M,white,nonhispanic,M,Cromwell  Connecticut  US,734 Jacobs Alley Suite 76,New Haven,Connecticut,New Haven County,9009.0,6517,41.33887726639618,-72.92403313852267,228864.6,309230.99,825768
699b5ac8-709f-7f08-8e96-4d901d4f80bd,1933-11-14,2020-07-18,999-54-1247,S99999785,X21916068X,Mr.,Sydney660,Luigi346,Auer97,,,D,white,nonhispanic,M,Manchester  Connecticut  US,840 Zemlak Bay,Montville,Connecticut,New London County,,0,41.437154172723616,-72.11191927162858,254215.67,161736.36,89033
b7cc3980-c4b2-7656-9bb9-614d17e6e014,1963-04-07,,999-27-7458,S99948708,X26720683X,Mr.,Alfonso758,Kasey569,Kulas532,,,D,black,nonhispanic,M,Middletown  Connecticut  US,293 Ward Trailer Apt 77,East Hampton,Connecticut,Middlesex County,9007.0,6424,41.577272168189246,-72.49902870510455,16105.71,956187.01,20735
2547810f-2077-aa5e-3519-05198b8046ad,1921-05-26,2017-10-30,999-74-8069,S99987010,X65177749X,Mr.,Cody889,Ronald408,Goyette777,,,D,white,nonhispanic,M,New Fairfield  Connecticut  US,1042 Gerlach Route,Hamden,Connecticut,New Haven County,,0,41.3738936092597,-72.87297900001093,467535.21,302899.28,72620
30031f79-3012-7b72-4791-c44a1ddd4f10,1944-10-17,2021-09-11,999-96-1564,S99984303,X11521772X,Mr.,Dorsey40,Raymond398,Shields502,,,W,white,nonhispanic,M,Storrs  Connecticut  US,536 Mertz Landing,Waterbury,Connecticut,New Haven County,9009.0,6706,41.54051447839902,-72.97513357399022,199629.69,1208704.49,34047
4579bd59-2885-4497-2db9-d3c258eadf36,1955-12-24,,999-75-1348,S99991341,X28838846X,Mr.,Sherman440,,Haag279,,,M,white,nonhispanic,M,Fairfield  Connecticut  US,269 Kuphal Park Suite 67,Westbrook,Connecticut,Middlesex County,,0,41.31601146193669,-72.51467836670889,220064.96,1666169.57,585517
fa111cf3-823a-8e46-07f9-e89c6e49b4f7,1921-05-26,2005-08-07,999-64-5606,S99919479,X71189890X,Mr.,Virgilio529,Fritz267,Boyle917,,,M,white,nonhispanic,M,Woodbury  Connecticut  US,1016 Considine Lane Suite 85,Hamden,Connecticut,New Haven County,,0,41.360861972735805,-72.88429419474944,333649.93,408824.53,72620
9bca26b1-dc88-9159-1545-addfb6f31357,1972-03-23,,999-76-8243,S99969064,X64233766X,Mrs.,Jody426,Earline566,Greenholt190,,Ratke343,M,white,hispanic,F,Trumbull  Connecticut  US,599 Dibbert View Apt 12,Hartford,Connecticut,Hartford County,9003.0,6106,41.81122349671632,-72.69137528983993,20235.76,1599668.1,18222
c2a67cf8-d4a8-438d-352b-6f07916390cc,1921-05-26,2017-09-14,999-37-5173,S99948553,X55926306X,Mr.,Nathanael908,Zachery872,Considine820,,,S,white,nonhispanic,M,Norwalk  Connecticut  US,489 Gutmann Parade Unit 10,Hamden,Connecticut,New Haven County,,0,41.41344274184503,-72.89426996297462,168469.69,470417.32,72620
942b93ab-12a7-48c6-4e53-cb128139bfb2,1957-01-04,,999-68-9575,S99927813,X99209726X,Mr.,Ashley34,Filiberto722,Baumbach677,,,M,asian,nonhispanic,M,Fairfield  Connecticut  US,1068 Lemke Run Unit 9,Wethersfield,Connecticut,Hartford County,9003.0,6109,41.68045456056283,-72.68176102364757,423686.47,755972.24,35629
3bd5689c-c45f-ea1e-8f8e-a5ae12c7016d,1945-01-16,,999-62-9657,S99922499,X90478283X,Mrs.,Lauri399,Marcella377,Farrell962,,Zulauf375,M,white,nonhispanic,F,Woodbury  Connecticut  US,386 Emmerich Parade,Orange,Connecticut,New Haven County,9009.0,6477,41.2454485223429,-73.00145286388258,1155943.78,379977.0,117943
d61f4a95-8440-eb33-5a82-2ff92ff42c3d,1958-11-17,,999-98-6233,S99991861,X95514695X,Mr.,Norman647,Brad867,Gottlieb798,,,M,white,nonhispanic,M,Branford  Connecticut  US,887 Quigley Corner Suite 9,Newington,Connecticut,Hartford County,9003.0,6111,41.65926495775268,-72.733884922437,165783.81,78655.21,47378
964ca2ad-8d38-158c-e3c7-6fff3d2f2d04,1916-11-21,1994-06-19,999-90-6262,S99978112,X15021986X,Mr.,Dannie881,Arnoldo445,Grant908,,,D,white,nonhispanic,M,Thomaston  Connecticut  US,822 Greenfelder Trail,East Hampton,Connecticut,Middlesex County,9007.0,6424,41.54443407765339,-72.49123442970188,131818.47,2568202.53,16917
f54cf583-4b79-f7d4-de11-371e5f53a249,1954-08-09,,999-13-2795,S99948712,X44558689X,Mr.,Tyson541,Diego848,Bogisich202,,,S,white,nonhispanic,M,Manchester  Connecticut  US,689 Runolfsdottir Stravenue Apt 87,Stratford,Connecticut,Fairfield County,9001.0,6607,41.21113501163404,-73.16654792181048,217301.16,61062.37,69483
872c42fa-8b4c-9dae-6ded-0c1c69430cd0,1955-12-07,,999-36-6732,S99985033,X46785019X,Mrs.,Carmen818,Synthia172,Ferry570,,Hermann103,M,white,nonhispanic,F,Naugatuck  Connecticut  US,620 Ritchie Lodge Apt 99,Westport,Connecticut,Fairfield County,9001.0,6880,41.104940488903374,-73.37422819436382,324273.79,699284.25,931563
dfb4d256-221d-7922-76a6-3c2b4f3f66da,1916-01-16,,999-41-4044,S99948187,X48006703X,Mrs.,Shonta375,Nina110,Feil794,,Schulist381,M,white,nonhispanic,F,New Haven  Connecticut  US,932 Hackett Light Suite 0,New Milford,Connecticut,Litchfield County,9005.0,6776,41.586319835553944,-73.38744984554879,449924.77,2081172.13,24749
4ba5bccf-0963-7998-3d41-4870bf7c13ef,1916-11-21,1999-01-26,999-18-6767,S99911178,X37059651X,Mr.,Garfield38,Cliff504,Zieme486,,,M,white,nonhispanic,M,Wallingford  Connecticut  US,546 McCullough Stravenue Suite 97,East Hampton,Connecticut,Middlesex County,9007.0,6424,41.5742383842067,-72.5453944487784,92683.24,4004866.29,16917
08754bae-f231-49c4-d42e-b0e23feea402,1953-07-09,,999-24-2131,S99964427,X98214179X,Mr.,Renato359,Clifford177,Hermann103,,,D,white,nonhispanic,M,Suffield  Connecticut  US,138 Rath Common Apt 60,Salisbury,Connecticut,Litchfield County,,0,41.956232582193664,-73.44065324218576,12952.46,339005.83,20627
09123348-2260-360e-4cde-7507b7a687cf,1942-09-28,1996-04-09,999-62-1132,S99949735,X95243041X,Mr.,Antwan357,Randell912,Abernathy524,,,S,white,nonhispanic,M,Hamden  Connecticut  US,1059 Herzog Key,Stamford,Connecticut,Fairfield County,9001.0,6901,41.09368592016365,-73.55267448602372,640101.39,192655.4,90281
501c4a03-9010-d1dc-5565-9ffacc687c21,1949-05-22,,999-49-5192,S99954691,X88148126X,Mrs.,Kira861,Charlsie105,Heidenreich818,,Leffler128,M,white,nonhispanic,F,Plainville  Connecticut  US,647 Wehner Road,Norwalk,Connecticut,Fairfield County,9001.0,6880,41.07518966130379,-73.38618534545479,995316.93,633676.28,83350
38453457-29c6-203e-9410-2c31a3d5245e,1947-07-23,,999-86-2465,S99991316,X29961931X,Mr.,Earl438,,Haley279,,,M,white,nonhispanic,M,East Hartford  Connecticut  US,333 Mitchell Dam,West Haven,Connecticut,New Haven County,9009.0,6516,41.25939513388976,-72.91878693171101,288219.09,218325.67,43699
cb51ee24-3f43-f9b0-ca6a-48939d9d56a3,1957-10-29,2023-06-17,999-71-2864,S99976348,X75767742X,Mrs.,Anna632,Genevieve884,Morar593,,Stanton715,M,white,nonhispanic,F,Ashford  Connecticut  US,568 Zulauf Throughway Unit 94,Guilford,Connecticut,New Haven County,,0,41.38541049050223,-72.72714825247967,818081.88,545937.46,45888
051892f9-b5b6-1b95-733a-ecd66cefd2e6,1945-03-02,2024-03-08,999-94-2733,S99945975,X92255578X,Mrs.,Lakiesha286,,Hammes673,,Hayes766,D,white,nonhispanic,F,East Hartford  Connecticut  US,469 Bailey Course Suite 82,Derby,Connecticut,New Haven County,9009.0,6418,41.37053188027925,-73.10717994759,143395.25,1548062.88,838
0d65a86d-24b2-0b70-7cad-b9b337a2cd0d,1931-05-01,2015-12-27,999-26-1836,S99969858,X26209551X,Mr.,Sung603,Rodrigo242,Pagac496,,,M,white,hispanic,M,Enfield  Connecticut  US,298 Waelchi Crossroad Apt 73,Bridgeport,Connecticut,Fairfield County,9001.0,6611,41.193064827965046,-73.23711917302518,225203.65,383685.41,388184
2a8d64a7-30b4-c940-c822-700e0baef8f0,1930-06-28,,999-32-6136,S99926848,X27717269X,Mrs.,Tyra356,,Beatty507,,Koepp521,M,white,nonhispanic,F,Bridgeport  Connecticut  US,740 Rowe Divide,Norwich,Connecticut,New London County,9011.0,6380,41.54930027522377,-72.20092347500064,1214751.02,562679.2,48205
eb0fee39-1123-9a53-4c62-4d7e73a4a31b,1943-03-14,,999-83-5649,S99977231,X10573633X,Mr.,Lemuel304,Charles364,Ortiz186,,,D,white,nonhispanic,M,Glastonbury  Connecticut  US,443 Hilll Forge,Lakeville,Connecticut,Litchfield County,9005.0,6039,41.9372677545924,-73.4421218386773,501058.14,116132.7,85198
9846001d-5368-cf3c-d40e-92ffc0ccc378,1982-09-04,,999-68-6315,S99972580,X29321569X,Mr.,Lewis216,Hassan290,Breitenberg711,,,M,white,nonhispanic,M,Thompsonville  Connecticut  US,1004 Hessel Tunnel Apt 90,Bridgeport,Connecticut,Fairfield County,9001.0,6604,41.1950121818474,-73.2292108437516,105600.47,114777.41,30292
18ac69d1-3d4f-5c13-30ef-891b9ee87f4f,1955-06-07,,999-59-5371,S99916966,X61717325X,Mr.,Murray856,Shane235,Lemke654,,,W,white,nonhispanic,M,Manchester  Connecticut  US,447 Quigley Extension,Terryville,Connecticut,Litchfield County,9005.0,6786,41.70303867528213,-73.03775797474964,201368.9,203608.72,61838
04ba3749-b61f-33c6-80df-e511b2fde391,1948-02-09,,999-96-5882,S99939767,X75844186X,Mrs.,Jillian231,Leslee214,O'Conner199,,Flatley871,M,white,nonhispanic,F,Greenwich  Connecticut  US,193 Legros Quay,Enfield,Connecticut,Hartford County,,0,42.0237077504859,-72.5287586072329,834039.08,462841.57,86446
02328d52-8017-6d8f-fd28-2517fd0d2320,1943-09-23,,999-78-7085,S99948993,X50340812X,Mr.,Clifton91,,Gibson10,,,M,white,nonhispanic,M,Bristol  Connecticut  US,201 Waters Village Unit 24,Winsted,Connecticut,Litchfield County,9005.0,6098,41.96740054447671,-73.07332857104464,290280.01,119762.44,42990
46a2a40b-44b7-e281-3419-b898d1d1bcee,1951-01-01,,999-17-8231,S99984022,X44290518X,Mr.,Darell496,Franklin857,Turcotte120,,,M,white,nonhispanic,M,Trumbull  Connecticut  US,320 Ruecker Mission,Wilton,Connecticut,Fairfield County,,0,41.18032503668089,-73.39863244024541,32213.63,762490.34,20805
fe7f540f-7d3b-a088-b0d2-13d90f1d69c9,1967-03-15,,999-55-3699,S99928144,X97898501X,Mr.,Sergio619,,Reyes140,,,M,white,hispanic,M,Guatemala City  Guatemala  GT,397 Reichel Road Apt 2,Branford,Connecticut,New Haven County,,0,41.23254851351184,-72.83297528210858,300762.25,307371.89,175791
cbed71d3-c621-8487-48ae-e9d50e19fcc0,1943-07-30,2023-06-30,999-66-7499,S99953732,X17661365X,Mrs.,Joelle163,Luanne915,Runte676,,Price929,M,white,nonhispanic,F,Marseille  Provence-Alpes-Cote d'Azur  FR,708 Bahringer Dam,Fairfield,Connecticut,Fairfield County,,0,41.16662830763072,-73.29692994899902,1122458.01,725459.27,47664
1203f8c1-916d-e911-d729-d1e61e2a214b,1952-11-22,,999-29-1074,S99977641,X93213264X,Mr.,Gus973,Carson894,Bahringer146,,,M,asian,nonhispanic,M,Mansfield  Connecticut  US,351 Lebsack Highlands Apt 66,Bridgeport,Connecticut,Fairfield County,9001.0,6610,41.18355199409374,-73.18600145356267,34901.11,1138290.87,124153
f4a65253-aeb7-3f44-d560-01ded43a24e0,1943-11-27,,999-37-2374,S99976264,X55252941X,Mr.,Don899,Barney639,Purdy2,,,M,white,nonhispanic,M,Norwalk  Connecticut  US,472 Rowe Key,Plymouth,Connecticut,Litchfield County,,0,41.62788980060164,-72.99107519539977,257798.34,151265.59,71996
92242932-9bc1-4277-8386-42b5485272a4,1964-11-05,2011-11-26,999-68-5478,S99999725,X71435594X,Mr.,Mario764,Timoteo39,Peralta301,,,M,black,hispanic,M,Lima  Lima Province  PE,326 Heller Wynd Apt 51,New Britain,Connecticut,Hartford County,9003.0,6051,41.65227888080082,-72.77095164730545,505287.15,30905.75,48961
ee0cf725-6277-c430-8a3e-cedff2718bd7,1961-03-06,,999-28-7079,S99930669,X23259958X,Mr.,Andre610,Marco578,Schoen8,,,W,white,nonhispanic,M,New Milford  Connecticut  US,645 Kunze Gardens Unit 98,Hamden,Connecticut,New Haven County,,0,41.35394534048667,-72.89899755381353,16978.29,296121.64,17056
2d0ff56d-a539-01e7-542e-153c25f5e024,1951-12-23,2024-09-16,999-87-6916,S99998551,X87854146X,Mr.,Newton741,Nathanial472,Gleason633,,,M,white,nonhispanic,M,Ashford  Connecticut  US,479 Ruecker Dam Apt 46,Norwich,Connecticut,New London County,9011.0,6389,41.56672849520763,-72.13006998629905,223920.52,164744.21,110952
4f6f7a0b-764d-1e6c-e7ec-0041a5ebe29c,1951-09-19,,999-11-7030,S99996832,X44215580X,Mrs.,Lester513,,Fay398,,Kunze215,M,native,nonhispanic,F,Bristol  Connecticut  US,446 Hilll Brook Unit 32,Stamford,Connecticut,Fairfield County,9001.0,6901,41.07418006669934,-73.57838105633337,28155.75,2348722.43,12915
d203ea1f-5277-f725-842e-978c73b5f95b,1967-06-27,,999-31-5702,S99987589,X84630828X,Mrs.,Donnetta255,Alane21,Bode78,,Jacobson885,D,white,nonhispanic,F,Bristol  Connecticut  US,879 Gibson Neck,Bridgeport,Connecticut,Fairfield County,9001.0,6606,41.21049336509461,-73.17141236831858,21542.32,1238637.0,10962
ae9bc8eb-8f18-6bd7-3c76-a472e0db9d89,1954-07-13,,999-60-7787,S99922409,X96539259X,Mrs.,Sarina640,Verdell500,Schamberger479,,Zemlak964,M,white,nonhispanic,F,Madison  Connecticut  US,462 Cummings Passage Suite 49,Deep River,Connecticut,Middlesex County,,0,41.38821242303568,-72.47073377488881,1050071.74,300583.05,43962
c14dae84-e517-fc12-74a6-5a17d5659e42,1921-09-05,2022-09-10,999-99-7615,S99993217,X42170442X,Mr.,Conrad619,Giovanni385,Leannon79,,,D,white,nonhispanic,M,Bristol  Connecticut  US,1085 Johns Vale Suite 73,West Haven,Connecticut,New Haven County,9009.0,6516,41.28767672061743,-72.95505937129644,428508.02,2901472.64,92980
4c225b2a-36f6-236c-8adb-d9ebfc20074b,1951-12-23,,999-49-3785,S99923456,X54254290X,Mr.,Dylan44,Stephan15,Cummerata161,,,D,white,nonhispanic,M,Greenwich  Connecticut  US,521 Grimes Trace Unit 94,Norwich,Connecticut,New London County,9011.0,6389,41.58350624514845,-72.13603269262633,404176.4,424486.08,110952
f4898ec3-4cb6-9fa9-05a9-8809a5989303,1955-11-18,,999-23-8777,S99931279,X30594752X,Mr.,Kory651,Victor265,Kling921,,,M,white,nonhispanic,M,Middlebury  Connecticut  US,645 Trantow Bypass Suite 50,New Haven,Connecticut,New Haven County,9009.0,6510,41.371538204006406,-72.95736992767115,174098.51,608153.62,26711
eddc169c-33f0-7752-150d-a60d0056b025,1952-04-23,2025-07-22,999-41-3352,S99940548,X88944136X,Mr.,César846,Luis Miguel102,Partida347,,,S,white,hispanic,M,Caracas  Capital District  VE,944 Cormier Hollow Unit 3,Thomaston,Connecticut,Litchfield County,9005.0,6787,41.63058594988777,-73.09180831810912,260034.21,340846.62,84670
be4d7edb-2078-a028-9449-8f1dfb313474,1952-04-23,2010-01-19,999-47-9039,S99944552,X67774307X,Mr.,Julio255,Teodoro374,Lira652,,,M,white,hispanic,M,San Jose  San Jose  CR,470 Schmitt Common Unit 83,Thomaston,Connecticut,Litchfield County,9005.0,6787,41.70990373906316,-73.11551869708788,347790.98,154758.89,84670
1e0ed117-1c76-6484-22ba-09f6fcefeecb,1952-05-03,,999-64-1535,S99917694,X78045618X,Mr.,Alva958,Josue598,Corkery305,,,W,white,nonhispanic,M,Wethersfield  Connecticut  US,639 Jacobson Harbor Suite 0,Norwalk,Connecticut,Fairfield County,9001.0,6850,41.07058562703082,-73.39666472992072,773117.78,526052.25,109991
9e8727e4-f302-266a-6000-d3c565bada23,1952-04-23,,999-33-3862,S99987206,X11568959X,Mr.,Enrique929,Jesús825,Orellana194,,,S,white,hispanic,M,La Paz  Baja California  MX,277 Ziemann Highlands Unit 46,Thomaston,Connecticut,Litchfield County,9005.0,6787,41.63957296347722,-73.11033903409249,461866.52,202297.48,84670
486262c1-1446-2522-07c5-9c7c0c5d148a,1933-10-31,2015-03-30,999-68-2926,S99928900,X49915421X,Mr.,Gabriel934,Homer307,Johnston597,,,D,black,nonhispanic,M,Manchester  Connecticut  US,473 Gibson Highlands,Wallingford,Connecticut,New Haven County,,0,41.44221570550864,-72.77068892345937,340040.05,218066.29,47292
8fcb9e35-2274-79d7-85bf-22d90d178590,1962-10-01,2015-03-08,999-85-8101,S99915102,X68507552X,Mr.,Wesley533,Sanford861,Aufderhar910,,,M,black,nonhispanic,M,Norwich  Connecticut  US,658 Abbott Vista Suite 30,Hamden,Connecticut,New Haven County,,0,41.36964180518025,-72.95556015618637,164653.99,3826470.61,148769
c2237cd2-fdea-4588-da0c-c880e04c956a,1924-03-03,,999-37-8739,S99914503,X63204744X,Mr.,Stanley702,Darin74,Nolan344,,,W,white,nonhispanic,M,New Haven  Connecticut  US,869 Little Rest,Bristol,Connecticut,Hartford County,9003.0,6013,41.69557610708922,-72.89624874215565,189630.66,1063588.78,143897
6fa1a884-3868-d539-8e23-0eea744dad44,1932-03-13,,999-67-2855,S99924652,X06065537X,Mr.,Morris740,Palmer257,Kub800,,,D,white,nonhispanic,M,Farmington  Connecticut  US,329 O'Hara Avenue,Stamford,Connecticut,Fairfield County,9001.0,6831,41.04150138709436,-73.52056240001825,384699.4,1193869.9,67368
d16b4a94-e9b9-8419-091a-6dd132776a98,1919-02-05,2003-11-25,999-63-8623,S99967340,X18230710X,Mr.,Brent147,,Windler79,,,D,white,nonhispanic,M,Avon  Connecticut  US,110 Nader Grove,Coventry,Connecticut,Tolland County,,0,41.802338961184184,-72.33994798070216,244329.45,1554385.85,165834
9cf740d0-bb21-5c28-c7e7-a4ea252b04b3,1969-06-08,,999-51-6541,S99976157,X12228718X,Mr.,Alfredo17,,Quintanilla544,,,S,black,hispanic,M,Havana  Havana  CU,771 Cronin Esplanade Unit 92,New Fairfield,Connecticut,Fairfield County,,0,41.44964843799343,-73.51614489086062,83098.32,844239.65,150929
a3adea05-9a75-504c-97e5-ed90ad2c9e81,1955-04-25,,999-76-3638,S99996470,X59774619X,Mrs.,Mitsuko474,Lashawnda573,Medhurst46,,Bayer639,M,white,nonhispanic,F,Bridgeport  Connecticut  US,456 Volkman Boulevard Apt 63,Bridgeport,Connecticut,Fairfield County,9001.0,6604,41.28881150079953,-73.205839689889,1214239.31,461108.42,65835
f4374f06-3d80-e763-b4be-04af7fb91d7a,1942-10-24,,999-67-4434,S99930179,X47953241X,Mrs.,Shyla233,Lang846,Prohaska837,,Kilback373,D,white,nonhispanic,F,Burlington  Connecticut  US,598 MacGyver Trailer,Vernon,Connecticut,Tolland County,,0,41.86763119255744,-72.45994887706036,304120.67,1674366.71,24530
822e5beb-69a7-1c07-f522-d70a0c6c5213,1937-03-25,2019-01-14,999-10-2234,S99949386,X21501119X,Mr.,Wiley422,Troy560,Schuppe920,,,D,white,nonhispanic,M,West Haven  Connecticut  US,550 Gerhold Extension Apt 26,West Haven,Connecticut,New Haven County,9009.0,6516,41.26863288293663,-72.9425538895121,204939.89,339169.99,92980
c3c5b4f3-23b9-fbd6-b2f8-a29a8ffe983d,1955-03-20,,999-76-7032,S99932892,X35824616X,Mr.,Hassan290,,O'Reilly797,,,D,white,nonhispanic,M,Fairfield  Connecticut  US,770 Beahan Gardens,Hartford,Connecticut,Hartford County,9003.0,6117,41.760678821601026,-72.6550260607462,15338.24,336338.67,6594
ddddc5b0-7e88-fe3a-09d9-40888e20ebda,1977-12-27,,999-90-4512,S99978968,X20533838X,Mr.,Gilberto712,Willis868,Reinger292,,,M,white,nonhispanic,M,Naugatuck  Connecticut  US,653 Heathcote Trail,Newington,Connecticut,Hartford County,9003.0,6111,41.690991073442646,-72.71482954339774,103199.51,50232.21,70092
2343f2d7-e1bc-f74a-7723-0cd3c286fead,1966-08-20,2023-02-07,999-21-4908,S99924678,X62589047X,Mr.,Eugene421,Jackson413,Hudson301,,,D,white,nonhispanic,M,Chaplin  Connecticut  US,640 Jacobs Pathway Unit 51,Mansfield,Connecticut,Tolland County,,0,41.79839366112989,-72.1850974067572,8737.34,152607.84,20848
79bf5551-7581-1cd6-4404-83ca9129768f,1919-02-05,1994-01-25,999-51-4320,S99961365,X22816499X,Mr.,Kelley882,Zackary401,Robel940,,,M,white,nonhispanic,M,Derby  Connecticut  US,299 Hintz Branch,Coventry,Connecticut,Tolland County,,0,41.74677286759533,-72.317908528849,126270.67,1451268.18,165834
55b54d83-d24f-c8b5-6a28-909aaf4e0a6e,1966-08-20,,999-34-1505,S99927275,X15769202X,Mr.,Henry768,Raleigh478,Dach178,,,M,white,nonhispanic,M,Willimantic  Connecticut  US,725 Cole Run Apt 2,Mansfield,Connecticut,Tolland County,,0,41.808112935663075,-72.22841185595095,11808.4,246972.1,20848
2502d85e-f756-bd8e-cecc-730c5e5bb2de,1926-12-20,,999-39-3047,S99943865,X27624923X,Mrs.,Phillis443,,Kozey370,,Hand679,M,asian,hispanic,F,Greenwich  Connecticut  US,742 Price Track Unit 70,Danbury,Connecticut,Fairfield County,9001.0,6810,41.345913861063615,-73.47113283074505,648293.87,1698406.1,78620
9104bce2-46d1-bba4-eaae-5f52aa4205cd,1939-07-19,,999-86-9931,S99960667,X63604790X,Mr.,Nathanael908,Arturo47,McDermott739,,,M,white,nonhispanic,M,Bridgeport  Connecticut  US,786 Connelly Annex,Pawcatuck,Connecticut,New London County,9011.0,6379,41.38017898077177,-71.84414665640622,355499.67,243510.29,57988
06303806-cd84-c03a-8011-a3b5f05a4b00,1919-02-05,2001-06-28,999-80-4671,S99925570,X26742283X,Mr.,Heath320,Mitch821,Reynolds644,,,M,white,nonhispanic,M,Stafford Springs  Connecticut  US,177 DuBuque Camp,Coventry,Connecticut,Tolland County,,0,41.81728039844826,-72.35944080844287,303612.93,2457933.05,165834
40bcc64e-0245-e193-17c8-85d0581f6c4b,1959-10-09,,999-61-1909,S99977744,X94248879X,Mrs.,Twana617,Tammy740,Cruickshank494,,Kemmer137,M,black,nonhispanic,F,Stamford  Connecticut  US,1096 Schaefer Row Suite 70,West Hartford,Connecticut,Hartford County,9003.0,6119,41.73089707031661,-72.7805842855261,1766858.37,539877.1,71489
956b583d-f33c-43ed-3715-9f3a60a2094a,1963-12-10,,999-73-7413,S99944537,X57601861X,Mrs.,Tammara379,Jenette717,Gerhold939,,Gleason633,M,white,nonhispanic,F,Wolcott  Connecticut  US,547 Bartoletti Rest Suite 51,New Milford,Connecticut,Litchfield County,9005.0,6776,41.642017565280334,-73.43590710173622,285052.17,658345.26,129153
38bbe721-9e66-3f90-cff2-607d906bbcec,1966-02-04,2025-10-28,999-18-2479,S99924025,X50846897X,Mrs.,Layne115,Zoe32,Schaden604,,Wiegand701,M,white,nonhispanic,F,Enfield  Connecticut  US,840 Wiegand Passage Apt 86,Portland,Connecticut,Middlesex County,9007.0,6480,41.63454822262733,-72.59478906447954,739014.86,2944592.68,86376
01897285-6b9d-606d-0e45-f1468103d17d,1954-06-07,,999-16-8182,S99979047,X55836415X,Mr.,Bernie827,,Hoeger474,,,M,white,nonhispanic,M,Woodbridge  Connecticut  US,202 Kessler Vista Suite 38,Hartford,Connecticut,Hartford County,9003.0,6114,41.77463946823915,-72.73563760517139,119108.66,182739.91,26675
116d0b6c-1b38-2e0c-a0ce-644b5b4857a3,1971-03-17,,999-48-3647,S99964323,X38245491X,Mr.,Stevie682,Steven797,Metz686,,,M,white,nonhispanic,M,Manchester  Connecticut  US,775 Buckridge Mill,Hamden,Connecticut,New Haven County,,0,41.418462933255576,-72.88348445915105,212383.08,681336.3,127438
2085b85f-767e-af40-0d64-e574a38e832f,1950-02-22,2008-05-18,999-47-8778,S99988505,X34454243X,Mrs.,Shaun461,Daniela614,Jerde200,,Johnston597,M,white,nonhispanic,F,Windsor Locks  Connecticut  US,486 Connelly Hollow,Stratford,Connecticut,Fairfield County,9001.0,6611,41.22733420856195,-73.25933292664483,17643.25,1203204.49,17055
71e41b7b-3d65-f8d6-f86c-02a5f2a42101,1931-11-15,,999-99-8093,S99992142,X87694572X,Mrs.,Margherita470,Maribel82,Cremin516,,Collins926,D,white,nonhispanic,F,Bristol  Connecticut  US,472 Vandervort Gardens,Waterbury,Connecticut,New Haven County,9009.0,6710,41.48021388876453,-73.02972231168229,1066213.99,893966.9,46151
0e904d74-1de3-0a0c-8b4f-16c5c15fbd35,1940-09-08,,999-86-1597,S99911997,X81248771X,Mr.,Ulysses632,Nathanael908,Mitchell808,,,M,white,nonhispanic,M,Avon  Connecticut  US,412 Gerhold Green,Coventry,Connecticut,Tolland County,,0,41.73576705322824,-72.32083934882014,215309.1,419052.63,165834
10a8164e-2164-38f3-4bd9-dd21c5e5ea85,1939-11-29,,999-58-5861,S99992307,X41955737X,Mr.,Omar359,Elbert916,Jenkins714,,,M,white,nonhispanic,M,Mystic  Connecticut  US,467 Mosciski Trafficway,Simsbury,Connecticut,Hartford County,,0,41.82794485470641,-72.8456460974208,293998.95,135184.97,75167
ea841b24-48ff-319d-6248-870b82011fa2,1936-09-20,2017-09-03,999-81-6914,S99992352,X42143093X,Mr.,Carter549,Gerry91,Schiller186,,,M,white,nonhispanic,M,Newington  Connecticut  US,391 McCullough Station Apt 69,Torrington,Connecticut,Litchfield County,9005.0,6759,41.78547234680763,-73.2536141856312,242521.74,1564823.2,49279
b1268b29-e333-bd25-0e04-74757740938d,1943-12-20,,999-27-8763,S99949032,X23804806X,Ms.,Adriana394,,Riojas420,,,S,white,hispanic,F,Carolina  Puerto Rico  PR,451 Price Throughway Apt 79,Waterbury,Connecticut,New Haven County,9009.0,6706,41.57932367872232,-72.98545189740028,1176137.25,560956.23,51968
bb0241de-447a-ccf8-23f3-1bd507680bd2,1952-10-31,2020-11-11,999-30-1784,S99931030,X51315353X,Mr.,Lincoln623,Hugo693,Beier427,,,M,white,nonhispanic,M,Meriden  Connecticut  US,468 Ledner Vista Unit 14,Stamford,Connecticut,Fairfield County,9001.0,6907,41.131382018649944,-73.50404630596975,171305.33,263023.99,57802
589ad1e6-a9c4-279b-795a-0e4e056ab417,1952-03-08,2025-06-13,999-94-8918,S99977466,X83941337X,Mr.,Nathaniel596,Joseph689,Kozey370,,,M,white,nonhispanic,M,South Windsor  Connecticut  US,274 Franecki Branch Apt 95,Fairfield,Connecticut,Fairfield County,,0,41.19667663836495,-73.30838784612332,205340.78,156450.51,589981
ea0097cd-21ce-7cdf-01f0-dd0539754423,1965-01-17,,999-93-4553,S99988083,X54791703X,Ms.,Agatha2,,Hammes673,,,S,white,nonhispanic,F,Manchester  Connecticut  US,383 Bahringer Light,New Milford,Connecticut,Litchfield County,9005.0,6776,41.618684505836896,-73.4441796302949,329711.04,1283215.27,186342
815c21a4-df5f-3e9c-e379-a3aa88ab2a4b,1936-09-20,2020-08-18,999-40-2816,S99973593,X53903918X,Mr.,Arnoldo445,Gail741,Ryan260,,,W,white,nonhispanic,M,Hamden  Connecticut  US,943 White Heights Suite 33,Torrington,Connecticut,Litchfield County,9005.0,6790,41.76124923531486,-73.24111945507836,327668.4,973772.79,49279
3ed63de4-7d3e-1ab1-73b2-6bb191a2c2d7,1947-12-15,,999-22-5839,S99946923,X42296936X,Ms.,Velvet616,,Wehner319,MD,,S,white,nonhispanic,F,Stamford  Connecticut  US,476 Hickle Branch Suite 98,New Preston,Connecticut,Litchfield County,9005.0,6777,41.64302463928792,-73.31121655866305,352500.6,1436571.54,319872
4f290616-52f3-19d4-bc2b-97536d13c441,1942-10-31,,999-57-2884,S99924206,X31423078X,Mr.,Jacinto644,Winford225,Schroeder447,,,S,white,nonhispanic,M,Westport  Connecticut  US,873 Reichel Mall,Stafford Springs,Connecticut,Tolland County,9013.0,6076,41.96830111651087,-72.30033329851399,752094.42,811168.64,49699
147383ac-ec03-9a86-73b2-8efc1b7f9aa0,1948-05-23,,999-65-2947,S99956029,X80772732X,Mrs.,Randi364,,Beier427,,Johnston597,D,white,nonhispanic,F,Wethersfield  Connecticut  US,452 Collins Loaf,Redding,Connecticut,Fairfield County,,0,41.348748226942455,-73.39848953445173,454939.65,1722804.63,164808
d7e7ce3a-d6b5-bf9a-3ddf-00b9d666721d,1936-09-20,,999-60-8353,S99953597,X07742397X,Mr.,Major265,Roger751,Abernathy524,,,M,white,nonhispanic,M,Hamden  Connecticut  US,655 O'Connell Path Suite 80,Torrington,Connecticut,Litchfield County,9005.0,6759,41.77209827402914,-73.2181027574308,282876.2,2223299.5,49279
6e792d2b-189d-57ac-bf8e-51e4ee5d004a,1972-08-11,,999-34-4485,S99916757,X50737002X,Mr.,David908,,Ayala238,,,M,black,hispanic,M,Bayamon  Puerto Rico  PR,505 Pfannerstill Trace Apt 11,Brookfield,Connecticut,Fairfield County,,0,41.481929750103816,-73.4039366965293,87977.33,137573.68,360664
072c5879-e6cb-42b3-dfa9-b52ecc3b1ffd,1966-03-20,,999-79-4038,S99965685,X87158128X,Mr.,Edgar153,Roman389,Haag279,,,M,black,nonhispanic,M,Windham  Connecticut  US,635 Labadie Walk Apt 3,West Haven,Connecticut,New Haven County,9009.0,6516,41.243636022588994,-72.97041290687302,123868.21,160963.11,25024
552fde75-bcb0-6b0e-26e3-c72f4ebe2622,1941-03-26,,999-69-9932,S99988304,X09411762X,Mrs.,Toshia520,Ronnie7,Gleichner915,,Waters156,W,white,nonhispanic,F,Norwalk  Connecticut  US,512 Oberbrunner Viaduct Suite 3,North Stonington,Connecticut,New London County,,0,41.49575112684208,-71.88784696082362,1134380.89,1147624.51,60498
5980640c-6cd8-9a35-3d4b-1fcaafc3be36,1935-06-27,2022-06-14,999-29-3796,S99944025,X52763053X,Mr.,Antone63,Arnulfo253,Gislason620,,,S,white,hispanic,M,New Britain  Connecticut  US,884 Kunde Estate,Newington,Connecticut,Hartford County,9003.0,6111,41.727554480333986,-72.7045200577203,281145.98,356840.57,95557
e477484b-6aa1-3245-b508-39a0462e71e8,1916-10-21,,999-72-7986,S99937266,X10518340X,Mr.,Pat3,Garrett899,Daniel959,,,S,white,nonhispanic,M,Manchester  Connecticut  US,560 Miller Dam,Berlin,Connecticut,Hartford County,,0,41.58379530411691,-72.76060476012383,335096.53,2103053.45,91930
104f339c-9ebf-be55-46f6-5718c1101dc4,1959-11-18,,999-80-3322,S99959356,X91470866X,Mr.,Brooks264,Robin66,Kutch271,,,W,white,nonhispanic,M,Prospect  Connecticut  US,666 Crona Key Apt 71,New Haven,Connecticut,New Haven County,9009.0,6513,41.35116971558329,-72.89592613856459,244409.4,12857.44,71500
2ab1fd69-a2f7-9697-44f6-cd1fe478fd9e,1955-02-14,2026-03-03,999-97-8409,S99963734,X59750691X,Mr.,Walker122,,Walker122,,,D,white,nonhispanic,M,Chester  Connecticut  US,980 Sipes Estate,Manchester,Connecticut,Hartford County,9003.0,6042,41.76199876990064,-72.53905734552218,599459.56,429439.16,74274
4a154238-4781-3a87-61f6-6d78a036ae98,1976-07-01,,999-12-1177,S99990385,X78292642X,Ms.,Rowena386,Vivienne78,O'Kon634,,,S,white,nonhispanic,F,Newington  Connecticut  US,490 Collins Promenade Suite 68,Enfield,Connecticut,Hartford County,,0,41.95398981319151,-72.53844554915877,258510.09,613220.05,147048
4a90f872-8411-f661-77e0-e20093c3b3fc,1955-02-14,2023-08-25,999-62-4973,S99940973,X07518571X,Mr.,Mauricio81,Ian270,Grant908,,,S,white,nonhispanic,M,Cromwell  Connecticut  US,560 Simonis Stravenue,Manchester,Connecticut,Hartford County,9003.0,6042,41.810716614553805,-72.53552255885337,536804.61,547390.5,74274
ba3ab90a-b284-35db-99b3-0c4f36fe95c7,1955-02-14,,999-12-8330,S99975736,X20823589X,Mr.,Bill567,Antoine384,Schneider199,,,D,white,nonhispanic,M,Saybrook Manor  Connecticut  US,105 Kertzmann Grove Suite 97,Manchester,Connecticut,Hartford County,9003.0,6042,41.72441398646766,-72.5187681129472,160125.93,209245.76,74274
f3cb6a2d-3f36-99ce-2cdf-635e442fe011,1948-02-13,,999-21-8340,S99984089,X32056518X,Ms.,Lynelle567,Ha329,Pfannerstill264,,,S,white,nonhispanic,F,Vernon  Connecticut  US,488 Goodwin Crossroad,Old Lyme,Connecticut,New London County,,0,41.30625849202767,-72.33519152720916,799998.22,312821.75,74814
54341685-0929-268e-223f-a4f1fd915d1d,1967-01-15,,999-23-7750,S99941052,X85108296X,Mrs.,Celsa248,Denny560,Effertz744,,Ritchie586,M,white,nonhispanic,F,Manchester  Connecticut  US,272 Kautzer Boulevard,Waterford,Connecticut,New London County,9011.0,6385,41.36248317628724,-72.16210519154832,565950.05,265663.14,85601
50cdbeb9-db63-9fb3-eb8b-4f66a6a465ed,1959-06-16,,999-38-9134,S99963938,X67176108X,Ms.,Shavonne800,Sharyl439,Bergnaum523,,,S,white,nonhispanic,F,Willimantic  Connecticut  US,622 Johns Loaf Apt 2,Preston,Connecticut,New London County,,0,41.47672994694226,-72.00870070148319,845814.37,226214.01,58657
524360c7-c9cb-e249-0942-e7f9b0267397,1959-12-25,,999-38-4805,S99925213,X56021964X,Mr.,Louie190,Bret7,Schuppe920,,,D,white,nonhispanic,M,Farmington  Connecticut  US,911 Wunsch Annex Suite 50,Waterbury,Connecticut,New Haven County,9009.0,6706,41.51864972801081,-72.96200971408099,242567.38,51381.76,61685
e13e464a-2184-395f-c74b-0954fde0653e,1961-10-23,,999-12-7209,S99919763,X36952723X,Mr.,Andrew29,,O'Conner199,,,W,white,nonhispanic,M,Middlefield  Connecticut  US,931 Wunsch Grove Suite 34,Southington,Connecticut,Hartford County,,0,41.62036966256435,-72.9156518981604,15648.96,477888.56,8377
099d32df-a8ce-c2af-b1c6-b025b8565eb9,1951-10-28,,999-15-2651,S99937753,X68578800X,Mr.,Millard193,Virgil85,Grimes165,,,S,white,nonhispanic,M,Fairfield  Connecticut  US,548 Hudson Burg,Ridgefield,Connecticut,Fairfield County,9001.0,6877,41.35299768519339,-73.477902182745,157513.75,1275390.75,185103
45915652-b763-bbbb-0a3c-0feee99a9161,1943-06-18,,999-35-6423,S99967427,X82874141X,Mrs.,Tiffani287,Belle514,Gulgowski816,,Funk324,M,white,nonhispanic,F,Danbury  Connecticut  US,333 Larson Mill,New Haven,Connecticut,New Haven County,9009.0,6512,41.30308255783165,-72.9548949942733,17245.7,805146.13,17732
adf4241e-a2f7-1c99-558d-f9b5189d4c84,1947-07-07,2019-02-24,999-20-1828,S99947366,X98878378X,Mr.,Kelvin159,,Hyatt152,,,M,white,nonhispanic,M,Wallingford  Connecticut  US,928 Jakubowski Branch Unit 9,West Haven,Connecticut,New Haven County,9009.0,6516,41.228245868567285,-72.92302721695606,243870.43,812017.61,181203
c2c38e5e-5b1b-394d-79b1-05d20fb5629e,1964-07-16,,999-97-2727,S99969727,X28272237X,Mr.,Bradly656,Clifton91,Jaskolski867,,,D,asian,nonhispanic,M,Middletown  Connecticut  US,252 Abernathy Path Apt 80,Manchester,Connecticut,Hartford County,9003.0,6040,41.80604741751767,-72.53074615634331,246009.62,0.0,65460
f6c90886-f539-70ae-afe8-a6a043101aeb,1948-03-06,,999-78-9084,S99990086,X31345298X,Mr.,Jamie386,Mario764,Christiansen251,,,S,white,nonhispanic,M,Willimantic  Connecticut  US,1098 McGlynn Alley,Danielson,Connecticut,Windham County,9015.0,6239,41.86867629321461,-71.88499215887956,85121.25,483220.81,57635
41c45729-8bf3-3927-60fc-c26a6c5ec298,1947-07-07,2024-06-27,999-47-6017,S99933992,X07057240X,Mr.,Tim88,,Dare640,,,M,white,nonhispanic,M,Stratford  Connecticut  US,940 Little View,West Haven,Connecticut,New Haven County,9009.0,6516,41.31533327506685,-72.97191312262325,211522.94,512741.76,181203
2785c2dd-af62-338d-878a-9bca47091cff,1947-10-08,,999-74-9630,S99929032,X07915337X,Ms.,Candance389,Curtis94,Cormier289,,,S,black,nonhispanic,F,Wolcott  Connecticut  US,388 O'Reilly Wall,Redding,Connecticut,Fairfield County,,0,41.33797296818074,-73.42091128330652,26871.5,2389396.71,21207
895d1ba5-7974-d570-6578-d9da95e0cde4,1941-12-08,2026-02-01,999-18-7327,S99944949,X11057504X,Mrs.,Reyna401,Oliva247,Kassulke119,,Cole117,M,black,nonhispanic,F,Windham  Connecticut  US,1018 Koelpin Forge,Ansonia,Connecticut,New Haven County,9009.0,6401,41.3020797206884,-73.09656652779022,646768.15,798709.17,44313
a30da6d1-bec8-11ef-41f2-4c16f5068e7f,1959-02-04,,999-66-6302,S99953065,X48402645X,Mr.,Dillon740,Clement78,Smitham825,,,W,white,hispanic,M,Wallingford  Connecticut  US,1037 Kiehn Dam Suite 21,Darien,Connecticut,Fairfield County,9001.0,6820,41.07410359920672,-73.48114415805777,83588.07,758467.97,821469
60479237-d685-854e-c3b7-b8c5304a1e43,1965-02-24,2025-03-13,999-94-3937,S99975911,X46144391X,Mr.,Maxwell782,Isaac321,Hamill307,,,M,white,nonhispanic,M,Stamford  Connecticut  US,971 Little Gateway Suite 73,Plainville,Connecticut,Hartford County,,0,41.65156594181735,-72.8310019108105,274909.13,823157.41,121927
f899a07c-28ce-a5f4-eb8a-73931ca7bed6,1953-03-09,,999-71-7125,S99944878,X90420397X,Mr.,Boyd728,Jean712,Heathcote539,,,M,white,nonhispanic,M,Bridgeport  Connecticut  US,168 Gottlieb Track Suite 2,Waterbury,Connecticut,New Haven County,9009.0,6708,41.56101582028504,-73.06772396611822,202814.2,73858.39,65553
2b138ad5-bfaa-e3cc-ecc2-5c4475638014,1961-06-18,2025-04-26,999-15-6232,S99982557,X26868992X,Mr.,Dino214,Reuben327,Macejkovic424,,,S,black,nonhispanic,M,Cheshire  Connecticut  US,105 Schoen Junction Unit 84,Norwalk,Connecticut,Fairfield County,9001.0,6855,41.102317969427574,-73.4554090395861,152752.68,2623990.83,100329
4db40b8e-858f-a96f-d0c9-537752f67086,1958-11-06,,999-87-4562,S99963243,X63091206X,Mrs.,Mistie167,Rhona164,Ryan260,,Kirlin939,M,white,nonhispanic,F,Danielson  Connecticut  US,592 Huel Camp Suite 60,Cheshire,Connecticut,New Haven County,9009.0,6410,41.55492497194805,-72.91757267652305,369859.17,915058.67,149905
10626a60-f1c0-9ea0-084a-727c1694f864,1963-02-15,,999-57-5785,S99996447,X13189917X,Mr.,Philip822,,Effertz744,,,W,black,nonhispanic,M,Danbury  Connecticut  US,1039 Runte Throughway Unit 43,Stratford,Connecticut,Fairfield County,9001.0,6611,41.1972563807771,-73.17906605432749,235515.83,135444.58,993186
93d65651-fbee-7cac-2681-44378a04cf57,1962-11-08,,999-98-5605,S99925205,X26142909X,Mr.,Allan198,Jessie665,Huels583,,,D,white,hispanic,M,Norwalk  Connecticut  US,853 Grant Landing Suite 83,Putnam,Connecticut,Windham County,9015.0,6277,41.91258912274469,-71.80065082736009,148467.65,208577.69,28266
c4a6b77b-3886-14c6-1375-860d6eff06ee,1951-11-20,,999-68-1880,S99916822,X40615620X,Mr.,Alonzo487,Rico947,Deckow585,,,S,white,nonhispanic,M,Riverside  Connecticut  US,1064 West Park Suite 81,Bethlehem,Connecticut,Litchfield County,9005.0,6751,41.63283231332963,-73.22270400206833,15058.09,333504.87,22248
025251e0-84d4-a4c9-89a1-ef0a85d5f8ac,1969-10-08,,999-92-4062,S99998342,X39626594X,Mr.,Alphonse92,Raymon366,Schaefer657,,,S,asian,nonhispanic,M,Norwalk  Connecticut  US,176 Skiles Burg,Plymouth,Connecticut,Litchfield County,,0,41.69900989371165,-72.98455088753768,8629.34,252740.08,16051
d16b6f27-4932-1ce9-04e5-a29cc1d773fc,1925-03-18,,999-18-9025,S99983168,X18733931X,Mr.,Bernard308,Garret233,Pfeffer420,,,M,white,nonhispanic,M,West Hartford  Connecticut  US,110 Batz Port,Manchester,Connecticut,Hartford County,9003.0,6042,41.77329637860652,-72.48893282632092,125746.08,351410.6,24742
202c9914-ecfa-8c4e-dfba-6aa20e3f3611,1929-07-21,2007-02-05,999-45-3895,S99957724,X79523266X,Mr.,Blair400,Lewis216,Conn188,,,M,white,nonhispanic,M,Hamden  Connecticut  US,1090 Hane Grove,East Haddam,Connecticut,Middlesex County,,0,41.49833356887954,-72.35014892359628,204953.78,308458.41,136584
89ab279f-78d2-6927-2739-edbaa89bb878,1944-08-23,2010-12-05,999-87-4383,S99931441,X74674566X,Ms.,Sina65,Yajaira121,Deckow585,,,S,white,nonhispanic,F,Torrington  Connecticut  US,442 Schumm Parade,Old Lyme,Connecticut,New London County,,0,41.3561001287225,-72.30401165180231,916255.5,459904.32,81599
d5c9c4f6-6d6d-486e-e9e0-42be8090fbbf,1938-05-21,2006-06-23,999-28-2297,S99940352,X97623106X,Mr.,Taylor21,Harry448,Jenkins714,,,M,white,nonhispanic,M,Danbury  Connecticut  US,954 Rau Mall,Waterbury,Connecticut,New Haven County,9009.0,6704,41.58731744449897,-73.04464903827476,281599.99,44459.46,62468
83bb295f-02b4-cf05-4a63-88fe71f32727,1944-08-23,,999-16-4216,S99939253,X65446655X,Mrs.,Talisha682,Amelia635,Swift555,,Rolfson709,D,white,nonhispanic,F,West Haven  Connecticut  US,510 Effertz Well,Old Lyme,Connecticut,New London County,,0,41.26308398412805,-72.33581003294509,1506052.09,487940.59,81599
73cde08a-7c42-fdf3-6d4c-adad72e3be36,1968-04-09,,999-76-5407,S99932085,X75225646X,Mr.,Aldo414,Marcus77,Kris249,,,M,black,nonhispanic,M,Deep River  Connecticut  US,548 Gaylord Rapid,Portland,Connecticut,Middlesex County,9007.0,6480,41.64777067819157,-72.62271285700389,208661.39,142530.11,64321
37f17f71-00e2-f57a-b879-abe9b6deaf1f,1938-05-21,,999-53-1440,S99950253,X85174561X,Mr.,Chet188,Ozzie259,Auer97,,,D,white,nonhispanic,M,Windsor  Connecticut  US,243 Christiansen Light Apt 24,Waterbury,Connecticut,New Haven County,9009.0,6702,41.62088871594096,-72.94814713894996,329656.1,272130.78,62468
3e5e90d9-b9e0-940d-373a-4189f8f76532,1962-01-23,,999-27-5729,S99986683,X64006658X,Mrs.,Indira327,Kym935,Kshlerin58,,Haley279,M,black,nonhispanic,F,Hartford  Connecticut  US,189 Labadie Arcade Suite 27,Fairfield,Connecticut,Fairfield County,,0,41.20513837071976,-73.22577927304022,803499.6,282783.2,50104
7315d64b-64d0-f8ed-489b-567ecb04b42c,1951-08-05,,999-34-1927,S99996898,X99805300X,Mr.,Lupe126,,Herzog843,,,S,white,nonhispanic,M,Ledyard  Connecticut  US,478 Roob Union Suite 50,Windham,Connecticut,Windham County,,0,41.755027370157336,-72.18468002888457,235073.99,270048.14,156241
260f6955-ad40-6f6f-83fa-b6a3162045aa,1958-07-08,,999-92-5695,S99980997,X14287547X,Mr.,Vicente970,Alfredo17,Ávila241,,,D,other,hispanic,M,Tegucigalpa  Francisco Morazán  HN,863 Anderson Path Unit 24,Long Hill,Connecticut,New London County,,0,41.37569408631102,-72.07522912027575,100190.36,123204.94,32190
31d052da-5a1d-87bf-e9b6-37b04dc77181,1963-06-26,,999-54-5780,S99928805,X84203185X,Mrs.,Shella455,Tennie915,Cole117,,Shields502,W,white,nonhispanic,F,Hamden  Connecticut  US,527 Kessler Tunnel,Newington,Connecticut,Hartford County,9003.0,6111,41.715296898785745,-72.75390579633864,1196018.63,1298855.04,49783
d828defa-6e0c-354e-7035-890d3728e81f,1942-01-04,2010-06-25,999-85-6656,S99914676,X41124709X,Mrs.,Teressa589,Marilu588,Sporer811,,Daugherty69,M,white,nonhispanic,F,Willimantic  Connecticut  US,199 Botsford Esplanade,Norwalk,Connecticut,Fairfield County,9001.0,6856,41.11120739710858,-73.49015611154567,23132.35,1748955.24,22905
9f2d369a-398f-6677-a4f3-e6bf310d61b3,1953-09-25,2011-08-22,999-64-9316,S99935962,X55428806X,Mr.,Randal152,Erik495,Jerde200,,,M,white,nonhispanic,M,Plainville  Connecticut  US,453 Walsh Dale Apt 57,Morris,Connecticut,Litchfield County,,0,41.74065247886025,-73.17669443549002,100445.12,135662.17,31579
47591d58-70ad-c807-f425-dcab94543142,1967-06-19,,999-77-3113,S99919362,X74213143X,Mr.,Van763,Osvaldo336,Simonis280,,,M,white,nonhispanic,M,Woodbury Center  Connecticut  US,474 Berge Vista,Greenwich,Connecticut,Fairfield County,9001.0,6830,41.04971445487614,-73.65379985939931,144297.31,74625.79,763905
f1203c8d-1b24-f8c8-d9bc-f1b05fb6ca2e,1966-02-26,,999-29-5551,S99935765,X17662147X,Mr.,Refugio197,,Kirlin939,,,M,black,nonhispanic,M,Southington  Connecticut  US,709 Botsford Bypass,Kensington,Connecticut,Hartford County,9003.0,6037,41.561771696451125,-72.76471163102157,208252.02,90483.04,720273
aaea7873-45d9-f046-a4da-e89e8748a276,1959-01-18,,999-93-9618,S99997046,X69467571X,Mr.,Bill567,Nigel915,Turner526,,,M,white,nonhispanic,M,Hamden  Connecticut  US,842 Rohan Orchard Suite 2,Ridgefield,Connecticut,Fairfield County,9001.0,6877,41.31934498014295,-73.50115464001266,231431.85,127062.05,136067
6af735cc-b3fd-9ebd-3340-d4b065fb89e3,1961-09-21,2021-08-08,999-17-8406,S99958632,X54029741X,Mr.,Marcelo725,,Emmerich580,,,M,white,nonhispanic,M,Hartford  Connecticut  US,845 Bergnaum Estate,New Haven,Connecticut,New Haven County,9009.0,6513,41.335115444139106,-72.99244248886185,153511.68,641988.87,198557
fe23dcc0-074e-ee11-a0e4-276f2c5ed3eb,1973-08-03,,999-98-8070,S99937130,X41999523X,Ms.,Cindie288,Andra606,Lesch175,,,S,white,nonhispanic,F,Norwich  Connecticut  US,743 Huel Underpass Apt 66,Hazardville,Connecticut,Hartford County,,0,42.034991801491586,-72.5409816664751,303928.19,722569.33,42300
399b7b6e-5917-939e-6d31-44522ec3d601,1925-04-06,,999-19-3943,S99910306,X62284881X,Mrs.,Vashti163,Jessenia588,Konopelski743,,Schowalter414,W,black,nonhispanic,F,Greenwich  Connecticut  US,620 Wehner Port,Hartford,Connecticut,Hartford County,9003.0,6114,41.800873560966295,-72.64027274200865,26466.54,2356550.36,16580
7d82b559-de13-d59f-3707-ffcaa0e361e0,1958-07-17,,999-82-9913,S99952365,X66310188X,Mr.,Domingo513,,Heaney114,,,S,white,nonhispanic,M,Danbury  Connecticut  US,372 Oberbrunner Bridge Suite 2,Cheshire,Connecticut,New Haven County,9009.0,6410,41.55904739374883,-72.88297243532058,223258.5,103710.16,72438
66a7df64-33c7-c605-0a41-d2145f26d038,1954-08-02,,999-54-7131,S99993518,X78810588X,Mr.,Elden718,Ollie731,Dooley940,,,M,white,nonhispanic,M,Mansfield  Connecticut  US,798 Harris Common Apt 9,Stratford,Connecticut,Fairfield County,9001.0,6607,41.19800091014691,-73.19529549614315,115001.82,230815.46,905825
4c5c08b9-3fc8-73d9-5a1b-a74106547ae5,1935-01-02,2017-05-22,999-91-3988,S99956232,X09985090X,Mrs.,Mariam937,Deidra675,Keebler762,,Keebler762,M,white,nonhispanic,F,Hartford  Connecticut  US,752 Rau Ranch,Clinton,Connecticut,Middlesex County,9007.0,6413,41.26355213364284,-72.55977694442501,1120065.06,890290.19,81514
b4adc0fc-3271-75df-09ee-cb7072251afc,1974-10-19,,999-46-9425,S99964353,X41029348X,Mr.,Tomas436,Jae222,Crona259,,,M,white,nonhispanic,M,Stamford  Connecticut  US,721 Reilly Flat Suite 63,Watertown,Connecticut,Litchfield County,9005.0,6779,41.628710625060634,-73.07885945584756,141111.8,121988.12,127120
c645e852-16c6-efb5-5560-89c3b338692e,1958-11-25,,999-54-1629,S99954500,X70197839X,Mr.,Joaquin141,Alva958,Cormier289,,,M,white,nonhispanic,M,Watertown  Connecticut  US,692 Gusikowski Highlands Suite 68,Bridgeport,Connecticut,Fairfield County,9001.0,6605,41.141289293425594,-73.18311427599704,626420.7,535821.72,40655
c2ad8805-2615-7b98-c472-eb16e6be2799,1951-01-07,,999-82-4730,S99998222,X94968786X,Mr.,Roderick835,Doyle959,Ernser583,,,M,white,nonhispanic,M,Wilton  Connecticut  US,855 Trantow Avenue,Waterbury,Connecticut,New Haven County,9009.0,6702,41.54528275537669,-73.00274373690294,331879.62,1024253.51,84936
75954dbd-a8cd-1d07-4770-70de6a1ff1da,1929-02-19,,999-68-5231,S99958041,X15348122X,Mrs.,Mariela993,Caryn49,Ruecker817,,Shields502,M,white,nonhispanic,F,Somers  Connecticut  US,317 Mertz Trail,Granby,Connecticut,Hartford County,,0,41.95835782578348,-72.79605579612728,913522.4,331979.76,111206
c967d46a-4c8b-afb4-1434-f752f51a1b20,1927-06-17,,999-68-8362,S99963852,X90541385X,Mr.,Dean966,,Baumbach677,,,M,white,nonhispanic,M,Manchester  Connecticut  US,302 Tromp Orchard,Meriden,Connecticut,New Haven County,9009.0,6450,41.533151346713225,-72.73049597581651,16743.21,472114.34,5748
35872413-62ab-1718-4c5f-dcacb2fe716f,1927-09-13,2018-09-21,999-72-3834,S99976356,X42971232X,Mrs.,Nichol11,Kiesha539,Batz141,,Swaniawski813,W,white,nonhispanic,F,Porto  Douro Litoral  PT,929 Hahn Promenade,Hamden,Connecticut,New Haven County,,0,41.374417301336415,-72.95578671361865,427684.87,1370374.73,132996
c599427f-39f2-5e0c-0df2-2177854849ca,1969-07-18,,999-20-3177,S99990760,X93851962X,Mrs.,Mellisa81,Casimira119,Connelly992,,Graham902,M,white,nonhispanic,F,West Haven  Connecticut  US,962 Beer Club,Kent,Connecticut,Litchfield County,,0,41.6813474501804,-73.42826659558052,655983.62,271225.92,85531
2e24369a-36c8-a762-411c-ff150855f0f7,1963-02-01,,999-97-3312,S99989676,X74625134X,Mr.,Norman647,Burton124,Witting912,,,D,asian,nonhispanic,M,Ho Chi Minh City  Gia Định  VN,148 Bogan Village Apt 5,West Haven,Connecticut,New Haven County,9009.0,6516,41.274215702301746,-72.9311088569793,549341.64,575690.1,106147
f733c92d-8925-8cf2-ebba-9e90e02218d9,1942-02-17,,999-69-3812,S99945894,X83673156X,Mr.,Arturo47,,Reichel38,,,M,white,hispanic,M,East Lyme  Connecticut  US,1041 Strosin Highlands,Canton Valley,Connecticut,Hartford County,,0,41.8032853718885,-72.88315447623293,238165.52,1147403.3,58591
be940320-c385-ce95-8170-e8cc35e6d28d,1953-12-31,,999-97-6209,S99952744,X08085464X,Mr.,Enrique929,,Pfannerstill264,,,S,white,nonhispanic,M,Lebanon  Connecticut  US,1068 Abernathy Ranch,Danbury,Connecticut,Fairfield County,9001.0,6811,41.390364350398826,-73.43933257499312,180362.21,132267.65,168683
0d6e60bf-4c01-cb29-8f88-b3942f1f24ef,1949-08-29,,999-51-5873,S99969530,X90930904X,Mr.,Hung902,Elwood28,Nicolas769,,,D,black,nonhispanic,M,Weatogue  Connecticut  US,1028 Zemlak Common Suite 45,Stafford,Connecticut,Tolland County,,0,42.01774367907604,-72.33497262493893,332604.52,181937.21,55031
3dc7f0c6-3d4c-7a80-4ce1-07fcc622c6f9,1968-04-02,2023-07-13,999-56-2832,S99973739,X44073872X,Mr.,Valentine262,Nigel915,Upton904,,,M,white,nonhispanic,M,New Milford  Connecticut  US,788 Zulauf Street,Hamden,Connecticut,New Haven County,,0,41.394713372957064,-72.9692523131503,172957.21,74521.46,135375
29d72e08-3ff8-6f2a-6628-eef83d21dde2,1974-05-14,,999-39-3775,S99921869,X74629103X,Ms.,Rosana394,Shenika151,Swift555,,,S,white,nonhispanic,F,Palermo  Sicily  IT,1097 Mante Run Unit 95,Preston,Connecticut,New London County,,0,41.48846077898447,-72.02506250752892,1007557.84,649910.82,115793
5c306d51-4d45-01b6-ab25-48169e5079b2,1944-05-12,2013-05-14,999-17-9235,S99969361,X47023071X,Ms.,John539,,Sipes176,,,S,white,nonhispanic,F,Greenwich  Connecticut  US,711 Ledner Parade,Trumbull,Connecticut,Fairfield County,9001.0,6611,41.27799554834855,-73.18374282343827,265759.54,1445042.83,183449
b4f85ffd-0c3d-5be1-ebf7-5dcf8b6264a9,1944-05-12,,999-88-4993,S99945674,X62199308X,Mrs.,Shayla126,Rosana394,Murphy561,,Shanahan202,D,white,nonhispanic,F,Bloomfield  Connecticut  US,383 Kris Stravenue,Trumbull,Connecticut,Fairfield County,9001.0,6611,41.24144741872091,-73.16516378607469,338589.38,1005796.66,183449
6921a499-681c-264a-9549-d48840e8ba9f,1961-12-21,,999-29-9077,S99987562,X57038404X,Ms.,January966,Mireille557,Cronin387,MD,,S,white,nonhispanic,F,Hamden  Connecticut  US,664 Hamill Alley,Pawcatuck,Connecticut,New London County,9011.0,6379,41.40276586368503,-71.86873356627203,1507437.97,124509.67,112216
b2c87e2c-dc9e-49e1-64d9-996b91733718,1950-01-11,2026-05-31,999-44-1918,S99923515,X52511877X,Mr.,Denny560,Mickey576,Nolan344,,,M,white,nonhispanic,M,Manchester  Connecticut  US,762 Wisozk Landing,Hazardville,Connecticut,Hartford County,,0,41.96038509424229,-72.56076569194798,253547.95,182157.37,69721
faf4313b-60a3-ed5f-a75a-11c8dca7930c,1922-05-12,2016-03-13,999-58-6248,S99991136,X57457544X,Mr.,Ferdinand55,Jim478,Russel238,,,D,white,nonhispanic,M,Woodbridge  Connecticut  US,709 Yundt Vista,Norwich,Connecticut,New London County,9011.0,6360,41.568114708879634,-72.0632560202373,151556.02,2414445.82,13555
29be5747-6acc-5952-af88-0603fd523d52,1957-01-16,2026-06-15,999-88-7424,S99962641,X18510759X,Mr.,Justin359,Danilo179,Welch179,,,M,white,nonhispanic,M,Southwood Acres  Connecticut  US,279 Orn Neck Apt 0,Willimantic,Connecticut,Windham County,9015.0,6226,41.68240784814499,-72.18228366103963,179199.39,178113.46,39492
c433395d-d13e-480a-559c-13d13d866d71,1932-11-28,2021-10-27,999-15-8366,S99971229,X93585231X,Mrs.,Lauretta754,Iona921,Waters156,,Torp761,D,white,hispanic,F,Waterford  Connecticut  US,250 Reichert Hollow,North Branford,Connecticut,New Haven County,,0,41.32499818469403,-72.80899601743836,754225.5,318971.32,113972
5dc9f339-39a0-bcc0-ec8e-b6c6525b8704,1932-11-28,,999-78-5065,S99927841,X46267775X,Mrs.,Suzanna632,Annmarie79,Wyman904,,Ullrich385,W,white,hispanic,F,Bristol  Connecticut  US,959 Hahn Frontage road Suite 15,North Branford,Connecticut,New Haven County,,0,41.37690341900073,-72.78888913116373,906870.94,814517.43,113972
13b06a0f-e837-9fb1-a1c8-a6312e112507,1963-02-15,,999-37-6841,S99934666,X38683972X,Mr.,Garry927,,Nolan344,,,S,white,nonhispanic,M,New London  Connecticut  US,377 DuBuque Rapid,Middletown,Connecticut,Middlesex County,9007.0,6457,41.528448433427734,-72.66567911792501,168562.01,1095253.91,760436
57864a76-6e0d-2ca6-0d44-e1aa91209e47,1921-02-20,,999-81-7387,S99954145,X48362598X,Mrs.,Dianna917,,Beahan375,,Littel644,M,white,nonhispanic,F,Vernon  Connecticut  US,887 Farrell Parade,Vernon,Connecticut,Tolland County,,0,41.84164976008809,-72.4529550695778,570937.16,914750.8,36467
86b5dcf0-f123-e2f2-57cf-5d896cc5af0b,1956-02-17,,999-39-9532,S99929350,X27001147X,Mrs.,Monica757,Asuncion264,Von197,,Robel940,M,white,nonhispanic,F,New London  Connecticut  US,1006 Stracke Throughway,Norwalk,Connecticut,Fairfield County,9001.0,6856,41.17482402585131,-73.40880112419416,93978.11,2444362.18,20441
a52dde83-e10d-4dfe-28a6-4c3abfe2cfa4,1945-06-10,,999-24-3506,S99962651,X71786208X,Mrs.,Marylee823,Linda558,Pouros728,,Grady603,D,white,nonhispanic,F,Suffield  Connecticut  US,520 Pollich Underpass,Enfield,Connecticut,Hartford County,,0,42.0037552253381,-72.58526498890647,42150.58,1123351.14,20719
fe787a0b-bae7-f924-79ae-c24e659c8967,1948-08-08,2021-01-22,999-99-4168,S99951215,X36486511X,Mr.,Gregorio366,Antione404,Gutmann970,,,S,white,nonhispanic,M,Willimantic  Connecticut  US,988 Kunze Bridge,North Haven,Connecticut,New Haven County,9009.0,6473,41.41165082083588,-72.89744862698991,308376.94,479954.96,94087
1ac17b79-18ec-abd8-1385-bc3e40ee46ac,1950-09-30,,999-22-8789,S99985140,X75115151X,Mr.,Felipe97,,Arenas932,,,D,black,hispanic,M,Havana  Havana  CU,1090 Kunde Trafficway Unit 99,Bridgeport,Connecticut,Fairfield County,9001.0,6608,41.143281104952166,-73.16922964925145,14894.8,524257.47,7461
c4021910-f8df-e886-97ff-87586188012f,1919-08-01,,999-92-3663,S99935426,X46870283X,Mr.,Kendrick479,Daryl568,Lemke654,,,M,white,nonhispanic,M,Naugatuck  Connecticut  US,922 Gleichner Rapid,East Haven,Connecticut,New Haven County,9009.0,6473,41.40836122100569,-72.81524866019227,402632.43,1741806.13,108674
9d343952-070a-568b-7abc-0aab92fcb115,1952-08-29,2026-05-04,999-94-6376,S99984310,X41777782X,Ms.,Kitty323,Violeta106,Fahey393,,,S,white,nonhispanic,F,Waterbury  Connecticut  US,230 Kirlin Pathway,Cos Cob,Connecticut,Fairfield County,9001.0,6807,41.097726671732936,-73.63553123449105,719138.73,356910.58,44106
81f0eae9-8b81-e1c5-e5e2-5ed16d5ae6b9,1943-06-09,,999-31-5601,S99923830,X64942360X,Mr.,Edwardo860,Emerson869,Hills818,,,M,white,hispanic,M,Wilton  Connecticut  US,707 Cummings Mill Apt 81,Guilford,Connecticut,New Haven County,,0,41.34923916321451,-72.73729062139287,93069.15,333012.75,274131
53cfc914-5450-7aa9-24c8-0fb0d8e1823c,1956-11-15,2011-02-09,999-45-2150,S99957146,X89460544X,Mrs.,Cathern761,Anitra287,Crist667,,Weimann465,M,white,nonhispanic,F,East Hartford  Connecticut  US,814 Schowalter Glen Suite 90,Stamford,Connecticut,Fairfield County,9001.0,6903,41.07092805342778,-73.57557778835425,685850.13,242643.51,119861
dc4530fa-682a-83e1-a301-07fbe92f8efd,1950-02-25,,999-12-7330,S99925255,X34778716X,Mrs.,Dale454,Dannie881,Effertz744,,Torp761,M,white,hispanic,F,Stamford  Connecticut  US,156 McKenzie Station,Haddam,Connecticut,Middlesex County,,0,41.44049444350993,-72.51786840819338,1379744.63,755546.45,105720
45bd8511-b620-f61c-6003-fda280f5b705,1961-12-05,,999-17-4829,S99928425,X30258862X,Mrs.,Elfreda431,Stefania815,Schultz619,,Schumm995,M,black,nonhispanic,F,Hartford  Connecticut  US,779 Luettgen Lock Unit 56,Stamford,Connecticut,Fairfield County,9001.0,6831,41.08261140083265,-73.49781382666038,833823.95,797475.27,67867
f97f6634-862b-58dd-7aa0-6b3ffd0c098d,1940-04-12,,999-81-2027,S99965757,X51893180X,Mr.,Louis204,Mitch821,Mayer370,,,M,asian,nonhispanic,M,Enfield  Connecticut  US,879 Ortiz Mall,Stratford,Connecticut,Fairfield County,9001.0,6615,41.21242309212579,-73.14644424996659,264348.98,926478.99,36753
6d1a4762-4933-3d64-fdb4-b32636675fab,1957-06-05,,999-50-3170,S99976221,X39130749X,Mr.,Julio255,Pablo44,Flores439,,,M,white,hispanic,M,Buenos Aires  Ciudad de Buenos Aires  AR,104 Schultz Underpass Suite 98,Hartford,Connecticut,Hartford County,9003.0,6106,41.77639436222194,-72.70056217459653,64604.45,923087.16,11734
90632b56-3430-7587-dc0f-a0c5ebe64179,1964-03-11,,999-35-1585,S99982300,X50634991X,Mrs.,Zita788,Delena885,Hayes766,,Kunde533,M,white,nonhispanic,F,Bridgeport  Connecticut  US,737 Wunsch Stravenue Unit 0,Trumbull,Connecticut,Fairfield County,9001.0,6611,41.30823058696508,-73.17698513253796,443486.62,295648.98,118524
7ff893c0-65fe-1054-19b3-c4a67366150a,1932-08-13,2018-06-19,999-23-9766,S99976300,X52363941X,Mr.,Jewel43,Jefferson174,Jones311,MD,,S,white,nonhispanic,M,Ansonia  Connecticut  US,307 Marks Neck Suite 94,Norwalk,Connecticut,Fairfield County,9001.0,6855,41.10831464291163,-73.38032613953293,191787.48,1319708.53,194869
8096143b-d664-6f7e-17aa-aef43a0c3f8c,1937-07-24,,999-82-4168,S99949496,X04041544X,Mr.,Royce974,Michal596,Bins636,,,M,white,nonhispanic,M,Brookfield  Connecticut  US,502 Kshlerin Walk,Wilton,Connecticut,Fairfield County,,0,41.16707841979165,-73.45367670109172,108430.56,364482.28,596813
f55f706a-5f20-72a5-cf47-50b24ac9e6ad,1933-07-01,,999-28-8995,S99916604,X47198326X,Mr.,Dane516,Arthur650,Parker433,,,M,asian,nonhispanic,M,Naugatuck  Connecticut  US,348 Wolf Divide,Coventry Lake,Connecticut,Tolland County,,0,41.75361141938733,-72.32535853590947,17395.15,456552.37,12175
85114656-fbe4-ad25-9eb5-5eabaaf89563,1951-11-30,,999-54-8945,S99966404,X86843932X,Mr.,Jerald662,,Will178,,,S,white,nonhispanic,M,Woodstock  Connecticut  US,938 Champlin Harbor,Westport,Connecticut,Fairfield County,9001.0,6880,41.13104073614249,-73.3517234108707,128864.45,4759460.72,992014
e89dcea7-bf0d-a5c1-8399-26b40a4fba9c,1969-10-23,2026-04-12,999-44-3040,S99979172,X19402073X,Ms.,Roxie199,Lolita963,Orn563,,,S,white,nonhispanic,F,New Haven  Connecticut  US,171 Conn Burg,New Britain,Connecticut,Hartford County,9003.0,6052,41.66398488030633,-72.79556512623381,629872.84,318989.59,45832
824d4f6a-2368-ebfd-3edb-93c7b2d4d2ae,1961-12-08,,999-87-6965,S99931617,X59969664X,Mr.,Willian804,Luther918,VonRueden376,,,M,white,nonhispanic,M,Redding  Connecticut  US,585 Kulas Road,North Stonington,Connecticut,New London County,,0,41.48182899288631,-71.83156195217849,769639.03,157309.1,89054
ae9a0462-2ec1-a391-a9b8-093ad29fba89,1958-07-24,,999-96-7234,S99910164,X29948709X,Mr.,Giovanni385,Marc757,Lynch190,,,M,white,nonhispanic,M,Willimantic  Connecticut  US,873 Torphy Drive Suite 49,Wilton,Connecticut,Fairfield County,,0,41.25028350690252,-73.48187804271407,164992.51,81403.45,391543
ceea9ce3-9cdf-4291-7767-7ad1df9f62f2,1972-03-05,,999-65-8941,S99995104,X64995416X,Mr.,Fletcher87,,Hand679,,,M,black,nonhispanic,M,Avon  Connecticut  US,557 O'Kon Orchard,New Haven,Connecticut,New Haven County,9009.0,6517,41.310020470529,-72.83446994052181,136311.13,49574.19,120195
e6d1f487-ae13-1f1a-48e0-c369f7abbf9a,1967-04-20,,999-76-8719,S99992782,X85295164X,Mr.,Jerrod232,Daron260,Grant908,,,D,black,nonhispanic,M,Greenwich  Connecticut  US,589 Moore Drive,Bethel,Connecticut,Fairfield County,9001.0,6810,41.4035807073729,-73.42026593335218,328174.39,645829.33,91253
f2bf0a26-5692-4ca2-093f-6ce482ba3a31,1969-10-23,,999-87-5144,S99917247,X60826953X,Mrs.,Zana914,,Boyle917,,Deckow585,M,white,nonhispanic,F,Essex  Connecticut  US,560 Nader Light Suite 2,New Britain,Connecticut,Hartford County,9003.0,6051,41.64082536597768,-72.73707738355195,947284.92,247634.13,45832
c59d6d30-3662-d004-a9e1-a4b6ed137848,1955-03-09,,999-69-4581,S99962517,X49972235X,Mr.,Emilio417,Miguel Ángel46,Luna60,,,M,black,hispanic,M,Ponce  Puerto Rico  PR,546 Mosciski Common Unit 54,Hamden,Connecticut,New Haven County,,0,41.44168750464713,-72.96459792479764,86179.92,556085.67,56811
397d6bd2-3e1c-d50c-9b96-812867c936d3,1967-08-16,,999-27-3820,S99952270,X51857499X,Mr.,Alfonzo975,Vincent299,Koch169,,,W,white,nonhispanic,M,New Britain  Connecticut  US,744 Runolfsson Bay,Norwich,Connecticut,New London County,9011.0,6389,41.51637989770882,-72.05480063752724,147466.75,128293.1,97431
30babe05-52ae-3696-b248-862acd294b60,1960-08-01,2022-04-19,999-83-7098,S99973008,X49813686X,Mr.,Demarcus108,Byron202,Green467,,,S,white,nonhispanic,M,Monroe  Connecticut  US,968 Gulgowski Lock,Brookfield,Connecticut,Fairfield County,,0,41.45754590526381,-73.42084638121702,100591.33,232168.84,49304
1b2a3563-58ac-49d9-83cb-e5b084c99a66,1955-07-26,,999-13-4132,S99960269,X95571492X,Mr.,Valentine262,Willian804,Champlin946,,,D,white,nonhispanic,M,Cos Cob  Connecticut  US,761 Wiza Vale Suite 75,Oakville,Connecticut,Litchfield County,9005.0,6779,41.59800453674076,-73.10802498523121,15367.77,390259.81,12568
ed2d4552-828f-d9b8-b883-195cb4116b57,1954-04-22,2026-07-02,999-20-8322,S99977802,X72144047X,Mr.,Jacinto644,Hiram237,Schulist381,,,M,white,nonhispanic,M,Shelton  Connecticut  US,1072 Bruen Union Suite 80,Newington,Connecticut,Hartford County,9003.0,6111,41.67790057328902,-72.7463167293437,307041.64,2811041.15,51167
f2b5af46-c1f7-6fa8-97d1-fe3cef241930,1949-09-05,2020-08-19,999-93-3716,S99988682,X85767959X,Mr.,Wally311,Russel238,Champlin946,,,M,white,nonhispanic,M,New Britain  Connecticut  US,207 Kunze Highlands,Winchester,Connecticut,Litchfield County,,0,41.87911399449021,-73.14535639969793,138457.03,406743.32,55384
f5714855-2cad-ffb4-0d69-c1849e43ecd1,1959-11-28,,999-73-3598,S99943876,X63846548X,Mr.,Isaiah615,,Durgan499,,,W,white,nonhispanic,M,Windsor  Connecticut  US,339 Roob Light,Norwalk,Connecticut,Fairfield County,9001.0,6855,41.1392742578704,-73.42769042467948,24202.15,381770.42,28725
e5ee940d-9f7d-30e5-226d-100b215f42db,1947-01-09,,999-84-4609,S99995037,X57682795X,Mr.,Frankie174,Oren284,Ferry570,,,M,white,nonhispanic,M,Norwich  Connecticut  US,167 Schneider Pathway,Hamden,Connecticut,New Haven County,,0,41.413957165448565,-72.88470211487078,15389.05,406495.31,23341
12f5676d-318d-2d7e-522a-ce233ec964c2,1961-07-08,,999-98-7166,S99976542,X19734287X,Mr.,Shirley182,,Reichert620,,,D,white,nonhispanic,M,Funchal  Madeira  PT,921 Hyatt Quay Suite 66,West Hartford,Connecticut,Hartford County,9003.0,6105,41.80228515304418,-72.74959845862234,214313.72,69222.84,170862
0eca0eb3-ad9b-df93-bf22-02f25f18c263,1927-09-02,2016-03-17,999-35-2306,S99949425,X18309975X,Mr.,Jackson413,Lamont867,Wolf938,,,D,white,nonhispanic,M,Norwalk  Connecticut  US,1029 Daniel Quay,Farmington,Connecticut,Hartford County,,0,41.74335252449993,-72.82694502818269,447213.52,519663.03,82789
81cf1717-9d4a-3f86-6d38-c5cc20a52149,1930-10-14,2014-07-13,999-75-4101,S99928188,X99919288X,Mr.,Armando772,,O'Conner199,,,D,white,nonhispanic,M,Waterbury  Connecticut  US,363 Ratke Forge Apt 70,Norwich,Connecticut,New London County,9011.0,6334,41.54164362274984,-72.10276393012172,229495.08,286833.09,45546
c4a446f7-2818-0d27-fe0f-e56f061b761f,1930-10-14,2017-01-28,999-88-3941,S99953525,X92630953X,Mr.,Garland107,Rogelio17,Lemke654,,,D,white,nonhispanic,M,East Haven  Connecticut  US,871 O'Reilly Trail,Norwich,Connecticut,New London County,9011.0,6360,41.53519285051319,-72.06924792921201,342377.35,319915.43,45546
c6b2b670-1530-970b-b627-5028582dc987,1930-06-14,2015-09-20,999-52-9149,S99959045,X39099294X,Mrs.,Roseann182,Lisbeth69,Thompson596,,Goodwin327,D,white,nonhispanic,F,Somers  Connecticut  US,1032 O'Reilly Terrace Apt 25,Wilton,Connecticut,Fairfield County,,0,41.25776689666148,-73.46962751495138,424037.9,2206286.46,600387
a5841da9-776c-e045-7811-65f68a4e1924,1925-02-15,2018-10-22,999-95-7187,S99915753,X08267517X,Mr.,Earle679,Tony646,Gutkowski940,,,S,white,nonhispanic,M,Norwalk  Connecticut  US,407 Zulauf Alley Suite 73,Bridgeport,Connecticut,Fairfield County,9001.0,6610,41.225481044552154,-73.21015381342802,337520.46,1872248.51,86577
f9e33092-4720-45be-89d9-114126f83d51,1972-10-28,,999-35-5673,S99961073,X90788014X,Mr.,Brain142,Alfred550,Gaylord332,,,S,white,nonhispanic,M,Vernon  Connecticut  US,148 Bednar Lock Apt 13,Rocky Hill,Connecticut,Hartford County,,0,41.70175588062774,-72.7106557431785,144642.09,86943.18,65567
9dc88216-fd44-f63b-6251-c03232304d23,1923-01-27,2020-11-14,999-23-5249,S99934655,X06396397X,Mr.,Burl285,Samual455,Wisoky380,,,M,white,hispanic,M,Windham  Connecticut  US,219 Kozey Plaza Suite 85,Hamden,Connecticut,New Haven County,,0,41.39630880791819,-72.92844716134474,803819.56,1842478.8,38276
e28eb833-db64-9989-2adb-a60f406b5acc,1935-03-25,,999-28-1849,S99914914,X88982462X,Mrs.,Jenice416,Harriette8,Towne435,,Eichmann909,M,white,nonhispanic,F,Ansonia  Connecticut  US,198 Treutel Route,New Haven,Connecticut,New Haven County,9009.0,6513,41.32629448419606,-72.99218535551007,32071.73,2176147.05,13086
18acf30b-7bf9-19e7-2bfa-9a145f8d18e8,1953-08-08,,999-33-2679,S99984916,X36535447X,Mr.,Garland107,Richard937,Davis923,,,M,white,hispanic,M,Southbury  Connecticut  US,865 Heidenreich Esplanade Suite 94,Waterbury,Connecticut,New Haven County,9009.0,6710,41.56550528562707,-72.98787475232888,235509.57,161215.65,98056
82e72f78-1f3d-8348-cb4b-f94a8cd5fd3d,1951-06-15,,999-45-5828,S99971832,X41326046X,Mrs.,Marcie463,Shona685,Harris789,,Wolff180,M,white,nonhispanic,F,Brookfield  Connecticut  US,655 Swaniawski Mission,New Milford,Connecticut,Litchfield County,9005.0,6776,41.59942569501471,-73.41042369480517,1420562.4,757107.69,97982
86c2603d-f13c-e63f-8356-8e310ff3b2e5,1923-01-27,1972-09-07,999-42-9199,S99957552,X73752796X,Mr.,Ross213,Tad831,O'Kon634,,,M,white,hispanic,M,Trumbull  Connecticut  US,990 Rowe Terrace,Hamden,Connecticut,New Haven County,,0,41.354351987314104,-72.90129454163126,215869.69,11038.13,38276
69eaf6da-06b0-bac4-0676-f3bf75e83bd1,1930-10-19,2016-10-17,999-93-3796,S99912741,X20017948X,Mr.,Jorge Luis88,,Barreto785,,,M,white,hispanic,M,San Jose  San Jose  CR,185 Ankunding Heights,Wallingford,Connecticut,New Haven County,,0,41.4252715551898,-72.82240601837997,206508.13,620110.79,807018
54859449-9e0a-d5d3-6ae2-cff5cf97e18d,1949-09-16,,999-22-8036,S99997839,X11399373X,Ms.,Tanya49,Latasha666,Schamberger479,,,S,black,nonhispanic,F,New Haven  Connecticut  US,996 Durgan Viaduct,East Hartford,Connecticut,Hartford County,9003.0,6118,41.83181694108626,-72.56844136395554,22924.55,946107.46,9551
49871506-c77f-56de-0e8d-d34e6e393de1,1942-07-24,,999-53-5362,S99910893,X97824415X,Mrs.,Sherilyn598,Genny123,Wilderman619,MD,Kassulke119,D,white,nonhispanic,F,Killingworth  Connecticut  US,639 Muller Manor,Waterbury,Connecticut,New Haven County,9009.0,6716,41.55105821397439,-73.02086129269269,178585.09,1268276.96,28991
fafa6c88-c29c-75da-4023-6519fe61cb7b,1944-06-07,2026-09-06,999-48-9093,S99949472,X07556341X,Mr.,Stephan15,Marvin195,Mann644,,,D,white,nonhispanic,M,Stamford  Connecticut  US,410 Purdy Well Suite 61,Poquonock Bridge,Connecticut,New London County,,0,41.3207119130102,-72.02875717449321,639263.4,1286714.33,111320
6af91d41-48f5-f5fa-da26-25f429adf5a2,1941-12-19,2024-09-05,999-97-9881,S99992040,X70119739X,Mr.,Raleigh478,Barton704,Reichel38,,,M,white,nonhispanic,M,West Hartford  Connecticut  US,114 Stehr Annex,Montville,Connecticut,New London County,,0,41.440702239952955,-72.1473482953187,17810.77,601270.27,8603
5d25f51c-0436-ff5a-0f72-af6512512e26,1963-09-16,,999-43-9837,S99932617,X66311669X,Mrs.,Joselyn874,Yong583,Kuvalis369,,Torp761,M,white,nonhispanic,F,Bethany  Connecticut  US,323 Pollich Route Suite 59,Bridgeport,Connecticut,Fairfield County,9001.0,6606,41.286982465903954,-73.18963154531198,71914.91,958471.1,28672
1181d8e6-7ef8-4d91-0431-b9f43e26b8b4,1926-08-03,2001-12-19,999-48-7069,S99982091,X18798664X,Mrs.,Lacie818,Elnora999,Swaniawski813,,Quigley282,M,white,nonhispanic,F,Bridgeport  Connecticut  US,124 Kertzmann Track,Broad Brook,Connecticut,Hartford County,9003.0,6016,41.86363835733006,-72.51569121267848,25952.09,2248101.82,15653
e80e5855-a1c9-05bd-214f-88396065febc,1971-11-06,,999-57-6340,S99984578,X50303628X,Mr.,Rolf983,,Larson43,MD,,M,white,hispanic,M,Waterford  Connecticut  US,243 Cummerata Viaduct,Westport,Connecticut,Fairfield County,9001.0,6880,41.14578182207136,-73.31451724044346,231593.61,831039.85,549719
96c52dcd-fc41-a66b-71aa-864d49da4260,1927-12-05,2002-02-21,999-48-2633,S99997352,X38264625X,Mrs.,Lola232,,Gleichner915,,Kuhlman484,W,black,nonhispanic,F,Eastford  Connecticut  US,959 Kassulke Pathway,West Hartford,Connecticut,Hartford County,9003.0,6110,41.71680356926411,-72.80715758034738,133318.44,1572103.99,5844
55a78670-ab8c-29cc-1fa5-f1651a5e4d55,1931-12-17,1997-11-30,999-59-8453,S99954265,X64490028X,Ms.,Sara501,Graciela518,Espinal146,,,S,white,hispanic,F,Kingston  Kingston  JM,525 Padberg Lodge,Bridgeport,Connecticut,Fairfield County,9001.0,6604,41.16976651432117,-73.19861791859282,452688.68,1578550.96,28098
6b086a2d-3de1-d2e2-2ccf-fec2eba48166,1959-08-23,,999-93-2981,S99944951,X07567997X,Mr.,Alfred550,Hosea56,Schmitt836,,,M,white,nonhispanic,M,East Haven  Connecticut  US,262 Kuhn Spur Unit 84,Fairfield,Connecticut,Fairfield County,,0,41.166648533158245,-73.2698541404461,177937.22,202800.0,635166
d4b0fa04-d069-843f-a515-3a36d177233d,1967-03-24,,999-12-7376,S99992167,X04245719X,Mr.,Lawrence741,Tyson541,Kohler843,,,M,black,nonhispanic,M,New Britain  Connecticut  US,719 Cole Run,Guilford,Connecticut,New Haven County,,0,41.353322403072085,-72.65669361083908,587629.91,1040773.01,107754
cbcfbdf2-682c-cb20-e4d6-f02199946a52,1942-11-13,,999-96-8062,S99960862,X31666995X,Mrs.,Farrah946,Lyla842,Hickle134,,Schmidt332,M,white,nonhispanic,F,New Britain  Connecticut  US,1076 Abshire Ranch,Bridgeport,Connecticut,Fairfield County,9001.0,6608,41.18372432779889,-73.18681449916699,885442.13,653075.07,49153
cba29dd8-6c0f-5276-2eab-e840824117b6,1944-05-17,,999-85-6465,S99955591,X43002762X,Mrs.,Hong136,Trudi580,Kuhic920,,Brakus656,M,black,nonhispanic,F,Norwalk  Connecticut  US,878 Schmidt Way Suite 87,Bridgeport,Connecticut,Fairfield County,9001.0,6608,41.21995329691857,-73.17838566860087,995296.99,402353.18,81791
4a626df0-c31e-acc3-bc8e-9b37166d8800,1947-03-05,,999-45-6119,S99990353,X03890755X,Mr.,Giuseppe872,Norbert530,Beatty507,,,D,black,nonhispanic,M,West Hartford  Connecticut  US,804 Farrell Promenade,Cromwell,Connecticut,Middlesex County,,0,41.568296713730554,-72.685036087241,222686.65,322855.65,136540
5751e0a4-bd6d-31ac-57fc-45a672c27f41,1963-04-25,2023-09-12,999-43-1715,S99916964,X92505871X,Mr.,Manuel446,Emilio417,Kuvalis369,,,S,white,nonhispanic,M,Berlin  Berlin  DE,404 Deckow Haven Suite 27,Middlefield,Connecticut,Middlesex County,,0,41.46483419846967,-72.72637209810597,275577.54,793837.19,373149
783373bd-b7b1-c07c-8933-4f8918c76f5c,1942-05-19,2025-01-10,999-89-7114,S99930617,X57839009X,Mr.,Anthony633,Tom274,Jacobi462,,,M,white,nonhispanic,M,Stratford  Connecticut  US,918 Emmerich Alley,Canton,Connecticut,Hartford County,,0,41.81934011691234,-72.86833220852635,316183.48,267244.74,93288
7dcbb912-c71b-5acf-d0b0-9288ab817f01,1930-09-26,,999-85-1389,S99981180,X84844951X,Mr.,Eduardo902,Vernon254,O'Connell601,,,M,white,nonhispanic,M,Middletown  Connecticut  US,618 Weissnat Crossroad,Cromwell,Connecticut,Middlesex County,,0,41.61444447046394,-72.63054779589804,180981.91,298157.98,125424
f504cca7-f155-4b9a-4e47-f4adf6d19fcd,1942-05-19,,999-36-9152,S99999235,X57594389X,Mr.,Johnny786,Allan198,Ullrich385,,,M,white,nonhispanic,M,Vernon  Connecticut  US,728 Turner Spur Apt 48,Canton,Connecticut,Hartford County,,0,41.835241773163744,-72.88781492637685,106846.76,372896.84,93288
b1c395f0-b606-dc47-ed00-47e3a994d72a,1948-07-06,,999-17-4038,S99917651,X27881489X,Mr.,Everett935,Edgar153,Cremin516,,,S,white,nonhispanic,M,Sprague  Connecticut  US,873 Baumbach Vista,Waterford,Connecticut,New London County,9011.0,6385,41.39625344751518,-72.16648832438123,174132.93,265542.92,146514
f8673959-6b64-38c0-953b-def660200bd9,1957-08-29,,999-61-7732,S99940804,X58191546X,Mr.,Jude172,Dalton260,Koss676,,,W,white,nonhispanic,M,Hartford  Connecticut  US,724 Von Trail Unit 97,Winsted,Connecticut,Litchfield County,9005.0,6098,41.99600643153646,-73.04726942180888,345411.43,336763.53,63427
5f4ecaef-cf56-718c-3e84-fa16122afb38,1958-04-04,,999-95-3338,S99942588,X53190716X,Mr.,David908,Gail741,Spencer878,,,S,white,nonhispanic,M,Windham  Connecticut  US,438 Gaylord Branch Apt 45,Norwalk,Connecticut,Fairfield County,9001.0,6850,41.14059413401846,-73.40302676203238,257874.85,756259.66,133915
cd65cc19-ba29-dcf7-53ca-aa70e7ed94f0,1969-01-10,,999-58-3486,S99955264,X70079620X,Mr.,Rhett759,Kristofer887,Howe413,,,M,asian,nonhispanic,M,Middletown  Connecticut  US,532 Feest Manor,Newington,Connecticut,Hartford County,9003.0,6111,41.66891957546745,-72.77531263908108,150472.86,73897.55,51509
3c7365e6-35d1-eba0-1d31-cf3bc2dd08a1,1951-11-03,,999-57-4397,S99959284,X55795913X,Mrs.,Treva754,Devora529,Ankunding277,,Nitzsche158,M,white,nonhispanic,F,New Haven  Connecticut  US,817 Kutch Arcade Apt 33,East Haven,Connecticut,New Haven County,9009.0,6512,41.233605683176805,-72.83443542583674,382611.59,1068776.34,136731
5af447a7-2e9c-4fac-c1a5-b75d76be7398,1929-10-13,1992-02-02,999-18-2259,S99931977,X37488771X,Mr.,Seth414,,Hickle134,,,M,white,nonhispanic,M,Ledyard  Connecticut  US,1028 Hoeger Pathway Suite 5,Columbia,Connecticut,Tolland County,,0,41.671943687391654,-72.2799559657567,474172.72,23734.48,94129
98dbb5be-8835-c0ff-7f2a-d5d11723f8b9,1939-11-21,,999-18-5999,S99925065,X99242210X,Mr.,Eddy900,Virgilio529,Ullrich385,,,S,white,nonhispanic,M,Bloomfield  Connecticut  US,1077 Rogahn Divide,Vernon,Connecticut,Tolland County,,0,41.83337631863849,-72.46026079961409,321997.14,1328203.26,24916
1fdd784e-f305-fdb5-2476-0a2109361160,1971-10-05,2017-12-03,999-88-7671,S99922472,X17053819X,Mr.,Derek111,Logan497,Welch179,,,D,asian,nonhispanic,M,Chongqing  Chongqing Municipality  CN,754 Okuneva Byway Apt 64,New Britain,Connecticut,Hartford County,9003.0,6051,41.66522958266729,-72.81317866189242,216077.83,71258.81,51364
9632b962-e037-ddbb-f950-1fd446189947,1952-05-24,,999-18-7675,S99935809,X52077839X,Mrs.,Ignacia942,,Prohaska837,,Prohaska837,M,white,nonhispanic,F,Shelton  Connecticut  US,104 Boehm Lodge,Manchester,Connecticut,Hartford County,9003.0,6040,41.81331921589312,-72.56559870230501,983480.96,565430.83,93089
33cbfef3-60f4-1f0b-1e8c-4f7118ab159d,1929-10-13,,999-27-7132,S99936973,X87886240X,Mr.,Antoine384,Eugene421,Skiles927,,,M,white,nonhispanic,M,Stratford  Connecticut  US,437 Powlowski Spur,Columbia,Connecticut,Tolland County,,0,41.70503722139723,-72.34852773158974,620087.48,1694274.18,94129
d5c2d6a3-1b54-84bb-f2db-fb6c21bda14b,1957-07-23,2023-01-15,999-42-3656,S99996225,X91048602X,Mr.,Aron520,Zachariah133,Haley279,,,W,white,nonhispanic,M,Cheshire  Connecticut  US,634 Jaskolski Park Apt 6,Southbury,Connecticut,New Haven County,,0,41.431085050580045,-73.18586291101683,338080.35,43858.84,38126
104f008a-402e-e104-2c6c-6f9092572a03,1971-03-18,,999-70-8914,S99979296,X96288078X,Mr.,Norbert530,Rayford811,Welch179,,,M,white,nonhispanic,M,Suffield  Connecticut  US,963 Connelly Estate Apt 15,Woodbridge,Connecticut,New Haven County,,0,41.40035033306575,-72.9807358999098,89696.49,165053.8,134034
90f517a2-855d-0862-ace5-48ecd97c03a5,1928-11-01,,999-97-1495,S99958204,X31222389X,Mrs.,Dortha70,Gaynelle249,Bahringer146,,Lemke654,M,white,nonhispanic,F,New Britain  Connecticut  US,702 Dickens Vale,Stamford,Connecticut,Fairfield County,9001.0,6907,41.02960137919525,-73.57880022623647,1217857.6,1547710.26,49004
3a506193-ca2f-e148-dc60-d6d19f2da11d,1953-09-18,,999-31-1193,S99920946,X43419767X,Mr.,Luis923,Joaquin141,Harris789,,,D,white,nonhispanic,M,Storrs  Connecticut  US,573 Conroy Run Apt 64,Danbury,Connecticut,Fairfield County,9001.0,6810,41.34719787788032,-73.49968166539779,339128.32,258376.09,96704
fb70535e-47fb-2811-1d02-20acd7ab7a56,1957-07-23,,999-78-8594,S99990997,X50781730X,Mr.,Blaine377,Ashley34,Kihn564,,,M,white,nonhispanic,M,Stamford  Connecticut  US,468 Jenkins Trace Unit 84,Southbury,Connecticut,New Haven County,,0,41.442605947574215,-73.21489123899482,584578.59,443693.42,38126
c4109bac-694d-e1b2-8dad-fac87d5506e2,1923-09-09,2002-07-27,999-41-5854,S99987793,X38014503X,Mrs.,Consuela482,,Rohan584,,Trantow673,M,white,nonhispanic,F,Hartford  Connecticut  US,800 Hartmann Green,Waterbury,Connecticut,New Haven County,9009.0,6708,41.53564205463368,-73.00085971151663,29349.22,1816691.78,7405
0eba859f-1cc5-7df1-3e21-d73cc764ac68,1965-09-14,2026-08-27,999-82-5401,S99971641,X86740388X,Mr.,Reed154,Elroy493,Kuhic920,,,W,black,nonhispanic,M,Wallingford  Connecticut  US,996 Kreiger Parade Unit 39,Old Mystic,Connecticut,New London County,9011.0,6372,41.33894486698503,-71.96158883798373,184082.0,606197.41,33622
04c7acff-ee92-efd9-3dcd-8fabe37ab944,1952-04-20,2022-07-04,999-99-8586,S99967711,X91730009X,Mrs.,Marisa391,Susan422,Ankunding277,,Bailey598,D,white,nonhispanic,F,Long Hill  Connecticut  US,614 D'Amore Mews Apt 93,Stratford,Connecticut,Fairfield County,9001.0,6614,41.20288592897201,-73.10531966326452,18652.42,1086007.8,22695
cc1a0c81-4a25-19ff-2acf-a69eae23fc23,1959-01-02,,999-82-8918,S99965633,X63701105X,Mrs.,Willa615,,Huels583,,Klein929,D,hawaiian,hispanic,F,Sterling  Connecticut  US,783 Torphy Dam Apt 40,New Britain,Connecticut,Hartford County,9003.0,6052,41.66602669368042,-72.74451269094659,21128.97,1060675.51,5951
01cb8862-dfbb-8de1-689f-44c74193f9a0,1968-02-13,,999-34-5960,S99982103,X79433822X,Mr.,Otto672,,Mraz590,,,W,other,nonhispanic,M,Southington  Connecticut  US,1097 Goyette Plaza Unit 50,Farmington,Connecticut,Hartford County,,0,41.69383459860112,-72.83713985050234,146902.73,187949.05,74825
84c9769c-cc8f-46e1-6907-76d23946c006,1942-06-29,,999-29-9078,S99981919,X41576223X,Mr.,Shirley182,Damon455,McCullough561,,,D,white,nonhispanic,M,Oxford  Connecticut  US,889 Zboncak Key,Naugatuck,Connecticut,New Haven County,9009.0,6770,41.46340977347569,-73.04387349029012,217052.09,225303.07,106672
4d360db6-c413-c03e-fff7-53f627cd8e04,1922-01-31,2006-06-01,999-12-6909,S99921127,X26680175X,Mrs.,Jeanene972,Aleen595,Bernhard322,,Doyle959,D,white,hispanic,F,Rocky Hill  Connecticut  US,817 Predovic Branch,West Haven,Connecticut,New Haven County,9009.0,6516,41.31798934872838,-72.91550155776906,1104955.41,933263.89,63073
ab255e5b-6117-14ec-1848-e4e15cb4425d,1948-01-29,,999-83-4651,S99994193,X55653718X,Ms.,Sherise735,Kristin64,Stehr398,,,S,white,hispanic,F,Salem  Connecticut  US,253 Gulgowski Terrace,Glastonbury,Connecticut,Hartford County,,0,41.66800474302503,-72.5871674793422,394892.82,471971.12,37827
4457e732-a125-4b59-d063-683edff41f97,1970-10-05,,999-90-4093,S99997534,X68360031X,Mrs.,Griselda377,Deandrea896,Osinski784,,Marquardt819,M,black,nonhispanic,F,Windsor  Connecticut  US,955 Haag Rapid,Simsbury,Connecticut,Hartford County,,0,41.8891181827232,-72.86450855174256,322104.48,880937.21,660242
8df07378-646d-f303-c096-0170ed5dde11,1937-07-16,,999-66-7105,S99993883,X77379065X,Mrs.,Cora299,Jana258,Ledner144,,Weimann465,M,black,nonhispanic,F,West Haven  Connecticut  US,115 Mante Manor,Guilford,Connecticut,New Haven County,,0,41.31534251043462,-72.69096601592909,461255.08,1058636.74,816944
ed1c0a81-7946-c5f7-6eec-64a941475810,1959-06-13,,999-65-1343,S99975782,X52140085X,Mrs.,Pilar644,Isabel214,Loera89,,Bañuelos542,D,white,hispanic,F,Tegucigalpa  Francisco Morazán  HN,436 Funk Stravenue Apt 16,Fairfield,Connecticut,Fairfield County,,0,41.16768919880504,-73.30186322817954,374557.02,427466.52,673608
937130de-7f5a-0859-6a4d-e44b420d9ad0,1940-03-08,,999-80-2263,S99933158,X00688411X,Mr.,Hector463,,King743,,,S,white,nonhispanic,M,Bridgeport  Connecticut  US,379 Russel Rue,Hartford,Connecticut,Hartford County,9003.0,6112,41.73073723627777,-72.63465115396431,14792.28,454870.41,22813
9008cc2f-6174-4ff9-1181-b42abd57b843,1955-03-17,,999-67-4979,S99954952,X24869869X,Mrs.,Micki733,Julieann172,DuBuque211,,McKenzie376,M,white,nonhispanic,F,Bethel  Connecticut  US,411 Sanford Lane Unit 38,Meriden,Connecticut,New Haven County,9009.0,6451,41.54693579822078,-72.80074014808068,24745.55,1702222.99,23009
001a7bd1-8a46-3f02-4231-46a048d26788,1949-03-24,2019-08-14,999-24-2526,S99929297,X46347125X,Mrs.,Jung484,Yael855,Donnelly343,,Schowalter414,M,white,nonhispanic,F,East Hartford  Connecticut  US,117 Reichel Quay,New Haven,Connecticut,New Haven County,9009.0,6510,41.33429512711103,-72.95623109043329,244184.96,2284354.85,27171
0fb8f787-76fc-c433-89b3-6271c7b2e575,1956-02-15,,999-29-7620,S99922131,X14531098X,Mr.,Preston275,Chung121,Stiedemann542,,,M,white,nonhispanic,M,Vernon  Connecticut  US,655 Rau Lane Suite 60,Watertown,Connecticut,Litchfield County,9005.0,6795,41.62096965102126,-73.09622229375367,11455.94,294023.19,22295
beb6e33f-488f-b680-f8ea-59db0210907d,1960-08-13,,999-48-7334,S99915747,X80965583X,Mr.,Garrett899,Ray930,Zemlak964,,,M,white,nonhispanic,M,Old Greenwich  Connecticut  US,761 Koepp Annex Unit 80,Greenwich,Connecticut,Fairfield County,9001.0,6831,41.006300471224954,-73.67779342011166,172662.22,59419.18,116718
3ca44e6c-966c-c8af-b584-751ab85b3ad9,1952-01-13,,999-10-7410,S99919017,X98735354X,Mr.,Fletcher87,,Klein929,,,M,asian,hispanic,M,Norwalk  Connecticut  US,108 Jones Gardens,Hartford,Connecticut,Hartford County,9003.0,6114,41.77401823541121,-72.67232403631904,14924.67,398862.7,1813
6104917c-eb4a-4d13-0781-427c295b4db0,1950-01-04,2018-05-14,999-93-5657,S99947586,X34470320X,Mr.,Mary779,Joaquin141,Carter549,JD,,D,other,nonhispanic,M,Bristol  Connecticut  US,351 Moore Mill,East Windsor,Connecticut,Hartford County,,0,41.855819019365725,-72.53844220785857,90640.0,346717.09,27314
ecbee28d-5f2d-a67e-e20b-5452a93b9017,1950-01-04,,999-40-8418,S99959329,X22464497X,Mr.,Booker670,Graham902,Purdy2,PhD,,D,other,nonhispanic,M,Glastonbury  Connecticut  US,314 Prohaska Club Apt 7,East Windsor,Connecticut,Hartford County,,0,41.92663917743593,-72.53535215751424,126713.62,213008.4,27314
49e70aff-736a-e08f-bfa5-bc3526529791,1948-01-10,,999-30-2884,S99912165,X22180181X,Ms.,Madonna830,Anette189,Boyle917,,,S,white,nonhispanic,F,Bridgeport  Connecticut  US,900 Lemke Port,New Haven,Connecticut,New Haven County,9009.0,6519,41.33193863373629,-72.89454182994858,683822.86,558851.9,48860
bb84bc2b-bb3f-c3de-0916-50de76effd16,1931-08-03,2008-05-17,999-84-3266,S99960537,X78217742X,Mr.,Maynard46,Loyd638,Stark857,,,M,white,nonhispanic,M,Cromwell  Connecticut  US,636 Schuppe Brook,Torrington,Connecticut,Litchfield County,9005.0,6759,41.7930249943668,-73.1590414964924,477714.3,849871.84,87045
d00715d6-1523-7c8b-6f8b-b1fdf1666cca,1956-10-28,,999-38-2418,S99945770,X76360823X,Mrs.,Carlee848,Latrina689,Glover433,,Miller503,D,white,nonhispanic,F,Danbury  Connecticut  US,964 McGlynn Bridge,Pemberwick,Connecticut,Fairfield County,,0,41.03088339425967,-73.6486802571662,1071501.31,543173.39,74016
38bd704e-dc5b-33d9-aada-b0a4e2068c14,1922-01-18,,999-18-6288,S99998087,X85007838X,Mrs.,Katy259,Christa452,Bradtke547,,Bradtke547,D,white,nonhispanic,F,Norwich  Connecticut  US,501 Lesch Tunnel,Ansonia,Connecticut,New Haven County,9009.0,6418,41.29206645347792,-73.12980558815052,28137.31,2085708.29,16260
79dab5df-cb47-4da6-bf59-34b8a2ff27bb,1936-08-15,2006-10-05,999-60-2390,S99999688,X45310226X,Mr.,Erasmo545,,Rodriguez71,,,M,white,hispanic,M,Vernon  Connecticut  US,981 Reinger Viaduct,Watertown,Connecticut,Litchfield County,9005.0,6795,41.639392541076816,-73.13346909110118,242204.75,1811006.6,149077
157d8629-780d-273b-d677-293ee50802fe,1936-08-15,,999-99-1760,S99938556,X00761760X,Mr.,Ryan260,Daniel959,Schaden604,,,M,white,hispanic,M,New Haven  Connecticut  US,395 Kohler Trail,Watertown,Connecticut,Litchfield County,9005.0,6779,41.63930050095863,-73.15537663805806,220560.09,268406.93,149077
b09d25e2-cc00-e2b4-066c-b406bf567478,1946-10-12,,999-33-8357,S99984594,X40168751X,Mrs.,Coralie787,Marian936,King743,,Reichert620,M,white,nonhispanic,F,Middletown  Connecticut  US,1069 Littel Trace,New Haven,Connecticut,New Haven County,9009.0,6512,41.395565812266405,-72.94625616817348,246685.14,830618.69,128234
fb81917c-cd99-2f44-783a-b91aa88cefd7,1944-05-23,,999-79-6976,S99998538,X17950156X,Ms.,Chae49,Khalilah870,Mayert710,,,S,white,nonhispanic,F,Bristol  Connecticut  US,147 Cartwright Common,Greenwich,Connecticut,Fairfield County,9001.0,6831,41.02198330522002,-73.64779659721425,339119.37,973629.53,459337
59c9d622-48fa-9bbf-9cd6-bca9eabf005b,1916-07-17,2006-12-28,999-14-3139,S99984362,X87735431X,Mrs.,Elicia233,Tran115,Beatty507,,Nitzsche158,W,black,nonhispanic,F,Ridgefield  Connecticut  US,1057 Frami Approach,East Granby,Connecticut,Hartford County,,0,41.96268565472425,-72.77409066011046,437610.77,2175278.33,134172
34fc7fe7-22a1-6266-1424-23b76bcc1a6a,1959-07-11,,999-30-5887,S99973272,X11763965X,Mr.,Lowell343,Oscar384,Hartmann983,,,M,black,nonhispanic,M,Greenwich  Connecticut  US,777 Haley Drive Unit 67,New Britain,Connecticut,Hartford County,9003.0,6053,41.66681532538767,-72.81303273960918,12843.98,953526.55,15767
8e104057-5c83-0da2-6f36-ba451bca4e2f,1949-01-12,,999-23-3667,S99941444,X15881285X,Mr.,Darrin898,Felix524,VonRueden376,,,S,asian,nonhispanic,M,Roxbury  Connecticut  US,882 Goyette Terrace,New Haven,Connecticut,New Haven County,9009.0,6511,41.357385236094466,-72.98795342715937,109266.86,479706.64,126690
9a4dd0e5-e434-ad58-e4e7-4a06309a95fc,1955-03-31,,999-82-6554,S99984071,X32761113X,Mrs.,Trinity427,Lanora971,Fahey393,,Ernser583,M,white,hispanic,F,Simsbury  Connecticut  US,392 Stokes Vista,Hazardville,Connecticut,Hartford County,,0,41.95863525439484,-72.47938474901513,431054.08,1791222.78,174367
a6075d44-ca67-80e3-7035-109ce86b3af4,1968-11-21,,999-28-4581,S99958134,X29106030X,Mr.,Brad867,Ivan258,Hackett68,,,M,other,nonhispanic,M,Norwalk  Connecticut  US,502 Altenwerth Hollow,Quinebaug,Connecticut,Windham County,9015.0,6262,42.02444942699484,-71.9782660031793,18279.98,312508.44,21385
403cfae5-7eab-448c-abf0-4d6d51714527,1943-02-03,,999-58-9837,S99982593,X45556276X,Mr.,Marquis364,Faustino767,Hyatt152,,,D,black,nonhispanic,M,Meriden  Connecticut  US,342 Zieme Heights,Fairfield,Connecticut,Fairfield County,,0,41.22086458287434,-73.25217296824687,664449.94,1852004.87,77947
147f4cee-afcf-332a-2bb8-38d5568f7e90,1965-07-03,,999-50-9708,S99951883,X20475265X,Mr.,Gilbert263,Darryl392,Kutch271,,,M,hawaiian,hispanic,M,Ridgefield  Connecticut  US,741 Hamill Estate Apt 48,Norwalk,Connecticut,Fairfield County,9001.0,6850,41.07751822594842,-73.4548266239609,187836.83,73575.34,84097
ba2e20b6-63f0-95c5-1bd3-19979ac3e70d,1947-01-20,2010-08-05,999-35-8990,S99965828,X70817661X,Mr.,Domenic627,Joel444,Cronin387,,,M,white,nonhispanic,M,New Haven  Connecticut  US,795 DuBuque Ville,Branford,Connecticut,New Haven County,,0,41.29040718817167,-72.76791237277476,356350.17,217035.25,73842
73f11179-ec46-59ef-601e-6b31eb364c9b,1965-11-20,,999-81-7131,S99985454,X29095692X,Mr.,Dee580,Thanh759,Satterfield305,,,M,black,nonhispanic,M,Shelton  Connecticut  US,810 Schultz Frontage road Unit 96,Shelton,Connecticut,Fairfield County,9001.0,6484,41.35213798025295,-73.10572774972577,76486.57,251192.88,25797
9fc381c1-be49-dc71-8366-7edfa7d71ed9,1946-01-08,,999-77-7814,S99997069,X34623539X,Mrs.,Rebekah348,Cherlyn665,Fisher429,,Steuber698,M,white,nonhispanic,F,North Haven  Connecticut  US,310 Goldner Overpass,Sherwood Manor,Connecticut,Hartford County,,0,42.03311567053567,-72.5176204732519,390192.11,249221.62,65337
adb91a8c-57bb-4996-dfbb-fa92a25b798f,1947-01-20,2020-10-05,999-57-1023,S99935682,X88283544X,Mr.,Gregg522,Garth972,Mills423,,,W,white,nonhispanic,M,New Milford  Connecticut  US,894 Gottlieb Parade Suite 44,Branford,Connecticut,New Haven County,,0,41.31627001387193,-72.74481823532847,257638.34,787707.05,73842
0fe742fb-6230-e06e-2b1d-7dce074a6d8a,1957-10-27,,999-12-3725,S99984731,X23773628X,Mr.,Miguel815,Grant908,Hackett68,,,M,white,nonhispanic,M,Berlin  Connecticut  US,768 Jacobi Port,Stamford,Connecticut,Fairfield County,9001.0,6905,41.09035827075826,-73.56741854387552,292118.58,375140.56,58447
af2a86d1-d4f6-8dda-897c-eb8f6b76887e,1948-07-27,,999-86-3881,S99960441,X79316144X,Mr.,Chong355,Irving123,Robel940,,,M,white,nonhispanic,M,Avon  Connecticut  US,1018 Schowalter Bypass,Suffield,Connecticut,Hartford County,9003.0,6078,42.046546423977475,-72.69089691572532,309169.48,546031.4,45888
10ba91ed-4a36-8820-9f1e-b51fcf1a7a28,1960-06-08,2015-05-22,999-84-7639,S99928317,X54117616X,Mrs.,Gretta175,Afton574,Rohan584,,Mueller846,M,white,nonhispanic,F,Hartford  Connecticut  US,956 Batz Lodge Apt 49,Hartford,Connecticut,Hartford County,9003.0,6114,41.78274375796406,-72.63181335155055,901611.92,413742.11,47465
6b22743c-e45a-a0f6-dda7-aa7b743d3a0c,1948-11-09,,999-74-7473,S99951700,X51538261X,Mr.,Jonathon205,Royce974,Hoeger474,,,D,white,nonhispanic,M,Danbury  Connecticut  US,462 Nikolaus Port,Vernon,Connecticut,Tolland County,,0,41.822847862458794,-72.47776437538013,199028.99,134312.1,121840
6b7bb728-72ea-c953-6583-6218d3ca6304,1949-03-02,,999-78-1070,S99950161,X79571199X,Ms.,Alethea978,Tayna279,Swift555,,,S,white,nonhispanic,F,Watertown  Connecticut  US,734 Leannon Parade,Norwich,Connecticut,New London County,9011.0,6360,41.59279865390733,-72.17168831216618,15796.04,573613.19,10807
00d5ad79-228b-4d93-20a7-62f417e54509,1979-07-28,2024-02-02,999-78-6874,S99994997,X60462652X,Mr.,Weston546,,Hauck852,,,S,white,nonhispanic,M,Berlin  Connecticut  US,671 Abernathy Overpass Suite 23,Rockville,Connecticut,Tolland County,,0,41.90476483777223,-72.40642871371064,8798.54,161774.49,1467
f8eeb666-45ef-e904-5ddf-3d58e4d908f6,1945-06-13,,999-82-4122,S99978705,X36960210X,Mr.,Carter549,,Kshlerin58,,,M,white,nonhispanic,M,Plainfield  Connecticut  US,224 Collins Tunnel Unit 83,South Woodstock,Connecticut,Windham County,9015.0,6267,41.936091926826585,-71.9535249947432,119459.18,483490.88,196589
6dd9ab44-ec2a-9a83-07c9-82897b52eb72,1961-01-17,,999-45-2546,S99987480,X96787716X,Mrs.,Juana825,Berta524,Ruiz676,,Ceballos171,M,black,hispanic,F,Caracas  Capital District  VE,615 Swift Path Apt 72,Hartford,Connecticut,Hartford County,9003.0,6117,41.71688270827283,-72.6827300709346,397820.57,883794.11,44332
fdaa4385-1d0f-6661-3dd3-712530b48318,1946-10-17,,999-16-1462,S99945340,X23474707X,Mrs.,Yung349,Anna632,Ondricka197,,Hessel84,M,black,nonhispanic,F,Canterbury  Connecticut  US,704 Schuster Lane,Danbury,Connecticut,Fairfield County,9001.0,6810,41.40028074989048,-73.46202614159795,1031911.62,680082.16,52917
1d32c528-33e6-6650-0656-9f7623b7d66e,1925-09-02,,999-56-4124,S99997309,X74433847X,Ms.,Devorah937,Heike726,Donnelly343,,,S,white,nonhispanic,F,Groton  Connecticut  US,265 Monahan Harbor,New Milford,Connecticut,Litchfield County,9005.0,6776,41.60016466107763,-73.45665697402883,261748.29,2489529.73,184013
de325a65-3a7b-3473-826a-ff6e0a8b2c3a,1920-04-21,,999-79-1063,S99965089,X25693007X,Mrs.,Miranda712,Virgina372,Kunze215,,Padberg411,M,white,nonhispanic,F,North Haven  Connecticut  US,679 Rath Corner Suite 96,Torrington,Connecticut,Litchfield County,9005.0,6759,41.83915192317741,-73.11565823783229,317894.41,2062510.65,33559
bad30905-0842-5457-7ffe-6a7baef23ed2,1922-03-12,,999-17-7579,S99971396,X05859298X,Mr.,Miquel905,,Skiles927,,,M,white,nonhispanic,M,New Haven  Connecticut  US,469 Stroman Center Suite 17,Vernon,Connecticut,Tolland County,,0,41.81632603354975,-72.49865220831593,579657.26,1463531.83,36682
183411fe-98ac-ecce-7cca-2a9735a60071,1955-01-06,,999-49-7541,S99948406,X91865611X,Mr.,Elliott563,Domenic627,Pollich983,,,M,white,nonhispanic,M,Norwalk  Connecticut  US,546 Prohaska Street Suite 84,Stamford,Connecticut,Fairfield County,9001.0,6905,41.10700401922366,-73.70536016605976,342867.47,43099.54,57138
fc1045f5-098c-a509-4ead-37e7e7a397f0,1949-05-13,,999-73-6904,S99960293,X64952015X,Mr.,Derek111,Freddy176,Flatley871,,,S,white,nonhispanic,M,Bridgeport  Connecticut  US,605 Smitham Skyway Unit 0,Glastonbury Center,Connecticut,Hartford County,,0,41.70340114406744,-72.58766242074158,277932.58,854997.2,219580
56adf5cf-b4b4-ace4-a87a-5f5fb70fe750,1935-12-15,,999-22-8675,S99961483,X75601931X,Mr.,Marion502,Evan94,Lebsack687,,,W,black,nonhispanic,M,East Haven  Connecticut  US,315 Torp Course,Southington,Connecticut,Hartford County,,0,41.60880240752487,-72.89436339384055,304082.88,179239.87,75408
767d7de1-df58-9269-ef0a-b6771e20bc90,1970-01-18,,999-70-6334,S99984704,X21231287X,Mr.,Neil122,Haywood675,Swaniawski813,,,W,white,nonhispanic,M,New Britain  Connecticut  US,156 McLaughlin Union,New Britain,Connecticut,Hartford County,9003.0,6053,41.71020678269949,-72.74332782541606,191872.58,40997.42,52525
2a95f4bf-aa7f-9c23-ac68-a49213c37e8c,1955-01-15,,999-38-9195,S99964091,X34458665X,Mr.,Chuck784,Ernie189,Emmerich580,,,M,white,nonhispanic,M,Watertown  Connecticut  US,626 Bernhard Light Suite 51,East Haven,Connecticut,New Haven County,9009.0,6473,41.335147415098305,-72.89961979811495,282062.76,165515.99,54855
3211276c-c59a-a786-a8e3-9818c4bbb47c,1956-10-26,2023-01-01,999-28-6296,S99993239,X12030298X,Mr.,Saul605,Murray856,Bauch723,,,M,white,nonhispanic,M,Lebanon  Connecticut  US,809 Gibson Tunnel Apt 71,Watertown,Connecticut,Litchfield County,9005.0,6779,41.63285648804503,-73.16565972161634,313358.71,374414.9,53264
893994bf-9ea1-1dea-bd6c-d969360dc2b5,1936-03-13,,999-64-8721,S99950385,X87902923X,Ms.,Kelli207,Jacquelin132,Tillman293,,,S,white,nonhispanic,F,Wolcott  Connecticut  US,753 Turner Trailer,Windsor,Connecticut,Hartford County,,0,41.86660966468181,-72.71951379865399,1436414.04,1278024.94,64066
d0662119-c22a-8a00-a9c8-e4086d1dd3ce,1965-04-17,2025-05-21,999-48-5785,S99951521,X41518748X,Mr.,Winston220,,Skiles927,,,S,white,nonhispanic,M,New London  Connecticut  US,658 Ryan Gardens,Stafford Springs,Connecticut,Tolland County,9013.0,6076,41.94032323105635,-72.31057195359641,106455.13,244127.12,436583
c8d937f4-a905-a0c0-3e19-b967f45e54cd,1956-10-26,,999-24-5836,S99924822,X24760830X,Mr.,Stanley702,Daren950,Dickens475,,,M,white,nonhispanic,M,Hartford  Connecticut  US,663 Murphy View Apt 37,Watertown,Connecticut,Litchfield County,9005.0,6779,41.62088987960972,-73.15481815106962,202966.13,335285.44,53264
20b609a3-cb51-3669-dab8-babb0cba4d1a,1934-08-06,,999-65-7420,S99964830,X80196829X,Mr.,Stephan15,Rhett759,Kshlerin58,,,M,white,nonhispanic,M,Middletown  Connecticut  US,175 Ebert Underpass,Oxoboxo River,Connecticut,New London County,,0,41.43881636270498,-72.11176876154646,319721.43,298614.17,103756
bc53d3e1-a0a0-3656-73ad-d4e91f7894ae,1953-02-08,,999-72-6643,S99995743,X66077271X,Mr.,Blake449,Zachery872,Nolan344,,,S,black,nonhispanic,M,Ridgefield  Connecticut  US,211 Zboncak Drive,New Haven,Connecticut,New Haven County,9009.0,6517,41.28158742164067,-72.96199451895282,173993.47,140084.66,137315
884a0491-bbe8-449c-1d71-49ba37cf00e1,1976-07-16,,999-83-3557,S99995080,X01110325X,Mrs.,Elly836,Billy698,Hodkiewicz467,,Schinner682,M,white,nonhispanic,F,Bridgeport  Connecticut  US,565 Roberts Neck Suite 91,Middletown,Connecticut,Middlesex County,9007.0,6457,41.55822843782102,-72.64214941179048,272175.95,175945.81,89358
c5dfd438-bf55-a6fe-a907-5e0def300af7,1969-11-13,,999-44-8604,S99935254,X96364034X,Mr.,Isaias604,Adrian111,Zieme486,,,S,white,nonhispanic,M,Bridgeport  Connecticut  US,516 Dickens Hollow,Glastonbury,Connecticut,Hartford County,,0,41.66693925992345,-72.60138597124424,157468.12,43091.83,600013
2ae44e8c-9389-d385-43e7-a5fdff4820ce,1972-10-18,,999-75-1414,S99974295,X08905332X,Mr.,Allan198,Isreal8,Vandervort697,,,M,white,nonhispanic,M,Marseille  Provence-Alpes-Cote d'Azur  FR,168 Breitenberg Walk Apt 68,Bridgeport,Connecticut,Fairfield County,9001.0,6606,41.16563227551064,-73.13632824533974,200250.02,60716.14,86617
6a931668-e38b-46f7-aef3-8340e3414ee5,1963-11-06,,999-21-4437,S99971498,X68862962X,Mr.,Johnson679,Michal596,Homenick806,,,D,white,nonhispanic,M,Danbury  Connecticut  US,112 Muller Rue Unit 17,Ansonia,Connecticut,New Haven County,9009.0,6401,41.38455000943505,-73.02048202880391,127238.89,207419.89,64325
ce1c279d-aa39-60c6-483e-9de84f4a4194,1965-06-18,,999-41-4462,S99918475,X29322658X,Mr.,Ted955,,Turcotte120,,,M,white,nonhispanic,M,Shelton  Connecticut  US,457 Conn Viaduct Suite 15,Monroe,Connecticut,Fairfield County,,0,41.32155537029058,-73.26896742789712,339551.62,795934.44,186609
14360728-2b86-f96e-0f3a-2451a2d52d0d,1951-10-15,,999-82-1982,S99996973,X21306382X,Mrs.,Catalina187,Elvira561,Cano735,,Pacheco179,M,white,hispanic,F,Santiago  Santiago Province  CL,846 Rath Common Apt 81,East Hartford,Connecticut,Hartford County,9003.0,6118,41.72014551876289,-72.62432773518394,1240289.55,396502.95,88891
e1fcf422-b8eb-e840-7898-b5987850be99,1960-01-06,,999-81-1405,S99979925,X07193822X,Mr.,Gary33,Modesto621,Raynor401,,,M,white,nonhispanic,M,Stamford  Connecticut  US,666 Kling Track Unit 62,Norwalk,Connecticut,Fairfield County,9001.0,6880,41.16747951163925,-73.38762990864383,222287.25,46726.54,35315
4dc2cd72-12c5-249a-cbb5-ae2337ec3a51,1922-02-14,,999-89-9841,S99938943,X65999544X,Mr.,Leonardo412,,Aufderhar910,,,M,white,nonhispanic,M,Fairfield  Connecticut  US,383 Pfeffer Rue Suite 45,New Milford,Connecticut,Litchfield County,9005.0,6776,41.60648573877526,-73.4360758600266,20571.2,734230.69,19735
61877c85-f4d9-5f68-0221-a47a03e8d597,1942-06-22,,999-88-8294,S99993292,X41665808X,Mr.,Leandro563,Tommie457,Considine820,,,M,white,nonhispanic,M,Mystic  Connecticut  US,560 Quitzon Club Apt 16,Danbury,Connecticut,Fairfield County,9001.0,6811,41.44562031724694,-73.45023880987613,620377.94,909326.85,45895
1f159b65-b6a3-1431-5019-430fe1959a3a,1974-02-07,,999-60-3028,S99960511,X14837150X,Mrs.,Maricarmen445,Mariana775,Anguiano812,,Briseño329,M,black,nonhispanic,F,Gaudalajara  Jalisco  MX,282 Bruen Divide Suite 77,Bridgeport,Connecticut,Fairfield County,9001.0,6608,41.19226964166218,-73.17883434043536,14568.18,950269.45,12352
03be2492-ea08-75b9-e62d-7b8d0c41181f,1952-04-07,,999-84-9891,S99971185,X91818152X,Mr.,José Eduardo181,Homero668,Zepeda235,,,M,black,hispanic,M,Bogota  Bogota  CO,994 Fritsch Rue Unit 37,Wilton,Connecticut,Fairfield County,,0,41.17288979480451,-73.393599708875,16263.83,366092.87,15367
0ee89c13-dfbc-96b0-24f8-c5c9d40c2e53,1956-08-30,,999-88-3180,S99964947,X59686841X,Mrs.,Elena945,Colleen54,Waelchi213,,O'Conner199,M,white,nonhispanic,F,Danbury  Connecticut  US,330 Gerlach Lodge Unit 3,Ridgefield,Connecticut,Fairfield County,9001.0,6877,41.32595739034776,-73.51871634936975,1051042.67,277740.07,88413
43dade5c-b677-c18e-4a7f-d17854e901a5,1946-11-05,2026-07-30,999-31-7528,S99956857,X82583712X,Mr.,Dominique369,Robbie31,Anderson154,,,D,other,nonhispanic,M,Coventry  Connecticut  US,934 Lind Trafficway,West Hartford,Connecticut,Hartford County,9003.0,6107,41.73263098302861,-72.68915529447037,207382.07,395078.38,26999
b06113c9-45f6-24db-af2d-f43d12596005,1941-07-02,,999-29-6560,S99983731,X37079831X,Mr.,Dave764,,Bahringer146,,,M,white,nonhispanic,M,Norwalk  Connecticut  US,253 Hauck Corner Suite 85,Hartford,Connecticut,Hartford County,9003.0,6095,41.69673357776989,-72.6304479604427,138932.52,952093.78,122295
7616f62a-6c56-e1ce-a511-60c611d9395a,1958-04-30,,999-45-1461,S99960842,X34175213X,Mr.,Barton704,Fermin479,Franecki195,,,D,white,nonhispanic,M,Hamden  Connecticut  US,1003 Mayer Bridge Apt 75,Stamford,Connecticut,Fairfield County,9001.0,6905,41.042877714232965,-73.53708094911372,184321.73,73857.72,95264
969f98ed-9994-8476-73f9-4c333696658b,1966-07-07,,999-45-5907,S99947180,X64239001X,Mr.,Wilson960,Andy346,Beier427,,,M,white,nonhispanic,M,Westport  Connecticut  US,260 Kshlerin Corner Unit 3,Bridgeport,Connecticut,Fairfield County,9001.0,6608,41.27481451311614,-73.22691434734936,120263.7,143783.9,31608
6193b78e-88c4-1e1e-94af-385c9cdfd2bf,1966-09-30,,999-77-9485,S99980293,X58773940X,Mr.,Cyril535,Sam879,Boehm581,,,M,native,nonhispanic,M,Manchester  Connecticut  US,235 Lubowitz Stravenue,Groton,Connecticut,New London County,9011.0,6340,41.32800922021384,-72.07934528213866,162950.79,169080.77,96668
6af725dc-cc23-b869-ab22-65629b0210d7,1968-08-02,,999-58-1869,S99911345,X63138694X,Ms.,Valda518,Tracy345,Lemke654,,,S,asian,nonhispanic,F,Cantho  Cần Thơ  VN,923 Predovic Camp,Groton,Connecticut,New London County,9011.0,6340,41.358433807386334,-72.06840931123276,1160657.87,1144793.21,84693
0c4a4395-2e8a-50b9-3d3d-8cd3b2876078,1954-04-28,,999-47-8736,S99951870,X01331064X,Mr.,Haywood675,Damian46,Murray856,,,S,white,nonhispanic,M,Madison Center  Connecticut  US,867 Grimes Mall Apt 69,Colchester,Connecticut,New London County,9011.0,6415,41.50938892868033,-72.37681566060277,239991.49,155880.26,72216
fc86ea45-2d5b-d0ee-3ed5-9817d817a0e6,1967-07-13,,999-75-1529,S99953210,X61636651X,Ms.,Hulda44,Dorla228,Swift555,,,S,white,nonhispanic,F,Simsbury  Connecticut  US,629 Waters Frontage road,Fairfield,Connecticut,Fairfield County,,0,41.13538449857127,-73.27008638305385,401288.05,721394.9,138121
8022beda-5a6d-51ec-5bf2-33a8c161a807,1952-08-09,2009-02-13,999-18-7720,S99965527,X88890679X,Mr.,Ernesto186,Bernardo699,Vela532,,,M,white,hispanic,M,Salisbury  Saint Joseph Parish  DM,845 Lind Dale Suite 54,Beacon Falls,Connecticut,New Haven County,,0,41.43717622223132,-73.05860964561555,342293.06,569430.26,137433
c481d239-3d5a-f70f-a08b-ee4758d44b4b,1966-10-21,,999-27-2783,S99934299,X48181997X,Ms.,Elicia233,,Hartmann983,,,S,white,nonhispanic,F,Shelton  Connecticut  US,1059 Langworth Haven,Watertown,Connecticut,Litchfield County,9005.0,6795,41.60482761343929,-73.13250803748556,450878.62,1196970.96,153385
2a73900e-9250-7e87-4c2c-fc05a89f196a,1953-05-20,,999-54-4479,S99972693,X92783387X,Mr.,Porfirio146,,Koch169,,,M,white,nonhispanic,M,Meriden  Connecticut  US,406 Herzog Branch Unit 64,West Hartford,Connecticut,Hartford County,9003.0,6119,41.745794193442826,-72.79230142496483,356616.8,1727037.97,164556
d557a33b-4087-5c8e-c8c8-a96a3a49ee02,1948-09-12,,999-68-6217,S99978446,X14900907X,Mrs.,Anneliese170,,Glover433,,Steuber698,M,white,nonhispanic,F,Crystal Lake  Connecticut  US,295 Beier Ferry,Hartford,Connecticut,Hartford County,9003.0,6114,41.85216166898567,-72.70867624378728,25876.74,2247760.15,7602
abd69caf-31c1-3afb-609a-5d981f8da5b3,1952-05-10,,999-40-3522,S99990989,X14148255X,Ms.,Antonia30,,Loera89,,,S,white,hispanic,F,Havana  Havana  CU,223 Will Wall,Waterbury,Connecticut,New Haven County,9009.0,6704,41.64267376264764,-73.00576073814707,1264374.86,522313.67,48761
249dff26-bbb9-7ddf-748f-f6b9942c7cb6,1956-05-07,,999-84-2001,S99967721,X99289223X,Ms.,Mariela993,Bibi254,Strosin214,,,S,white,hispanic,F,Orange  Connecticut  US,110 Moore View Unit 0,Haddam,Connecticut,Middlesex County,,0,41.50591023897457,-72.57338979744414,1068541.6,326649.51,69909
3255b68b-1722-39ff-86d6-067caf3d1812,1944-01-19,,999-22-6153,S99934510,X01968805X,Mrs.,Breanna581,Oda116,Trantow673,,Lang846,M,white,nonhispanic,F,Stratford  Connecticut  US,244 Feest Trace Unit 29,Hartford,Connecticut,Hartford County,9003.0,6112,41.756817822599935,-72.70370096241945,22294.52,1378400.22,6514
7bbe2384-a4ed-c289-e698-39ba82fac3f4,1962-12-12,,999-69-7269,S99982286,X98788910X,Mr.,Domenic627,,Bahringer146,,,S,white,nonhispanic,M,West Hartford  Connecticut  US,662 Heathcote Branch Unit 35,Stratford,Connecticut,Fairfield County,9001.0,6614,41.20435801936245,-73.1259801553382,200751.98,161593.46,174467
9630c0ce-a133-86e1-67a5-87696af440b6,1949-04-03,,999-18-7800,S99995204,X20567362X,Mrs.,Sherita708,Cristie97,Lind531,,Kunze215,D,white,nonhispanic,F,New Fairfield  Connecticut  US,872 Cormier Bay,Ridgefield,Connecticut,Fairfield County,9001.0,6877,41.299069388682966,-73.54454791285187,392668.01,1839688.34,426101
a2b0906f-5fbc-75b1-1ff8-a12e824c3a91,1949-05-18,2013-11-03,999-10-4393,S99971311,X00817536X,Mrs.,Deedra511,Miriam769,Heller342,,Ullrich385,W,white,nonhispanic,F,Trumbull  Connecticut  US,622 Gibson Trailer,Putnam,Connecticut,Windham County,9015.0,6277,41.89707525263411,-71.85003715751745,975901.07,641736.86,47290
bc1ed64b-39e3-a6f2-42a4-0444bf031317,1959-11-10,,999-83-7509,S99956484,X20586594X,Mr.,Emil691,Matt836,Doyle959,,,S,white,nonhispanic,M,North Branford  Connecticut  US,613 Herman Haven,Fairfield,Connecticut,Fairfield County,,0,41.185312157304345,-73.27470376505948,176519.63,506659.36,379363
7341f617-d818-3434-1f30-bde386b7451f,1932-04-19,2020-05-01,999-93-5552,S99920301,X31340700X,Mr.,Jonas187,Odell776,Hackett68,,,M,white,nonhispanic,M,Middletown  Connecticut  US,506 Ferry Quay Unit 54,Meriden,Connecticut,New Haven County,9009.0,6451,41.54639190968596,-72.795625505717,234391.02,235079.8,61745
473064a9-1a22-2d37-db7f-3d9378596660,1963-08-07,,999-77-8642,S99976478,X63259597X,Mr.,Michale231,Darrell400,Abbott774,,,M,white,nonhispanic,M,New Haven  Connecticut  US,958 Kris Throughway Unit 58,Norwalk,Connecticut,Fairfield County,9001.0,6855,41.10152966446769,-73.44194631142676,430969.63,545249.38,40531
6ad12343-fdae-167c-bf78-f310e066e878,1963-03-07,,999-57-6318,S99926922,X34213494X,Mr.,Raymond398,Jesse626,Harber290,,,S,white,nonhispanic,M,Wethersfield  Connecticut  US,323 Schinner Street Unit 96,Plainville,Connecticut,Hartford County,,0,41.68341587058944,-72.81481572593296,20155.78,386205.1,21751
c318b56a-4988-f5a5-457d-f038d244e7dd,1937-07-30,,999-96-6855,S99971498,X36901454X,Mr.,Rick943,Gaston250,Hagenes547,,,D,white,nonhispanic,M,Waterbury  Connecticut  US,782 Auer Loaf Apt 48,Plymouth,Connecticut,Litchfield County,,0,41.62412840944269,-72.97804071687881,154070.42,310099.22,119036
dc55b44b-6c1f-0785-c6be-5765196a1cdd,1942-09-23,2011-04-25,999-35-4249,S99956225,X94077379X,Mr.,Marcellus830,,Carter549,,,M,white,hispanic,M,East Haven  Connecticut  US,984 Bartell Trail,Bloomfield,Connecticut,Hartford County,,0,41.87396199508327,-72.78988293614314,214710.22,138261.87,483754
1d725541-df5f-719d-d005-d19716fb8535,1969-06-14,,999-30-1461,S99951051,X00479481X,Mr.,Ken316,Micah422,Grimes165,,,M,white,nonhispanic,M,Stafford  Connecticut  US,392 Windler Flat,Bristol,Connecticut,Hartford County,9003.0,6062,41.716019018646435,-72.84288266460896,201623.02,134615.74,52121
d744d0b8-e895-9bd9-5696-67e2310c8ca6,1942-09-23,,999-29-3655,S99986883,X44071044X,Mr.,Bernardo699,Franklin857,Brown30,,,S,white,hispanic,M,Norwalk  Connecticut  US,1020 Brekke Annex Unit 82,Bloomfield,Connecticut,Hartford County,,0,41.81890013921698,-72.78872389209194,232632.73,1083615.41,483754
985c47e4-91ee-8c34-48ab-6df7f6285b39,1961-08-18,,999-86-5939,S99939782,X36145756X,Mr.,Hosea56,Waylon572,Jerde200,,,D,white,nonhispanic,M,Willimantic  Connecticut  US,405 Erdman Wynd Suite 14,Jewett City,Connecticut,New London County,9011.0,6351,41.56939115655444,-71.97939313094679,15653.01,941158.59,13674
0256ad20-ea4f-b16f-4423-bbe8a9aecc48,1920-05-12,2005-12-02,999-44-8391,S99982983,X66365392X,Mrs.,Yer774,,Rodriguez71,,Lehner980,D,white,nonhispanic,F,Plymouth  Connecticut  US,814 Macejkovic Divide,Chaplin,Connecticut,Windham County,,0,41.78516641362062,-72.1568051342467,407688.89,1778855.54,153689
e927fb2f-deb9-e0a1-34f4-6b0ec484cc4e,1969-02-28,,999-48-6728,S99923177,X76101995X,Mr.,Clayton230,,Willms744,,,M,white,nonhispanic,M,Newington  Connecticut  US,990 Friesen Bypass,Waterbury,Connecticut,New Haven County,9009.0,6708,41.566796129550255,-72.9603018835548,94118.2,925574.97,195325
4d14c3b8-47ab-d201-ccfd-adc1f17ed2bb,1942-06-03,,999-55-2102,S99984877,X67750012X,Mr.,Van763,Franklin857,Spencer878,,,M,asian,nonhispanic,M,Beijing  Beijing Municipality  CN,510 Larkin Ferry Unit 51,East Hartford,Connecticut,Hartford County,9003.0,6042,41.73818882187937,-72.64034119771364,89775.26,1105532.58,27863
931c3f3c-cdf5-d1fa-a197-a2d79ef1dfe9,1920-05-12,,999-75-6996,S99945068,X95238503X,Mrs.,Caroline183,,Windler79,,Wunsch504,D,white,nonhispanic,F,Ridgefield  Connecticut  US,1054 Hahn Promenade Unit 18,Chaplin,Connecticut,Windham County,,0,41.787634245390834,-72.08827525358248,523239.36,1696701.93,153689
02111cf5-be07-a62b-97f5-131457be9a72,1948-04-08,,999-15-8733,S99928917,X07150512X,Mrs.,Beverly445,Sebrina910,Schuppe920,,Lind531,M,black,nonhispanic,F,Monroe  Connecticut  US,689 Doyle Skyway,Waterbury,Connecticut,New Haven County,9009.0,6716,41.569199047255786,-73.04884864292553,930316.8,304190.77,52160
253cc27e-a6a4-be9b-20a6-6495bf5d9dd3,1942-08-27,2002-03-19,999-13-7301,S99928520,X65970431X,Mrs.,Brandy18,Thora330,Schaden604,,Swift555,M,white,nonhispanic,F,New Haven  Connecticut  US,570 Witting Walk Apt 61,West Hartford,Connecticut,Hartford County,9003.0,6107,41.751504285654,-72.75681434913686,1588167.89,1348141.88,74577
4bba4c9f-d63e-29ec-9428-1b25bc941f0d,1962-09-25,,999-17-5298,S99930004,X19379689X,Mr.,Brant303,Vincenzo126,Zemlak964,,,D,white,nonhispanic,M,Avon  Connecticut  US,236 Bauch Terrace Suite 20,Cromwell,Connecticut,Middlesex County,,0,41.57467183891563,-72.65012721560652,272521.36,175410.81,71944
6e63220a-e1cd-fc16-e799-2ad2f00237a4,1950-01-20,2022-01-13,999-25-1224,S99994864,X55663509X,Mrs.,Jeni110,Shela13,Lehner980,,Kohler843,M,white,nonhispanic,F,Stratford  Connecticut  US,281 Walsh Pathway,Stratford,Connecticut,Fairfield County,9001.0,6607,41.21906531918646,-73.20790205623263,26814.67,2147938.1,20393
07ab9e15-3d70-2869-74e2-1e38d4c87329,1931-02-03,,999-96-8521,S99967629,X31432857X,Mr.,Gavin481,Hector463,Altenwerth646,,,W,white,nonhispanic,M,North Branford  Connecticut  US,106 Ratke Rapid Apt 20,Bristol,Connecticut,Hartford County,9003.0,6010,41.777890624236775,-72.92891982255485,381888.49,1720502.69,146049
8c376e38-6c31-ebed-fe95-24c84541552a,1947-01-07,,999-22-9550,S99956723,X52650615X,Mr.,Darrick836,Ethan766,Haley279,,,S,white,nonhispanic,M,Southbury  Connecticut  US,1044 Mueller Parade,Cromwell,Connecticut,Middlesex County,,0,41.620594897358146,-72.61718720339154,332418.2,122387.41,37416
d79f7b65-0fb3-8430-0663-7d88cc82f968,1971-12-19,,999-65-6889,S99977452,X82569529X,Mr.,Denis399,,Donnelly343,,,M,white,nonhispanic,M,Wallingford  Connecticut  US,434 Kihn Path,Canton,Connecticut,Hartford County,,0,41.816679641545,-72.95691021823716,135545.66,78331.82,186435
ab074ac0-1e6b-3add-1d4d-053e52568db3,1955-10-16,,999-58-6878,S99967132,X21575415X,Mr.,Manuel446,,Ávila241,MD,,M,black,hispanic,M,Lima  Lima Province  PE,1058 Flatley Mission,Glastonbury Center,Connecticut,Hartford County,,0,41.735415300647446,-72.58125846822176,122333.61,4154555.26,183880
c965269a-c68a-1d5e-9487-e71568a4fcda,1932-07-26,,999-65-5090,S99923983,X15842970X,Mr.,Rodolfo763,Karl184,Jones311,,,M,white,nonhispanic,M,Seymour  Connecticut  US,1011 Ortiz Stravenue,Branford Center,Connecticut,New Haven County,,0,41.22848106460062,-72.7710290258029,171463.07,874077.9,101585
397ca9b3-c102-abfa-5d0b-849c6ebb4692,1918-02-01,,999-56-6222,S99996731,X77978469X,Mr.,Ivory697,Anthony633,Bode78,,,M,white,nonhispanic,M,Hamden  Connecticut  US,983 Kiehn Mews Suite 86,Guilford Center,Connecticut,New Haven County,,0,41.32083447545901,-72.673551000778,55611.43,2133158.31,693553
a339bdbd-b0a2-5e25-dcfc-835cac24ac6e,1936-01-28,2009-03-09,999-62-4372,S99924332,X63209593X,Mrs.,Svetlana462,Susan422,Fay398,,Spencer878,M,white,nonhispanic,F,New Haven  Connecticut  US,947 Kunze Approach,Niantic,Connecticut,New London County,9011.0,6357,41.34072212569607,-72.26361478034089,34121.64,1037605.31,20132
19e0ade5-8185-b267-14de-271983cbf384,1965-11-04,,999-39-1658,S99942599,X18523220X,Mr.,Palmer257,Michal596,Bergnaum523,,,S,white,nonhispanic,M,South Windsor  Connecticut  US,470 McClure Arcade Suite 75,Shelton,Connecticut,Fairfield County,9001.0,6484,41.30101848981547,-73.17651595844856,36083.53,1028518.73,87831
26930691-e24b-2f4f-cbe1-bca863e2e8db,1945-03-27,,999-25-8011,S99975001,X04910182X,Ms.,Ofelia194,Johanna547,Erdman779,,,S,white,nonhispanic,F,West Hartford  Connecticut  US,521 Hamill Trace,Hartford,Connecticut,Hartford County,9003.0,6160,41.74981431136354,-72.64789773171178,20243.66,1414263.73,15287
893d68d3-c12d-9120-a099-fccc5befbfb1,1936-01-28,,999-37-9326,S99933273,X51921213X,Mrs.,Gladys682,Billi682,Kris249,,Murphy561,D,white,nonhispanic,F,Norwalk  Connecticut  US,952 Toy Ferry,Niantic,Connecticut,New London County,9011.0,6357,41.33264269889979,-72.24562717470769,21475.15,1465080.58,20132
32088c67-9849-0af2-ac80-ea5404f86aae,1945-05-15,,999-56-2319,S99982736,X32974773X,Mr.,Jeromy156,Alonso270,Herzog843,,,M,asian,nonhispanic,M,Hong Kong  Hong Kong Special Administrative Region  CN,1051 Lubowitz Frontage road,Hamden,Connecticut,New Haven County,,0,41.388119484970694,-72.95713447750352,301579.81,117878.71,91357
ca545752-7061-32e4-fd24-9de2e46ba5af,1960-09-23,,999-16-9914,S99962846,X41798848X,Mr.,Darin74,Boyce638,Botsford977,,,M,white,nonhispanic,M,Bethel  Connecticut  US,121 Williamson Crossroad Suite 15,Essex Village,Connecticut,Middlesex County,,0,41.39153783717574,-72.36303435680985,123346.21,717607.58,38113
ebc2cc95-e2a1-b2da-60a3-6eabc760798c,1941-10-27,2020-08-05,999-48-4735,S99966851,X16624632X,Mrs.,Molly175,Tanesha560,Wuckert783,,Boyle917,W,white,nonhispanic,F,West Haven  Connecticut  US,449 Bradtke Alley,Bridgeport,Connecticut,Fairfield County,9001.0,6604,41.15215618392099,-73.14645671098309,701099.01,879959.57,40355
17a7503a-e1be-d821-e8ce-920ece4bbbde,1941-10-27,,999-13-1514,S99994128,X99346801X,Mrs.,Argelia29,Rebecka733,Will178,,Jacobi462,M,white,nonhispanic,F,Waterbury  Connecticut  US,463 Howell Drive,Bridgeport,Connecticut,Fairfield County,9001.0,6607,41.150795802163366,-73.186719538102,483161.55,355897.93,40355
8ba75fc9-4066-3988-3c46-31d147b1ca79,1961-12-04,,999-63-5399,S99989286,X59911830X,Mrs.,Helena807,Silvana620,Trantow673,,Wehner319,M,white,nonhispanic,F,Wolcott  Connecticut  US,414 Pouros Haven Apt 12,Wallingford,Connecticut,New Haven County,,0,41.49552154401761,-72.78875225008933,888295.59,682700.28,38022
2a0769a8-0352-1b37-bfe8-3bffc94d44fa,1966-11-17,,999-16-8052,S99921673,X24173541X,Mrs.,Salome647,Shela13,Hessel84,,Brown30,M,white,nonhispanic,F,Woodmont  Connecticut  US,1019 Ankunding Common,Windsor Locks,Connecticut,Hartford County,9003.0,6095,41.95979560726194,-72.70779811296262,21130.89,1116916.5,10910
b4cd4c25-4072-4f1d-a862-cf2d7ff4606c,1951-08-15,,999-43-7403,S99987067,X99260136X,Mr.,William805,,Funk324,,,S,white,nonhispanic,M,New Britain  Connecticut  US,925 Lubowitz Alley,Waterbury,Connecticut,New Haven County,9009.0,6710,41.50918524695409,-73.07188423895015,23387.16,554176.88,9807
f865e8ab-3fee-28c4-9165-7f2ebae9104d,1941-07-08,2019-11-16,999-61-2892,S99929094,X09705601X,Mr.,Homero668,Martín25,Carrera906,,,M,white,hispanic,M,San Juan  Puerto Rico  PR,536 Sauer Bridge,New Fairfield,Connecticut,Fairfield County,,0,41.466238305005305,-73.49335626358885,239555.41,787838.94,93296
73b4796d-bb56-494f-7f37-4dd206507059,1955-08-30,,999-70-4710,S99913277,X62757160X,Mr.,Manuel446,Franklyn361,Daugherty69,,,M,white,nonhispanic,M,Riverside  Connecticut  US,916 Pacocha Path Apt 53,Enfield,Connecticut,Hartford County,,0,42.010081391729834,-72.55990148900828,334953.15,807234.59,142487
c1b4debb-a3e3-d400-7e23-75564aa8b29c,1941-07-08,,999-87-3302,S99920203,X52189507X,Mr.,Julio255,Miguel Ángel46,Elizondo706,,,D,white,hispanic,M,San Salvador  El Salvador  SV,613 Gorczany Corner,New Fairfield,Connecticut,Fairfield County,,0,41.5109753748475,-73.49107412967108,171949.53,217771.36,93296
ba256a16-c5c0-ec31-ef9e-20b38881e9db,1970-01-25,,999-67-7831,S99947956,X60678368X,Ms.,Nyla424,Fanny438,Lemke654,,,S,white,nonhispanic,F,Waterbury  Connecticut  US,371 Jacobi Ferry,New Britain,Connecticut,Hartford County,9003.0,6053,41.64911212843072,-72.79398957626283,770259.82,304531.55,60375
127399c6-b73f-324f-7110-b4ca1ca8bf3a,1936-06-21,2021-12-06,999-83-3449,S99963465,X61630514X,Mr.,Ismael683,Samual455,Howe413,,,D,white,nonhispanic,M,New Britain  Connecticut  US,660 Tremblay Dam Unit 15,Waterbury,Connecticut,New Haven County,9009.0,6710,41.50019860570839,-72.99698168390721,185136.07,892761.74,33545
8ef394af-8277-d1e8-df37-4c03bcce9dcc,1924-09-18,,999-25-7139,S99937531,X83765702X,Mrs.,Sharyn437,,Cassin499,,Walsh511,W,black,nonhispanic,F,New Canaan  Connecticut  US,218 Vandervort Haven,South Windsor,Connecticut,Hartford County,,0,41.800129873271345,-72.57448093743476,357252.82,964524.0,160501
5f3cd51b-3350-6031-6723-ea95db95bc43,1971-11-17,,999-72-8551,S99915730,X49721330X,Mrs.,Esther279,Lulu18,Hickle134,,Deckow585,M,black,nonhispanic,F,East Lyme  Connecticut  US,1009 Wisozk Forge Suite 49,Danbury,Connecticut,Fairfield County,9001.0,6811,41.49258868496515,-73.34733214632682,639118.7,344178.88,98467
2cfece51-0913-ed70-4f8f-b710e770e113,1951-08-17,2022-10-22,999-67-9195,S99923889,X12142200X,Mr.,Theron432,Ervin886,Cole117,,,S,white,nonhispanic,M,North Branford  Connecticut  US,845 Bogan Promenade,Wallingford,Connecticut,New Haven County,,0,41.41136434759563,-72.77004756190962,341374.73,936144.77,136040
664374d5-fced-4749-eb1d-6ffdcdd27eff,1959-11-06,,999-80-4900,S99975976,X57375085X,Mr.,Florentino8,,Hauck852,,,D,white,hispanic,M,Mansfield  Connecticut  US,451 Wunsch Gardens,Oakville,Connecticut,Litchfield County,9005.0,6779,41.60048304987743,-73.09797484013541,232016.86,1804.42,116943
1f46417d-ee69-2855-2481-ef1f08bee74c,1956-02-16,,999-59-8797,S99981012,X67381740X,Mrs.,Sabine292,Ione925,Kuhn96,MD,Turner526,M,black,hispanic,F,East Hartford  Connecticut  US,520 Bruen Hollow Apt 10,Manchester,Connecticut,Hartford County,9003.0,6040,41.78139990251336,-72.48142198329431,939550.52,214278.24,79040
28ba35e2-d2a5-42ab-50ee-b7276ad4152c,1959-09-12,,999-65-9144,S99966991,X55165293X,Mr.,Alonso270,Ashley34,Rosenbaum794,,,M,white,hispanic,M,Greenwich  Connecticut  US,817 Bins Glen Apt 68,New Haven,Connecticut,New Haven County,9009.0,6512,41.33160299993241,-72.9604210386392,243277.61,56305.83,69782
d31f7237-2980-a654-ba99-0d869b0f5e41,1953-03-08,,999-95-6270,S99913294,X93076829X,Mrs.,Carl856,Liliana922,Senger904,,Von197,M,white,nonhispanic,F,Ansonia  Connecticut  US,988 Hodkiewicz Arcade Suite 32,West Haven,Connecticut,New Haven County,9009.0,6516,41.24774154918208,-72.92407673588927,17461.74,792471.73,20805
ba9fa102-a3ac-8b5e-6159-8172c111e719,1943-05-17,,999-65-3725,S99983693,X49995734X,Mrs.,Janelle257,Ivelisse712,Stark857,,Hegmann834,M,asian,nonhispanic,F,Brooklyn  Connecticut  US,736 Howe Ranch,Newington,Connecticut,Hartford County,9003.0,6111,41.663837909563895,-72.77035751734473,401515.3,1321526.7,187390
43ccb40c-7b2d-6757-ec61-7fd52146719b,1962-06-14,2022-03-23,999-92-7297,S99916833,X96639797X,Ms.,Tilda804,Vivien121,Stroman228,,,S,black,hispanic,F,Oakville  Connecticut  US,809 Block Rue Apt 6,Branford,Connecticut,New Haven County,,0,41.27839360675073,-72.78353399403252,785748.87,575226.13,77117
cb7a85fc-cb64-d802-9ed4-244041154bf8,1957-05-13,,999-44-2167,S99960682,X21929954X,Mrs.,Alverta45,Toccara373,Schultz619,,Jast432,W,white,nonhispanic,F,West Hartford  Connecticut  US,599 Cummerata Tunnel Apt 37,Moosup,Connecticut,Windham County,9015.0,6354,41.72013286970339,-71.86583669409455,118408.53,1313446.26,26347
97f5c67a-2142-6237-c2e6-caf15f05e983,1951-01-14,2021-07-28,999-36-3310,S99941421,X40609757X,Mr.,Dirk334,Dorsey40,Towne435,,,M,white,nonhispanic,M,Danbury  Connecticut  US,1090 Ruecker Row,Thompson,Connecticut,Windham County,,0,42.03632215662312,-71.83601613292561,17580.53,1100878.83,17424
d9060c7d-dd0e-2fe3-afb4-4732e12bb31e,1956-01-11,,999-62-9230,S99966520,X61795125X,Mr.,Errol226,,Ledner144,,,M,white,nonhispanic,M,Enfield  Connecticut  US,149 Hermiston Overpass Suite 8,Bethel,Connecticut,Fairfield County,9001.0,6801,41.42329311687371,-73.46217450126214,158923.26,952470.69,643014
0d0bd096-b223-662b-da18-8f5dbb8b5523,1925-11-09,,999-84-9022,S99946982,X37250003X,Mr.,Malik994,Claude750,Zieme486,,,D,white,nonhispanic,M,Danbury  Connecticut  US,634 Medhurst Trailer Unit 21,Hartford,Connecticut,Hartford County,9003.0,6095,41.71885352144209,-72.65279387848014,163838.64,430455.7,30390
6adae37f-3ccd-3714-ea93-90278b049706,1970-05-17,,999-95-3008,S99964674,X75519734X,Mr.,Dennis979,Jacinto644,O'Hara248,,,M,white,nonhispanic,M,Bristol  Connecticut  US,866 Harvey Estate,East Haddam,Connecticut,Middlesex County,,0,41.51883072358099,-72.38623424098436,14678.11,1016186.78,10470
e2ecc1eb-3c82-04b9-8134-db92c292f7c8,1918-05-12,1983-03-29,999-70-8070,S99957030,X35753520X,Mr.,Bernardo699,,Mante251,,,M,white,nonhispanic,M,Wallingford Center  Connecticut  US,725 Smitham Street Unit 72,Middletown,Connecticut,Middlesex County,9007.0,6457,41.52093626075486,-72.62929610633806,237321.67,649408.64,27077
4941ac29-ce56-9a2d-c66a-6cf701cf7088,1942-12-30,2016-03-06,999-32-6311,S99960814,X63022644X,Mrs.,Keila316,Ozell178,Kiehn525,,Considine820,D,black,nonhispanic,F,Conning Towers Nautilus Park  Connecticut  US,132 Ortiz Junction,Cheshire,Connecticut,New Haven County,9009.0,6410,41.48448373949729,-72.91968223466014,224531.56,866988.93,187875
ec6cf86f-ff9e-c401-1f35-28176a9bd453,1955-09-16,2023-03-24,999-30-9413,S99935888,X98446117X,Mr.,Adrian111,Lavern240,Lakin515,,,M,white,nonhispanic,M,New Britain  Connecticut  US,101 Quigley Vista Apt 95,Middletown,Connecticut,Middlesex County,9007.0,6457,41.53947199694223,-72.60880919482507,12363.89,398924.82,15090
ad61bd5b-1634-9f32-0b61-a7f99def32b7,1946-12-02,,999-57-6890,S99943321,X77954065X,Mrs.,Eloise59,,Casper496,JD,Murazik203,M,white,nonhispanic,F,East Hampton  Connecticut  US,464 Roberts Vale Suite 92,Northwest Harwinton,Connecticut,Litchfield County,,0,41.81027488910895,-73.03446107573617,519057.06,1785939.99,170717
4fcb2124-99c2-e27e-ce7f-e1082f8c9929,1966-10-14,,999-62-7795,S99940144,X34888211X,Mr.,Johnie961,,Muller251,,,D,white,nonhispanic,M,Waterbury  Connecticut  US,813 Watsica Avenue,Norwich,Connecticut,New London County,9011.0,6334,41.54578275435929,-72.1070119186241,13809.24,277757.81,4497
453e4845-30b3-fdaa-832e-d209ba100c30,1953-12-27,,999-48-5860,S99930489,X42612116X,Mr.,Marlin805,Lewis216,Botsford977,,,M,white,nonhispanic,M,Wilton  Connecticut  US,452 Kunze Wall Apt 11,Hartford,Connecticut,Hartford County,9003.0,6110,41.802083065630825,-72.74459798236296,133664.95,181735.68,31204
da18e47b-85bc-f910-6912-4bbf20c65926,1961-06-03,,999-15-6816,S99956343,X45823946X,Mr.,Junior695,Alvaro283,Dicki44,,,M,white,nonhispanic,M,Farmington  Connecticut  US,440 Padberg Trailer Unit 20,Branford Center,Connecticut,New Haven County,,0,41.299898734516,-72.76853625686984,273926.4,192275.65,145251
bcf8167d-a621-d7f2-d826-88bc17a70442,1943-08-29,,999-65-2646,S99916279,X03221843X,Mr.,Fredrick998,Grant908,Emard19,,,M,white,nonhispanic,M,Storrs  Connecticut  US,878 Stamm Port,Sherwood Manor,Connecticut,Hartford County,,0,42.0586801188672,-72.59095603906063,145969.64,571372.71,61568
f3608614-4429-1707-e033-3b936aa2fd1c,1954-02-22,,999-23-2782,S99938201,X57807830X,Mr.,Darnell564,Terrell212,Jaskolski867,,,S,white,nonhispanic,M,Watertown  Connecticut  US,462 Emard Common Suite 40,New Haven,Connecticut,New Haven County,9009.0,6512,41.34921565987888,-72.92755657095114,312648.38,404166.84,57733
7607bf69-67df-6962-7132-4f7e3dcf7445,1940-07-12,2023-07-06,999-32-7326,S99998340,X54133416X,Mr.,Frank378,,Kris249,,,M,white,nonhispanic,M,Middletown  Connecticut  US,701 Bartoletti Port Suite 14,Middletown,Connecticut,Middlesex County,9007.0,6457,41.55515969133768,-72.66870123744323,170864.69,1804475.05,27077
191f63df-a96d-1f4c-301d-a0810ec3bb66,1956-10-15,,999-83-8641,S99928985,X67667802X,Mr.,Ronny764,Richie600,Gulgowski816,,,S,white,nonhispanic,M,Franklin  Connecticut  US,344 Pollich Dam Apt 23,Norwich,Connecticut,New London County,9011.0,6389,41.60829683900152,-72.04776466577384,472682.95,478863.54,57048
62f9e8bb-0ad6-4cfa-d130-49e562f02cc0,1945-06-15,,999-63-9815,S99983454,X77366024X,Mr.,Owen89,Josh874,Strosin214,,,D,asian,nonhispanic,M,Watertown  Connecticut  US,660 Daugherty Estate,Trumbull,Connecticut,Fairfield County,9001.0,6611,41.273746887746874,-73.24788021064728,415638.71,805409.14,74883
2d6e0478-c3be-d705-bbf2-3e3300be7d82,1949-08-06,2015-08-10,999-36-6473,S99928770,X74070406X,Mrs.,Elvie131,Mayme605,Dicki44,,Powlowski563,W,white,nonhispanic,F,West Haven  Connecticut  US,1012 Buckridge Approach,Wallingford,Connecticut,New Haven County,,0,41.46789845262081,-72.76148881364219,542655.97,200161.69,39179
36ee40cb-9817-3668-eb73-f009b29a5231,1951-12-11,2012-11-20,999-23-7488,S99935895,X52858054X,Mrs.,Elza246,Kori635,McKenzie376,,Hamill307,W,white,nonhispanic,F,Watertown  Connecticut  US,434 Franecki Center Unit 64,Danbury,Connecticut,Fairfield County,9001.0,6811,41.42970755707205,-73.47269201618096,225782.92,1909672.1,125268
7a88089f-9cee-a4a1-13ad-55fc5f633f37,1967-01-25,,999-75-7288,S99997954,X95015436X,Mr.,Sung603,Erich201,Grimes165,,,S,white,nonhispanic,M,Westport  Connecticut  US,909 Hoeger Village,Guilford,Connecticut,New Haven County,,0,41.32941817047422,-72.72805472264903,157257.18,56529.56,96554
f0a4e482-fa12-6759-9ee0-7ec0f45c0af3,1943-04-28,,999-99-3079,S99951671,X95785853X,Mr.,Antone63,Rich940,Johnston597,,,D,white,hispanic,M,West Hartford  Connecticut  US,293 Balistreri Walk,Pomfret,Connecticut,Windham County,,0,41.89963077287314,-71.9609036959303,222352.3,616385.01,120631
2f3d966c-153a-608b-b94c-aed1c345addd,1961-12-23,,999-49-1672,S99971688,X96575747X,Mr.,Jamey282,Lawrence741,Ernser583,,,D,white,nonhispanic,M,Brookfield  Connecticut  US,674 Rosenbaum Manor Suite 13,Meriden,Connecticut,New Haven County,9009.0,6451,41.49802528250548,-72.75138673939944,396577.05,116774.7,49868
f25020e6-a8dc-a449-d16f-2c002b56b6bc,1948-04-16,,999-39-5880,S99969320,X66262374X,Mrs.,Francisca486,,Quitzon246,,Feil794,M,black,nonhispanic,F,Danbury  Connecticut  US,178 Wiegand Mall Unit 52,West Hartford,Connecticut,Hartford County,9003.0,6117,41.74464466529094,-72.68927646663802,690241.78,505863.13,95142
e1a5b97f-5805-0811-fb1e-9c3201c8b98e,1922-12-12,2004-06-01,999-50-4850,S99922954,X11121183X,Mr.,Freeman822,Rueben647,Sporer811,,,M,white,nonhispanic,M,Meriden  Connecticut  US,1024 Buckridge Branch,New Haven,Connecticut,New Haven County,9009.0,6512,41.28185034042401,-72.94735135669637,56076.31,3382447.8,17652
048826c5-8202-11ed-9087-a7b7778da0b8,1940-07-12,,999-19-6518,S99968506,X84312165X,Mr.,Emanuel231,Damion480,Hayes766,,,M,white,nonhispanic,M,Cheshire  Connecticut  US,875 Davis Quay,Middletown,Connecticut,Middlesex County,9007.0,6457,41.51506741543323,-72.69381863084102,182297.32,423391.98,27077
8a8381ef-06b5-9828-5cef-a6ea18ca60b4,1921-09-28,2007-06-22,999-33-5294,S99945935,X66712829X,Mr.,Sterling124,Neville893,Kreiger457,,,M,white,nonhispanic,M,Greenwich  Connecticut  US,219 Stoltenberg Camp,Wallingford,Connecticut,New Haven County,,0,41.50005391540327,-72.76608116586765,381317.85,391600.84,55308
6715708a-0e2d-a561-661f-63983234cffa,1928-12-21,2009-05-13,999-17-9774,S99915124,X75347546X,Mrs.,Valeri645,,Berge125,,Fadel536,M,white,nonhispanic,F,Windsor Locks  Connecticut  US,154 Kuhic Dam Suite 13,Cheshire,Connecticut,New Haven County,9009.0,6410,41.46186078072396,-72.89628463634835,438354.1,1730543.76,164599
51871b85-b840-0b07-3b1a-b62cbc2ad112,1974-11-08,,999-95-5346,S99984723,X21931406X,Ms.,Katharine125,Deandrea896,Maggio310,,,S,white,nonhispanic,F,Stamford  Connecticut  US,301 Olson Quay Apt 53,Bethel,Connecticut,Fairfield County,9001.0,6810,41.41289748385955,-73.40106399923901,908242.44,19633.47,94195
39bf59bd-160c-1c75-c669-b2530af0bd66,1955-08-23,,999-40-5031,S99960317,X12093851X,Mr.,Isidro558,Heriberto162,Heidenreich818,,,M,white,nonhispanic,M,Norwalk  Connecticut  US,141 Mohr Wall Suite 12,Simsbury,Connecticut,Hartford County,,0,41.92505787415716,-72.86555858134227,217038.99,192379.13,55328
df545b68-38d1-b03c-12b7-9949ea930b7a,1925-11-27,,999-60-1338,S99976348,X93749217X,Mr.,Milan77,Morgan564,Lemke654,,,M,white,nonhispanic,M,Norwich  Connecticut  US,294 Gerlach Tunnel Apt 77,New Haven,Connecticut,New Haven County,9009.0,6519,41.27142675164677,-72.87645416080967,312642.04,1327061.74,65079
d47a1bfa-04ad-63fc-828d-9138b3067cab,1954-11-23,,999-84-6198,S99997546,X84433020X,Mr.,Frederick289,Lanny564,McClure239,,,M,other,hispanic,M,Newington  Connecticut  US,596 Hills Lodge Unit 93,Mansfield,Connecticut,Tolland County,,0,41.79043945695819,-72.23028581290527,256159.41,320197.54,92995
fea23803-5acd-cba0-e1c6-03baf09ca64b,1941-10-03,,999-25-5284,S99975335,X22425747X,Mr.,Paul232,,Stehr398,,,S,white,nonhispanic,M,New Britain  Connecticut  US,100 Stoltenberg Approach,East Windsor,Connecticut,Hartford County,,0,41.86344255057709,-72.53365391925723,95491.32,627131.74,345741
3f3c4007-da29-f520-71a9-f1a72853a422,1957-01-28,2021-09-29,999-75-9100,S99996515,X20514261X,Mr.,Jorge203,Pete38,Reilly981,,,M,white,nonhispanic,M,Southington  Connecticut  US,119 Wilderman Vista Suite 84,Greenwich,Connecticut,Fairfield County,9001.0,6830,41.13082002789714,-73.67448854931122,145187.21,417702.43,107813
6aca6dd4-9ed1-fa83-43aa-baac28c8e126,1972-12-14,,999-20-8259,S99932145,X42823483X,Mr.,Zack583,Franklyn361,Lowe577,,,M,white,nonhispanic,M,West Hartford  Connecticut  US,308 Hackett Union Suite 99,Norwich,Connecticut,New London County,9011.0,6334,41.535056490440745,-72.06946723221674,18868.08,378459.13,21218
7c1fa665-a201-8686-7500-5ea1561ced79,1925-01-06,1995-09-24,999-47-5742,S99982489,X48714976X,Mr.,Darnell564,Alfred550,Robel940,,,M,white,nonhispanic,M,Bloomfield  Connecticut  US,1024 Rempel Burg,New Milford,Connecticut,Litchfield County,9005.0,6776,41.61468441951711,-73.42224080511772,292772.24,164519.96,69272
cc5af35a-e315-14a9-9de5-d3931b9d76d9,1916-12-27,1999-12-02,999-20-8855,S99979528,X84025025X,Ms.,Zola306,,White193,,,S,white,nonhispanic,F,Winchester  Connecticut  US,982 Bahringer Pathway Unit 95,Norwalk,Connecticut,Fairfield County,9001.0,6855,41.15261718606386,-73.43450321945024,21059.68,1313729.15,8035
447b24dc-bc95-8ca8-3851-b06ee9647cf8,1925-01-06,2004-09-17,999-26-3716,S99990281,X23073941X,Mr.,Aron520,Charles364,Mayert710,,,S,white,nonhispanic,M,Middletown  Connecticut  US,711 Pagac Course,New Milford,Connecticut,Litchfield County,9005.0,6776,41.59735375082429,-73.40929268975349,688793.55,2255894.73,69272
02880c65-8922-7649-e290-95e3393f9569,1957-05-13,,999-69-8868,S99971924,X07175345X,Mr.,Dong972,Vincenzo126,Beer512,,,M,white,nonhispanic,M,Westport  Connecticut  US,702 O'Reilly Arcade,Wolcott,Connecticut,New Haven County,,0,41.61940944249857,-72.93823364884445,163484.84,348247.96,81268
bb9947bf-cb83-0b82-99b8-f1eb4204e9e9,1954-02-18,,999-28-2438,S99949220,X82537267X,Mr.,Jamie386,Antione404,Jast432,,,D,black,nonhispanic,M,Bristol  Connecticut  US,516 Hauck Spur Suite 80,Waterbury,Connecticut,New Haven County,9009.0,6702,41.53950746805935,-73.08876560252037,255118.21,282523.23,47750
a569078b-cdde-d1af-9596-ed2dd200a63d,1925-01-06,,999-97-4329,S99918088,X99940637X,Mr.,Oren284,Maria750,Runolfsdottir785,,,M,white,nonhispanic,M,New Britain  Connecticut  US,450 Bartoletti Bridge,New Milford,Connecticut,Litchfield County,9005.0,6776,41.55611540894629,-73.37841091410533,396954.17,1367955.7,69272
603621be-45ec-ad53-9081-4ccc97f677a3,1963-06-07,,999-25-3870,S99957732,X15178022X,Mr.,Tod265,,Jerde200,,,S,black,nonhispanic,M,Westport  Connecticut  US,518 MacGyver Light,Trumbull,Connecticut,Fairfield County,9001.0,6611,41.27224099823358,-73.23746966914142,198161.98,183532.23,178775
ce56a823-066d-0875-98e6-bf7bcb49e174,1965-10-25,2021-01-03,999-97-9728,S99975500,X94449616X,Ms.,Carleen42,Coralie787,Kuhlman484,,,S,white,nonhispanic,F,Stratford  Connecticut  US,1040 Fritsch Wall Unit 80,South Windsor,Connecticut,Hartford County,,0,41.79695041610248,-72.60582884562592,482368.8,753241.04,35740
bddfbf25-911c-ef02-a6cd-b7b9402836c6,1945-10-02,,999-38-4739,S99939846,X48432318X,Mr.,Bob965,Toney527,Bartell116,,,D,white,nonhispanic,M,Bridgeport  Connecticut  US,705 Okuneva Lane Unit 19,Bolton,Connecticut,Tolland County,,0,41.78967139301445,-72.42111158228883,220375.16,305150.64,139308
4a3afa18-999e-6e7f-62fe-ee26da40f94d,1964-05-30,2017-02-21,999-25-5867,S99910955,X26982030X,Mr.,Jewell855,Cristopher265,Rice937,,,M,white,nonhispanic,M,Fairfield  Connecticut  US,307 Dickens Camp Apt 55,West Haven,Connecticut,New Haven County,9009.0,6516,41.23360575817856,-72.95838159957341,107755.9,125012.61,28715
c8bd7af7-f879-eb86-fc34-bb1a965c7b21,1947-03-03,,999-47-3487,S99968425,X06833665X,Mrs.,Krissy321,Crystle668,Trantow673,,Okuneva707,M,white,nonhispanic,F,Bridgeport  Connecticut  US,127 Pacocha Rue,Southington,Connecticut,Hartford County,,0,41.59139945410822,-72.87094601935263,1297556.58,1415156.7,68323
5900198a-031d-8d5a-ecc6-af8eae74a83d,1959-12-10,,999-91-5569,S99981094,X58346897X,Mr.,Federico589,Tyson541,Goyette777,,,M,white,nonhispanic,M,West Hartford  Connecticut  US,1036 Mueller Crossroad Unit 69,Stafford,Connecticut,Tolland County,,0,41.982216116274785,-72.28840990931226,171648.69,91303.77,56287
311c1758-f5b5-77d5-b326-04a2d875bcad,1923-02-18,2018-01-24,999-75-1536,S99958389,X05507115X,Ms.,Marquetta382,Wanda961,Bechtelar572,,,S,white,hispanic,F,East Lyme  Connecticut  US,238 Harris Pathway,Enfield,Connecticut,Hartford County,,0,42.00524702168668,-72.56850278157388,131490.7,1516842.76,27318
e7d58fcf-ec63-d141-b6f7-7ecaf1cd45c0,1945-08-16,,999-83-2901,S99938569,X89460205X,Mr.,Harley673,Courtney281,McDermott739,,,D,white,nonhispanic,M,Darien  Connecticut  US,531 Streich Bay,New Britain,Connecticut,Hartford County,9003.0,6053,41.68083299911527,-72.74792914560162,212376.63,546957.99,24968
8ea02151-535b-1126-7ad3-57332c2ea36e,1945-09-18,,999-69-1717,S99931853,X83783454X,Mrs.,Chaya236,Sherri495,Hills818,,Kreiger457,M,white,nonhispanic,F,Glastonbury  Connecticut  US,706 Reynolds Club,Conning Towers Nautilus Park,Connecticut,New London County,,0,41.38898483987826,-72.07494549630464,482581.5,496614.96,76752
5210cdd6-ec94-e783-10a1-4d5888f2307c,1965-09-25,,999-31-2734,S99999199,X76332511X,Mr.,Guillermo498,Erwin847,Jacobson885,,,S,white,nonhispanic,M,Marlborough  Connecticut  US,126 Wunsch Glen Suite 5,Franklin,Connecticut,New London County,,0,41.657598526612965,-72.18963780264046,606153.69,413628.02,105397
3fddbaf6-ee80-6e47-bf9c-5e7a9dd2f67a,1968-01-15,,999-33-7797,S99924050,X64537064X,Mrs.,Terra840,Selene142,Tromp100,,Beatty507,D,white,hispanic,F,Norwalk  Connecticut  US,435 Gibson Wall,Collinsville,Connecticut,Hartford County,9003.0,6022,41.79136240493268,-72.96236636996153,769207.62,136319.45,93474
b2fbb898-03b3-14fd-23ea-92e8b8b16dd5,1965-10-13,,999-73-4078,S99998334,X71543511X,Mr.,Lesley194,,Bednar518,,,D,white,nonhispanic,M,New Haven  Connecticut  US,898 Herzog Meadow Suite 39,Branford,Connecticut,New Haven County,,0,41.28254248358155,-72.76760811756586,120864.71,232471.69,358487
ac533c25-ecda-4bcc-3c6d-9e1bf8d2c6a4,1946-12-09,,999-60-8454,S99979289,X50953517X,Mr.,Coleman27,Casey401,Rolfson709,,,M,white,nonhispanic,M,Rocky Hill  Connecticut  US,436 Lehner Trail Apt 41,Torrington,Connecticut,Litchfield County,9005.0,6759,41.75135497766211,-73.2235222098397,300244.42,563286.98,147917
5e87f219-ccaa-28cf-a177-1cb6347134c3,1952-01-17,,999-60-9402,S99922992,X30435806X,Mr.,Olin642,Trey250,Dietrich576,,,M,white,nonhispanic,M,West Hartford  Connecticut  US,919 Mraz Port Unit 34,Bridgeport,Connecticut,Fairfield County,9001.0,6604,41.15588329689546,-73.1863403365707,385826.14,362190.35,46009
b97742c8-2e39-628e-a66c-08c67b02d861,1965-10-25,,999-92-3347,S99977338,X93107548X,Mr.,Bruce167,,Hagenes547,,,M,black,nonhispanic,M,Stamford  Connecticut  US,448 Gleichner Gardens,Suffield,Connecticut,Hartford County,9003.0,6078,42.035317638188374,-72.62481424908012,13968.89,321746.56,3422
97b5288b-81e6-364f-c105-c6f293e57b80,1955-01-07,,999-94-5437,S99979523,X93532440X,Mr.,Dean966,Sid118,Mitchell808,,,M,white,nonhispanic,M,Wallingford  Connecticut  US,556 Sanford Forge Unit 32,Plainfield,Connecticut,Windham County,9015.0,6374,41.74097070438019,-71.90204074439566,197570.28,83818.02,62871
f28fe651-8240-9029-15fe-1a8e2b4a25dc,1952-10-28,,999-85-3996,S99953212,X37253554X,Mr.,Lorenzo669,Davis923,Smitham825,,,M,asian,nonhispanic,M,Sterling  Connecticut  US,308 Cruickshank Haven Unit 36,Prospect,Connecticut,New Haven County,,0,41.46688177060372,-72.93879002490993,1102105.07,1358139.71,60812
32cd7684-6f88-212a-b159-b9911bab7f9e,1955-07-08,,999-95-2148,S99979427,X22050934X,Mr.,Aaron697,Lavern240,Bogisich202,,,W,white,hispanic,M,New Britain  Connecticut  US,1056 Haag View Apt 64,Danbury,Connecticut,Fairfield County,9001.0,6804,41.48419955299207,-73.39741714117636,95422.16,211514.87,26303
94a8c200-b734-9791-a2d7-7318efb0b80d,1954-06-20,,999-63-6670,S99986734,X82592820X,Mr.,Tom274,Woodrow571,Hoppe518,,,M,white,nonhispanic,M,Meriden  Connecticut  US,432 Nolan Quay Apt 39,Bridgeport,Connecticut,Fairfield County,9001.0,6606,41.127802053451155,-73.21491957133689,164333.89,115525.69,61734
2c7b3597-39fb-3a07-8116-d687e1b88fba,1942-04-27,,999-92-4565,S99958337,X03849768X,Mrs.,Meagan221,Catherina275,Gibson10,,Howell947,M,white,nonhispanic,F,Avon  Connecticut  US,673 Koch Neck,Canaan,Connecticut,Litchfield County,9005.0,6018,41.997210248395255,-73.35551452480587,49806.06,2279489.59,17537
53cc2fb0-7104-2b23-28ef-fe17b6e15551,1938-01-07,2026-07-07,999-63-8767,S99955551,X13388102X,Mr.,Derrick232,,Vandervort697,,,M,white,nonhispanic,M,Stamford  Connecticut  US,397 D'Amore Annex,East Hartford,Connecticut,Hartford County,9003.0,6118,41.77860662525046,-72.57114431844367,287353.5,314562.62,37572
d365e381-bf70-3896-016e-13e5ff815cfd,1936-10-11,,999-92-1048,S99955416,X54440524X,Mr.,Alton320,Oswaldo857,Vandervort697,,,S,white,nonhispanic,M,Paris  Ile-de-France  FR,190 Erdman Course,Plymouth,Connecticut,Litchfield County,,0,41.69219542716369,-72.9929463170204,135528.88,298203.52,23935
f4288019-6e3c-fbda-fdc2-bd8ed88101e5,1956-05-09,,999-68-1827,S99952661,X28345875X,Mrs.,Anette189,Lanita675,Kihn564,,Ritchie586,W,white,nonhispanic,F,East Hartford  Connecticut  US,740 Considine Green Suite 96,North Haven,Connecticut,New Haven County,9009.0,6473,41.341765602575634,-72.84534971601829,809769.19,208448.03,52989
23f3dc63-39fd-6097-1390-75d8abf43898,1948-06-24,,999-20-9785,S99915743,X70086176X,Mr.,Morgan564,Quentin28,Dare640,,,M,white,nonhispanic,M,Conning Towers Nautilus Park  Connecticut  US,463 Rosenbaum Highlands,Thompson,Connecticut,Windham County,,0,41.96456131792855,-71.8467811578042,221273.45,107549.77,76038
674bcd65-3d54-e6be-15f0-7e550962f6ee,1948-01-04,,999-83-6501,S99950961,X33215779X,Mrs.,Madaline59,,King743,,Upton904,D,white,nonhispanic,F,Meriden  Connecticut  US,111 Christiansen Frontage road,Wauregan,Connecticut,Windham County,9015.0,6387,41.78677087935095,-71.92803771093804,1103420.98,677889.34,48284
c72567c5-a83a-3d98-cc57-6380069e9151,1962-01-19,,999-11-2885,S99964831,X75242625X,Mr.,Ellsworth48,Walton167,Schmidt332,,,M,white,nonhispanic,M,Stamford  Connecticut  US,576 Murphy Trace,Winsted,Connecticut,Litchfield County,9005.0,6098,41.99294609011732,-73.09904722799945,291728.49,460705.68,98922
f01a233d-2fe8-66ca-e2fa-3ffa406e00cf,1945-06-30,,999-23-9757,S99953967,X34672877X,Mr.,Antwan357,Jame231,Hodkiewicz467,,,M,asian,hispanic,M,Vernon  Connecticut  US,521 Mitchell Promenade,West Hartford,Connecticut,Hartford County,9003.0,6117,41.75840044003263,-72.7496490830353,197853.75,251562.97,142551
80a23c76-e25c-2adc-4ba8-502f007d4cc1,1932-04-04,2020-09-23,999-85-9435,S99988644,X04685014X,Ms.,Rickie717,Merlyn225,Lowe577,,,S,white,nonhispanic,F,Manchester  Connecticut  US,173 Boehm Lock,Norwich,Connecticut,New London County,9011.0,6389,41.61410805861219,-72.09769657197623,560427.37,731982.41,36702
dc696c5e-9faa-bc7f-2b89-a5e8075fd578,1948-03-19,,999-46-5462,S99987775,X88433480X,Mrs.,Lynelle567,Takisha161,Rosenbaum794,,Gerhold939,W,white,hispanic,F,Mansfield  Connecticut  US,128 Hane Promenade,Broad Brook,Connecticut,Hartford County,9003.0,6016,41.904988666581595,-72.59410974226192,802224.71,338987.45,50989
b44cc49d-7ca1-56fc-ff8d-4e85bae011ef,1932-04-04,2008-11-23,999-13-3511,S99957026,X71900703X,Ms.,Nena266,,Oberbrunner298,,,S,white,nonhispanic,F,Willington  Connecticut  US,131 Moen Mill Apt 36,Norwich,Connecticut,New London County,9011.0,6389,41.60929213806492,-72.12819757728249,848058.07,703456.68,36702
2f2bcd2e-ca20-5d6e-ac2f-f4b7b17a6dad,1972-09-21,,999-27-5891,S99919681,X79732894X,Mrs.,Renda520,Karyn217,Heaney114,,Kerluke267,M,white,nonhispanic,F,West Hartford  Connecticut  US,384 Bartoletti Trafficway Apt 49,Wethersfield,Connecticut,Hartford County,9003.0,6109,41.71203764886677,-72.66632580012285,903627.7,365712.7,39666
3667eaec-d20f-d1ed-076e-fd4ffdbbc278,1941-04-16,,999-74-4525,S99987313,X33579524X,Ms.,Carlyn477,Taisha184,Moore224,,,S,white,nonhispanic,F,Fairfield  Connecticut  US,196 O'Keefe Way,Farmington,Connecticut,Hartford County,,0,41.68972011027939,-72.80857036587635,346802.52,2262011.79,291193
ecdf4f30-b9fe-beed-f730-1a7c5f26884d,1954-04-04,,999-12-1814,S99921909,X57299586X,Mr.,Eloy929,Lonnie913,Sporer811,,,D,other,hispanic,M,New Haven  Connecticut  US,247 Dietrich Mall Suite 86,Plainfield,Connecticut,Windham County,9015.0,6374,41.67094288297468,-71.95414722128011,143451.25,373480.69,40800
8e7c07de-5a6a-a4a0-8c67-6b88c76872b4,1945-12-10,2009-09-06,999-14-9520,S99929868,X19086201X,Mr.,Andreas188,Ernie189,Hoeger474,,,M,white,nonhispanic,M,Marseille  Provence-Alpes-Cote d'Azur  FR,427 Gusikowski Track Apt 57,East Hartford,Connecticut,Hartford County,9003.0,6118,41.7729991031123,-72.5141544837149,118149.85,1106091.38,33050
e0f03fc4-070e-a761-c1b4-800080faedab,1936-11-11,,999-84-8405,S99916660,X17748063X,Ms.,Nadine465,Marcelene872,Reinger292,,,S,white,nonhispanic,F,Woodbury  Connecticut  US,1048 Bailey Street Apt 25,Cornwall,Connecticut,Litchfield County,,0,41.8324292522046,-73.32725456255093,185009.95,1985613.53,171718
5db40977-84b0-c3e4-e442-7409b9f7e1fd,1944-02-13,2008-01-21,999-29-3926,S99978348,X75706501X,Mr.,Reed154,Cleveland582,Shields502,,,M,white,nonhispanic,M,Stafford  Connecticut  US,677 Lesch Manor,Hamden,Connecticut,New Haven County,,0,41.39209170053414,-72.87266868692869,708364.62,409333.29,57971
967586c4-3aad-4837-7c3d-b24a7ebb6bce,1945-12-10,,999-57-9773,S99915779,X93038088X,Mr.,Troy560,Raymond398,Morar593,,,W,white,nonhispanic,M,Lyon  Auvergne-Rhone-Alpes  FR,924 Williamson Gardens,East Hartford,Connecticut,Hartford County,9003.0,6108,41.76202032547233,-72.54323661623056,195659.61,446643.68,33050
eb5b89b2-d922-c964-a3bf-9240410fd089,1944-06-15,,999-48-8772,S99956037,X79933228X,Mr.,Tobias236,,Witting912,,,M,white,nonhispanic,M,East Windsor  Connecticut  US,1098 Huels Hollow Apt 23,Bridgeport,Connecticut,Fairfield County,9001.0,6608,41.28868619105482,-73.22621348890613,23704.61,1215367.13,9918
e2937077-222c-2bc6-a019-bff0468cf74d,1980-03-18,,999-22-6795,S99996258,X60000951X,Mrs.,Enola75,Evonne919,Wilkinson796,,Morar593,M,white,nonhispanic,F,Greenwich  Connecticut  US,746 Boyer Wall,Farmington,Connecticut,Hartford County,,0,41.77942672887555,-72.79718863260601,200282.18,1156642.25,518336
96366398-b1fa-e624-a590-8ef03a8fb54c,1951-09-23,,999-96-6563,S99945348,X09757639X,Mrs.,Shanika235,Debroah867,Swift555,,Robel940,M,white,nonhispanic,F,Suffield Depot  Connecticut  US,390 Powlowski Grove,Hartford,Connecticut,Hartford County,9003.0,6120,41.755251435018025,-72.67814092793574,18909.36,1280770.02,18889
a686d1f1-6a7c-e91c-f50f-04f04c1b3eb9,1966-03-16,,999-57-9663,S99970644,X08949912X,Mr.,Maxwell782,Wilber603,MacGyver246,,,M,hawaiian,nonhispanic,M,Hartford  Connecticut  US,665 Ledner Park Apt 64,New Haven,Connecticut,New Haven County,9009.0,6517,41.269440841916726,-72.97498055097512,13083.24,275177.47,18886
cb2d0f1d-0ccf-1021-725e-c6013b5b7b82,1945-02-22,2007-08-02,999-55-7675,S99917494,X98680740X,Mr.,Kennith515,Alec433,Schaden604,,,M,white,hispanic,M,Shelton  Connecticut  US,736 Dicki Parade,Westport,Connecticut,Fairfield County,9001.0,6880,41.15546304541723,-73.38745276391693,118690.68,1293057.16,92510
ee93e278-9c63-2981-220f-4f21b99f3bf9,1945-02-22,2019-06-17,999-99-2713,S99941751,X49574516X,Mr.,Tyron580,Alphonso102,Lakin515,,,D,white,hispanic,M,Conning Towers Nautilus Park  Connecticut  US,141 Nolan Frontage road Suite 89,Westport,Connecticut,Fairfield County,9001.0,6880,41.15964227125995,-73.33629505047554,74916.79,3244204.72,92510
3b826bf3-7e44-84b6-d8e5-d3b87c76a257,1960-04-18,,999-11-8536,S99921054,X08192270X,Mr.,Willard975,Maximo817,Oberbrunner298,,,D,black,nonhispanic,M,Hartford  Connecticut  US,661 Heller Frontage road Suite 73,East Hartford,Connecticut,Hartford County,9003.0,6042,41.74554421591451,-72.64612943761989,248665.63,179939.64,85688
a8bb4ea4-f3c4-f064-ba70-89c3ca6c8a6e,1944-08-12,,999-64-8383,S99954035,X52070376X,Mrs.,Marcelina712,Tammara379,Mayert710,,Bayer639,W,black,nonhispanic,F,Hartford  Connecticut  US,407 Abernathy Ville,Durham,Connecticut,Middlesex County,9007.0,6422,41.431508446718,-72.7193521086181,409663.93,1371803.94,130785
d38c4598-e90d-7400-866b-3370561a62e0,1930-09-28,,999-23-6462,S99917428,X14530397X,Mr.,Germán350,Jacobo456,Aguilera202,,,M,white,hispanic,M,Roseau  Saint George  DM,713 Ortiz Forge,Hartford,Connecticut,Hartford County,9003.0,6112,41.820036796227235,-72.71716015728809,228413.69,3353168.84,15066
42beba19-c4ac-f93f-13e5-6566265d738b,1922-10-04,2003-11-06,999-76-5465,S99962526,X30303209X,Mr.,Felix524,Carol737,Willms744,,,M,white,nonhispanic,M,North Branford  Connecticut  US,573 Douglas Park Apt 44,Waterbury,Connecticut,New Haven County,9009.0,6770,41.56636687801465,-72.93880458275977,248372.46,338046.07,34591
77df0760-35fa-f2d4-9bc9-8b46016c7a6b,1953-03-18,,999-50-8931,S99973076,X99387964X,Mr.,Kenny207,Ervin886,Luettgen772,,,M,white,nonhispanic,M,Bridgeport  Connecticut  US,378 Nicolas Ville Unit 99,Bridgeport,Connecticut,Fairfield County,9001.0,6605,41.29366138407054,-73.23855732654515,68384.22,1045995.59,18995
5f644579-6d06-f79b-3a5a-3e5dfae5e618,1962-12-09,,999-66-4257,S99983667,X89610534X,Mr.,Daniel959,Claudio955,Vallejo39,,,S,black,nonhispanic,M,Mexico City  Mexico City  MX,263 Ankunding Wynd Unit 25,Norwalk,Connecticut,Fairfield County,9001.0,6856,41.06958302287064,-73.3818087287147,107505.06,298276.61,54002
06f4f7a5-face-e09a-2ef1-c8290e4da816,1922-10-04,,999-68-1935,S99940010,X66905847X,Mr.,Margarito178,Rashad361,Wilderman619,,,D,white,nonhispanic,M,Pawcatuck  Connecticut  US,362 Parker Fork,Waterbury,Connecticut,New Haven County,9009.0,6710,41.47345652028734,-73.09391770652577,270483.87,541236.08,34591
4f7ce98a-04b4-a398-70d3-b5750ba8f337,1975-04-19,,999-80-9207,S99912529,X39583151X,Mr.,Donnie175,Tommy814,Considine820,,,M,white,nonhispanic,M,New Britain  Connecticut  US,816 Koch Bridge Apt 54,Stamford,Connecticut,Fairfield County,9001.0,6905,41.06226238027519,-73.54158037551383,197125.58,69183.87,912039
f8b78dc9-b5fa-9d8f-ed4e-7fa9f7aed748,1954-05-16,2025-11-29,999-68-2518,S99931844,X86829163X,Mrs.,Aurelia213,,Ernser583,,Beatty507,M,white,nonhispanic,F,Kensington  Connecticut  US,861 Jacobi Port Apt 66,Windsor,Connecticut,Hartford County,,0,41.9075000190698,-72.7023366706776,682084.49,256826.18,81287
bca44af2-b76a-3569-3fb6-2ccac1ff5104,1949-09-05,2025-02-24,999-35-3032,S99932627,X48521888X,Mrs.,Lee268,,Weissnat378,,Okuneva707,M,white,nonhispanic,F,Bridgeport  Connecticut  US,700 Durgan Landing Apt 20,Torrington,Connecticut,Litchfield County,9005.0,6790,41.78693306552038,-73.08424422024669,707660.27,2004908.89,602
0daef0ae-d70f-bfdb-9325-69a133d8971a,1955-05-20,,999-40-6800,S99929160,X73599526X,Mr.,Duane703,,Stamm704,,,M,white,nonhispanic,M,Ellington  Connecticut  US,334 Harris Route Suite 97,Woodbury,Connecticut,Litchfield County,,0,41.58297510056409,-73.24898673381122,215452.43,340464.46,404782
0151a1a7-6e9b-0b4c-9f9a-24e2838bd8ba,1921-07-10,,999-65-7114,S99952129,X20608669X,Mrs.,Luba688,Michel472,Weimann465,,Glover433,M,white,nonhispanic,F,Wallingford  Connecticut  US,321 Wehner Alley Suite 36,New Britain,Connecticut,Hartford County,9003.0,6052,41.674611864531784,-72.81929072517282,1123518.5,1195721.35,51909
b8af05b9-cfe1-141b-c0ca-c6eac9a8fc5e,1953-08-16,,999-77-5851,S99998144,X03073214X,Mr.,Travis723,,Frami345,,,M,white,nonhispanic,M,South Windsor  Connecticut  US,923 MacGyver Underpass Apt 50,New Haven,Connecticut,New Haven County,9009.0,6512,41.35351865989591,-72.94735971129592,12680.03,291974.06,6959
98e9f88b-941c-0a15-a391-0c14ee7d9c61,1946-07-17,,999-84-4335,S99923268,X92577339X,Mr.,Doyle959,Clemente531,Welch179,,,M,white,nonhispanic,M,East Lyme  Connecticut  US,584 Schmidt Well Suite 42,East Lyme,Connecticut,New London County,,0,41.38470941912661,-72.25599515184676,200241.05,325387.45,141186
74ba8d3a-cfc9-86e5-f1bd-48c423fb0e38,1944-02-09,,999-44-1044,S99961920,X92129410X,Mr.,Lucius907,Edward499,VonRueden376,,,M,white,hispanic,M,New Milford  Connecticut  US,148 Ortiz Station Suite 8,West Haven,Connecticut,New Haven County,9009.0,6516,41.30523547254842,-73.00393887803492,205633.47,237275.33,132627
cee4ec1c-48de-b653-cc74-fc45a0154846,1933-01-01,2014-09-19,999-61-9255,S99926451,X52041726X,Mr.,Ben667,Darnell564,Considine820,,,M,white,nonhispanic,M,Ansonia  Connecticut  US,860 Brakus Crossroad,Fairfield,Connecticut,Fairfield County,,0,41.14893192381409,-73.27721243998472,257250.82,1633857.89,129614
d6488c09-874b-e647-2728-87b5042d9c2b,1921-12-26,2024-02-14,999-37-5734,S99956447,X32529011X,Mr.,Buck819,,Wisoky380,,,M,white,nonhispanic,M,Weston  Connecticut  US,553 Dickinson Manor Apt 77,Windsor Locks,Connecticut,Hartford County,9003.0,6095,41.936005331865026,-72.69511402292306,293778.98,560574.28,43674
385ab4f7-1fb9-82fd-9eb2-099404c96c70,1949-07-15,2016-05-16,999-70-7864,S99951831,X11338444X,Mr.,Carol737,,Tromp100,,,M,white,nonhispanic,M,Guilford  Connecticut  US,847 Beatty Street,Windham,Connecticut,Windham County,,0,41.72486898009017,-72.13844711126335,189401.47,1203334.41,4665
b630dc80-64da-02a1-6bd7-64c1c81374ea,1960-11-26,,999-29-5103,S99972566,X22236511X,Mr.,Millard193,Porfirio146,Hackett68,,,M,white,nonhispanic,M,Kensington  Connecticut  US,729 Bartell Station Unit 55,Waterbury,Connecticut,New Haven County,9009.0,6708,41.56975297507574,-73.09665915622176,203954.85,47866.22,41650
87618ed0-c678-358a-f247-9948ee3f0d13,1933-01-01,2012-01-13,999-33-1701,S99948021,X98002347X,Mr.,Randell912,Dick869,Dibbert990,,,S,white,nonhispanic,M,Watertown  Connecticut  US,953 Reynolds Annex,Fairfield,Connecticut,Fairfield County,,0,41.13639416085346,-73.28093308403257,255627.52,1084815.19,129614
96327086-c0c9-9196-f811-4b9750cbe772,1924-04-12,1984-07-21,999-86-5337,S99995682,X06376206X,Mr.,Irvin970,Alonso270,Bauch723,,,M,white,nonhispanic,M,Waterbury  Connecticut  US,231 Stamm Mews,Stamford,Connecticut,Fairfield County,9001.0,6903,41.13057469751407,-73.54251239477534,747252.24,1966526.97,8757
0f7ac722-3690-ede2-1b5c-0eda6025a24d,1933-01-01,2007-06-15,999-46-9035,S99920427,X14017895X,Mr.,Davis923,,Lubowitz58,,,M,white,nonhispanic,M,Hamden  Connecticut  US,999 Davis Fort,Fairfield,Connecticut,Fairfield County,,0,41.164297008503745,-73.25913442055563,254039.45,1051679.92,129614
62ded7a0-de77-d46e-a0d3-7850059a58e1,1936-03-08,,999-86-8455,S99941131,X71660995X,Mr.,Alfredo17,,Sarabia507,,,S,white,hispanic,M,Ponce  Puerto Rico  PR,682 Skiles Trailer,East Windsor,Connecticut,Hartford County,,0,41.92013197406191,-72.56895830867023,343394.33,1030856.37,467697
fa9c29dc-e4c4-0535-52f5-539b22f1dfad,1937-07-04,,999-14-4235,S99987847,X89119154X,Mr.,Lonnie913,Long300,Collier206,,,M,white,nonhispanic,M,Waterford  Connecticut  US,806 Nicolas Overpass,Wallingford Center,Connecticut,New Haven County,,0,41.40336225793354,-72.86262765923352,275943.74,616609.52,36016
f296ef51-eaa4-c598-564e-a7cd1c599e80,1924-04-12,2009-04-07,999-59-7560,S99932550,X28519092X,Mr.,Chong355,Nelson403,Gleichner915,,,S,white,nonhispanic,M,Windham  Connecticut  US,772 Barton Viaduct Apt 21,Stamford,Connecticut,Fairfield County,9001.0,6901,41.07720557431918,-73.5643265466757,239073.91,2111738.61,8757
be247a81-f73a-6bd5-8926-4f0b14291f59,1960-04-12,,999-73-1659,S99989611,X68992567X,Mr.,Rosendo998,,Halvorson124,,,S,white,nonhispanic,M,Hazardville  Connecticut  US,566 Upton Grove,Ansonia,Connecticut,New Haven County,9009.0,6418,41.31692395822159,-73.08181940721636,153119.85,354490.32,189449
55df8815-000e-0754-42d7-6070c7c446c6,1955-05-27,,999-53-2008,S99931590,X41675304X,Mrs.,Rosa195,Olivia294,Pagan507,,Cervántez278,M,white,hispanic,F,Portsmouth  Saint John Parish  DM,221 Haag Terrace Unit 81,Hamden,Connecticut,New Haven County,,0,41.364090853519784,-72.90938818549971,362641.27,1014818.44,133131
47c274a0-2625-23a2-98c1-34b75344a681,1924-04-12,2012-02-15,999-44-9370,S99977724,X94662971X,Mr.,Damon455,Donn979,Leuschke194,,,D,white,nonhispanic,M,Waterbury  Connecticut  US,907 Dickens Pathway Unit 55,Stamford,Connecticut,Fairfield County,9001.0,6902,41.0697977989783,-73.62148187293332,17721.72,483072.09,8757
d67076d3-1812-054f-a809-b9b019c3d8a7,1924-04-12,2019-11-04,999-11-5816,S99918396,X95063885X,Mr.,Miles206,Hayden835,Hilll811,,,W,white,nonhispanic,M,Barkhamsted  Connecticut  US,348 Feil Station Suite 78,Stamford,Connecticut,Fairfield County,9001.0,6903,41.06356335768423,-73.50300567403107,15751.92,595114.65,8757
8e56539f-2e0a-0ab8-5590-98e30e51ad1b,1954-07-02,,999-99-6104,S99950990,X45751193X,Mr.,Olin642,,Spencer878,,,M,white,nonhispanic,M,Niantic  Connecticut  US,768 Schimmel Plaza Unit 46,New Britain,Connecticut,Hartford County,9003.0,6053,41.6747546468844,-72.81473443343614,184576.85,162932.56,35879
6c857d4f-fd2d-9139-5061-a6d91caa0d3e,1962-06-25,,999-32-5890,S99915037,X05940073X,Mr.,Evan94,Mario764,Cronin387,,,M,white,nonhispanic,M,Easton  Connecticut  US,939 Block Manor Unit 52,Chaplin,Connecticut,Windham County,,0,41.83011629447647,-72.0831316414299,130812.92,131325.57,106998
3e5212f1-daf7-3d2c-6f7d-bb7dab852394,1964-05-27,2007-03-14,999-60-4702,S99920655,X33084391X,Mrs.,Myrna889,Lia388,McLaughlin530,,Shields502,M,other,nonhispanic,F,Willimantic  Connecticut  US,347 Strosin Ferry Apt 8,Trumbull,Connecticut,Fairfield County,9001.0,6611,41.29065054571933,-73.17400538960959,167499.99,1080819.44,227169
43314060-3156-fb4b-6cee-5d989b585481,1924-04-12,2009-12-23,999-83-6109,S99990515,X77026026X,Mr.,Wilfredo622,Vince741,Spinka232,,,M,white,nonhispanic,M,Westport  Connecticut  US,995 Ryan Mews Suite 39,Stamford,Connecticut,Fairfield County,9001.0,6902,41.0678864408432,-73.51795409398531,53335.15,1096763.73,8757
911edce2-53fb-8025-a6b0-02919722ae37,1956-10-02,,999-58-9231,S99993301,X29672142X,Mr.,Eusebio566,Alan320,Schuster709,,,M,white,nonhispanic,M,Trumbull  Connecticut  US,619 Watsica Pathway Apt 5,Westport,Connecticut,Fairfield County,9001.0,6880,41.080676801931254,-73.35930916959616,134362.95,165958.79,67093
a26f041c-9673-702b-66f7-4c795d1849d7,1921-08-21,,999-85-1544,S99910870,X43093793X,Mrs.,Marsha122,Maryland870,Frami345,,O'Keefe54,W,white,nonhispanic,F,Thompson  Connecticut  US,572 Borer Drive Apt 60,Southport,Connecticut,Fairfield County,9001.0,6890,41.12152455754669,-73.29707746068047,525410.07,2370399.48,55853
0ba1d6c0-a844-8aa0-e5cf-6d5c7f94bd5e,1966-11-20,,999-10-7235,S99930730,X94919022X,Mr.,Kelvin159,,Corkery305,,,M,white,nonhispanic,M,Norwalk  Connecticut  US,1084 Fay Arcade,Mansfield,Connecticut,Tolland County,,0,41.763061052746494,-72.26740484563129,183385.98,63835.73,980756
3c02386f-f731-aba4-262e-ed0e7c0e586a,1959-10-18,,999-89-6312,S99963618,X14543462X,Mr.,Earle679,Jon665,Weissnat378,,,D,white,nonhispanic,M,Manchester  Connecticut  US,809 Durgan Knoll Suite 50,Darien,Connecticut,Fairfield County,9001.0,6820,41.124343156162304,-73.44087302037987,218616.9,190235.11,180690
269c6349-adb6-2e23-8c92-7312b9604212,1940-10-20,,999-52-3541,S99912944,X12997515X,Mr.,Joaquin141,Laurence43,O'Connell601,,,M,white,nonhispanic,M,Fairfield  Connecticut  US,978 Padberg Flat Apt 92,Stamford,Connecticut,Fairfield County,9001.0,6831,41.08692574511543,-73.55335023989389,41079.27,699419.62,8757
aaf37856-ae5b-6196-9585-2e75d635e267,1943-11-24,2009-03-29,999-96-2549,S99950838,X40926419X,Mr.,Armand155,Pat3,Hessel84,,,M,white,nonhispanic,M,Meriden  Connecticut  US,722 Hoppe Promenade,Stamford,Connecticut,Fairfield County,9001.0,6906,41.102559483596835,-73.47919907685508,20383.36,426179.07,11040
6d134d63-7256-c2d1-6360-f249511f007c,1926-01-02,2024-07-20,999-20-5230,S99984350,X18335959X,Ms.,Elane105,,Collins926,,,S,white,nonhispanic,F,Bridgeport  Connecticut  US,1082 Kirlin Flat,Enfield,Connecticut,Hartford County,,0,42.028417517476434,-72.59543847632906,953442.31,1375841.66,44974
114ee791-77a1-84bf-4702-2b01a2565fed,1954-06-21,,999-43-8263,S99959756,X17275775X,Mrs.,Neoma676,Anita473,Boyle917,,McKenzie376,M,other,nonhispanic,F,Simsbury Center  Connecticut  US,241 Steuber Terrace,New Milford,Connecticut,Litchfield County,9005.0,6776,41.59836257097376,-73.45765900075594,679416.71,362643.64,47023
c58a2b27-e0af-ad3d-c24b-9f09f4e61b75,1917-05-19,,999-75-3416,S99919352,X66678417X,Mr.,Raymon366,Roy364,Koepp521,,,M,black,nonhispanic,M,Ridgefield  Connecticut  US,160 Parisian Rapid,Northwest Harwinton,Connecticut,Litchfield County,,0,41.75596621053803,-73.06502658483447,495071.09,3069973.18,100569
99d64b6b-34e8-995b-4031-eba45ae59feb,1952-07-11,,999-69-9457,S99995327,X05206842X,Mrs.,Ashli227,Toby274,Dibbert990,,Greenholt190,M,other,nonhispanic,F,Eastford  Connecticut  US,239 Mraz Village Suite 93,Hartford,Connecticut,Hartford County,9003.0,6106,41.74076674621135,-72.64631064725774,277989.13,1437233.51,29762
2127c2fd-5ef7-0465-fe29-5cc5b2e1e89f,1926-01-02,2007-04-26,999-37-8831,S99984041,X19087967X,Ms.,Regine404,Marguerite497,Welch179,,,S,white,nonhispanic,F,Riverside  Connecticut  US,383 Dooley Fort Unit 5,Enfield,Connecticut,Hartford County,,0,41.982079238216755,-72.5999322883348,395836.81,498695.17,44974
bcc7fdd6-c07b-058f-7838-f010cddf178d,1943-12-20,2017-12-22,999-76-4707,S99920131,X39728349X,Mr.,Josh874,Stefan297,Roberts511,,,D,asian,nonhispanic,M,North Haven  Connecticut  US,717 Heathcote Parade,Glastonbury Center,Connecticut,Hartford County,,0,41.74161788145594,-72.58595056789956,637553.23,1106566.85,83269
279091de-0f4a-1615-80ee-6d9bfc792878,1949-06-21,2026-07-22,999-18-1001,S99972822,X09107283X,Mr.,Lou594,Rhett759,Schaden604,,,S,white,nonhispanic,M,Groton  Connecticut  US,852 Hand Boulevard,Monroe,Connecticut,Fairfield County,,0,41.327290784212735,-73.19448740392134,170403.15,161543.56,35726
c363ff78-c6ab-ba78-16ce-f7f47507e6f4,1932-12-30,2021-08-23,999-16-7221,S99916690,X25330931X,Ms.,Elease461,Kirby843,Abbott774,,,S,black,nonhispanic,F,Stamford  Connecticut  US,864 Raynor Lane Apt 99,Danbury,Connecticut,Fairfield County,9001.0,6810,41.42629624425151,-73.42991419141332,1194273.42,382655.43,107526
1b0d8059-b4fe-b520-3e4d-53ccfad5cbeb,1935-07-11,,999-21-7111,S99930862,X65596121X,Mrs.,Elodia940,Ressie457,Dibbert990,,Smith67,M,black,nonhispanic,F,New Haven  Connecticut  US,641 Wisoky Gardens,Hamden,Connecticut,New Haven County,,0,41.37704868068551,-72.94199062471591,1884948.21,1695569.4,66375
b13129a3-a9cb-7f9d-0cbd-faa80712b20a,1932-12-30,,999-92-7785,S99935195,X58912134X,Mrs.,Bertie593,Kathi607,Blanda868,,Schamberger479,M,black,nonhispanic,F,Hartford  Connecticut  US,770 Williamson Crossing,Danbury,Connecticut,Fairfield County,9001.0,6810,41.50635436886394,-73.35456143219713,1395404.57,711782.64,107526
91a12511-cbc7-f680-6c01-f0adc16620b9,1949-04-29,2014-12-12,999-45-3639,S99920184,X54558794X,Mrs.,Tomiko229,Carlie972,Champlin946,,Gorczany269,M,white,nonhispanic,F,Watertown  Connecticut  US,718 Muller Extension,Manchester,Connecticut,Hartford County,9003.0,6040,41.76437248618362,-72.51023860896431,1046748.49,971683.01,67701
1c115352-2f5c-2756-2a8e-a97e48e7969f,1952-11-21,,999-71-1885,S99964914,X07146741X,Mr.,Leonel449,Earl438,Ernser583,,,M,white,nonhispanic,M,South Windsor  Connecticut  US,496 Nader Street Unit 44,Norwich,Connecticut,New London County,9011.0,6389,41.56211328849328,-72.06577131831348,448785.49,684943.46,44982
cf7dcbbc-50b6-9a88-5350-3d2dfea6b8c6,1936-06-25,2003-03-13,999-55-4284,S99944059,X93081063X,Ms.,Odette203,Casey401,Hessel84,,,S,white,hispanic,F,New Milford  Connecticut  US,743 Hirthe Park,Middletown,Connecticut,Middlesex County,9007.0,6457,41.55832466741763,-72.6404474304237,224435.81,979073.49,33065
a2dafc1c-4eb1-f7f3-9da8-bb08f57e3493,1926-08-24,,999-82-6131,S99941082,X88932953X,Mr.,Carlos172,Roberto515,Rosario163,,,M,asian,hispanic,M,Santiago  Santiago Province  CL,471 Hayes Wynd,Norwich,Connecticut,New London County,9011.0,6380,41.58678295260667,-72.08468603787315,359708.91,681059.12,61820
c300d851-e09c-2fd2-f455-e6b69bdd0b2c,1961-01-18,,999-32-4589,S99937252,X91959902X,Mr.,Neal874,Roman389,Dare640,,,M,white,nonhispanic,M,Bridgeport  Connecticut  US,830 Dickens Byway Apt 3,Rockville,Connecticut,Tolland County,,0,41.8395532652119,-72.4019701804333,45492.01,1634141.9,18637
16da8683-5c3a-5b38-5828-e4c6240d116a,1969-03-07,,999-80-8361,S99911128,X47150379X,Mrs.,Ariana988,,Bins636,,Wunsch504,M,white,nonhispanic,F,New Milford  Connecticut  US,879 Jacobson Rapid Suite 64,Manchester,Connecticut,Hartford County,9003.0,6042,41.74179172036089,-72.57029173971968,481821.97,1201644.72,526632
000b82e9-a94c-4546-4c00-9f62f54e0d9c,1946-11-12,,999-43-4569,S99945033,X12484634X,Mr.,Logan497,Aurelio227,Skiles927,,,M,white,nonhispanic,M,West Haven  Connecticut  US,144 Gutmann Alley,Bridgeport,Connecticut,Fairfield County,9001.0,6605,41.25954236119167,-73.17601643968837,160614.9,856400.61,34777
8e90928e-3638-a3d9-89e1-96b5fa223286,1948-11-11,,999-27-4685,S99935456,X16075039X,Mr.,Vance413,Tuan998,Koepp521,PhD,,S,white,nonhispanic,M,Brookfield  Connecticut  US,567 Haag Corner Apt 9,Coventry Lake,Connecticut,Tolland County,,0,41.74850182215977,-72.30141614128286,47227.71,885501.12,19970
41da79a2-be7b-51af-414e-20e259eeeeaa,1952-05-24,,999-90-5767,S99933300,X63674663X,Mrs.,Agueda283,Jennell254,Zieme486,,Marquardt819,M,white,nonhispanic,F,New Milford  Connecticut  US,751 McKenzie Gardens,Middletown,Connecticut,Middlesex County,9007.0,6457,41.53684753649869,-72.66639549830815,21851.86,2044409.36,4608
733eb886-c657-7f2d-3d78-c9c2bf8f384f,1939-08-25,,999-41-8410,S99982774,X08972673X,Mr.,Mack300,Antwan357,Bauch723,,,M,white,nonhispanic,M,West Haven  Connecticut  US,616 Muller Crossing Apt 72,Bristol,Connecticut,Hartford County,9003.0,6062,41.64565598615141,-72.90469142561062,343202.08,751728.2,67025
75414fa5-bb75-c9f8-3afd-71b3acc67375,1971-02-07,,999-41-9946,S99930495,X36832168X,Mr.,Eusebio566,Jamison785,Franecki195,,,M,white,nonhispanic,M,East Hartford  Connecticut  US,510 Kiehn Throughway,New Milford,Connecticut,Litchfield County,9005.0,6776,41.63470350576876,-73.39533203342155,164087.37,51593.45,145503
a543da2c-4165-8890-13a1-ea42b5ea5cb6,1923-08-21,,999-67-8360,S99931849,X10483857X,Mrs.,Tobi258,Eleonora961,Gottlieb798,,Rohan584,D,black,nonhispanic,F,Waterbury  Connecticut  US,996 Baumbach Pathway,West Hartford,Connecticut,Hartford County,9003.0,6105,41.82262101683946,-72.78547754002032,1071482.65,709311.98,94164
99f96999-a094-26ed-10f6-d3ed150bf767,1948-10-29,,999-77-5391,S99933103,X30731398X,Ms.,Crystle668,Lorrie905,Langosh790,PhD,,S,black,nonhispanic,F,Wilton  Connecticut  US,422 Heathcote Dam,Stratford,Connecticut,Fairfield County,9001.0,6607,41.25594406063037,-73.16846324064221,440802.35,1197912.53,124164
8e170474-1f7b-298a-658d-262dea54f365,1951-11-26,,999-78-1637,S99948331,X35732547X,Mr.,Felipe97,Johnny786,Kris249,,,M,white,nonhispanic,M,Plainville  Connecticut  US,374 Runte Walk Unit 78,Willimantic,Connecticut,Windham County,9015.0,6226,41.715308761029895,-72.16819142947206,249434.35,286016.35,130283
6b9c9921-88eb-a807-9025-ce353802482e,1950-07-06,,999-23-4666,S99930778,X77024434X,Ms.,Prudence900,,Gerhold939,,,S,white,nonhispanic,F,Pawcatuck  Connecticut  US,252 Terry Overpass,West Simsbury,Connecticut,Hartford County,9003.0,6092,41.920853132327046,-72.84761593810966,184493.62,896335.94,802772
d97e089e-1f0c-e2f6-af5b-644b639c9369,1944-12-18,,999-69-9644,S99927801,X00613204X,Mr.,Allan198,Clint766,Price929,,,M,white,nonhispanic,M,Stamford  Connecticut  US,403 Homenick Fort Unit 46,Enfield,Connecticut,Hartford County,,0,41.979002971232994,-72.57695211250835,203523.86,233524.94,121014
7e3c78b0-5c57-5b60-1e25-cdd78d1e4c44,1938-11-12,2003-11-01,999-21-9396,S99996095,X44280248X,Ms.,Nickole723,Tanya49,Koss676,,,S,white,nonhispanic,F,Bristol  Connecticut  US,970 Watsica Crossroad,Cheshire,Connecticut,New Haven County,9009.0,6410,41.54389661764733,-72.88204331881556,431728.69,1110892.22,139304
91802791-ca22-0fad-7a98-c86fba74c569,1946-09-11,,999-95-5831,S99916450,X36395160X,Mrs.,Marvis190,,Wunsch504,,Rogahn59,M,white,nonhispanic,F,Somers  Connecticut  US,568 Reichert Rapid,Pawcatuck,Connecticut,New London County,9011.0,6379,41.33021586205794,-71.81036704321025,491570.47,1538981.86,158649
e9334cc8-c04e-14b2-1888-922d50a0b530,1938-11-12,,999-56-6167,S99958871,X02572440X,Ms.,Clorinda310,Dagmar148,Gibson10,,,S,white,nonhispanic,F,New Haven  Connecticut  US,401 Armstrong Lock Apt 84,Cheshire,Connecticut,New Haven County,9009.0,6410,41.46485686340056,-72.8674902633353,335161.87,794301.71,139304
489831dd-3b47-f6fc-26ba-e4c58455d4ce,1921-02-02,1981-01-18,999-27-8626,S99985580,X09381503X,Ms.,Cassi819,,Cartwright189,PhD,,S,white,nonhispanic,F,New Haven  Connecticut  US,279 Paucek Course,Cheshire,Connecticut,New Haven County,9009.0,6410,41.5506453577088,-72.93364607779193,341405.36,366610.63,155025
54fd3fca-9ce4-5119-6192-c719e9dbc3fc,1954-01-15,,999-17-8881,S99970801,X91514644X,Mr.,Kennith515,Donnell534,Wisozk929,,,D,white,hispanic,M,Shelton  Connecticut  US,763 Lesch Ranch,Hartford,Connecticut,Hartford County,9003.0,6120,41.73255428894927,-72.63995029768597,217126.81,146831.97,48970
cc2c1be2-cfa3-414f-4ad5-be194ace915d,1949-12-10,,999-69-3687,S99914918,X73951743X,Mrs.,Rozanne215,Shiela18,Reilly981,,Shields502,M,white,hispanic,F,Stratford  Connecticut  US,921 Tillman Alley,New Britain,Connecticut,Hartford County,9003.0,6052,41.70536088828477,-72.82090074870739,790622.88,610292.08,71290
4abda2bc-78e7-2452-e1c1-455e3bb625be,1923-10-22,,999-39-4407,S99992021,X23456967X,Mr.,Mitch821,Andy346,Gutmann970,,,M,white,nonhispanic,M,Hartford  Connecticut  US,181 Bartoletti Crossing,Bethlehem,Connecticut,Litchfield County,9005.0,6751,41.63091682723808,-73.2279605324148,259172.0,2378840.17,174007
7fc54b6b-fdde-69fd-801e-7f450fb442b5,1968-08-01,,999-89-3649,S99911959,X71941134X,Mr.,Cornelius968,,Kreiger457,,,M,black,nonhispanic,M,West Hartford  Connecticut  US,520 Bergnaum Divide Unit 20,Prospect,Connecticut,New Haven County,,0,41.46682771684537,-73.01998688964353,199409.43,256332.11,195292
d9f0bcdd-332c-09a5-a185-8f36180a0263,1950-06-01,,999-83-3320,S99954129,X82086860X,Mr.,Clemente531,Octavio643,Segovia340,,,S,white,hispanic,M,Tegucigalpa  Francisco Morazán  HN,916 Balistreri Junction,Windsor,Connecticut,Hartford County,,0,41.89563123377816,-72.69082758421399,210209.09,282269.25,149481
0385fb2d-5f8a-6585-8d4e-fcc0955b346e,1969-08-02,,999-32-8019,S99990044,X17138330X,Mrs.,Lola232,Pilar644,Vergara204,,Samaniego616,D,white,hispanic,F,Tegucigalpa  Francisco Morazán  HN,197 Keebler Bay,New Hartford,Connecticut,Litchfield County,,0,41.79787486321176,-73.03724021648625,782365.6,90308.59,108257
a826890b-da00-0249-17b8-e5ece428bc77,1957-05-08,,999-29-5787,S99952693,X40626450X,Mr.,Antone63,,Kohler843,,,D,white,nonhispanic,M,Montville  Connecticut  US,761 Quitzon Dam Unit 6,East Hartford,Connecticut,Hartford County,9003.0,6042,41.81025197444339,-72.64323233510744,673244.74,385067.04,49797
8f6f9c84-5361-2a7f-ca78-2bcc253f6bc5,1961-08-15,,999-48-8759,S99914432,X33766647X,Mr.,Garfield38,,Ziemann98,,,M,white,nonhispanic,M,Storrs  Connecticut  US,685 Gottlieb Bridge,Windsor,Connecticut,Hartford County,,0,41.82512021228436,-72.66395857455714,254333.82,82555.96,530171
f36720ee-4c84-d404-ada2-c30053a937c1,1962-02-21,,999-75-7373,S99956237,X95340367X,Mr.,Rosendo998,Emil691,Kub800,,,W,white,nonhispanic,M,Storrs  Connecticut  US,359 Borer Key Suite 2,Bridgeport,Connecticut,Fairfield County,9001.0,6611,41.17159577956713,-73.1422679725084,185918.66,74374.83,67914
1cb5d765-5347-1192-38f8-f92223a86914,1961-03-01,,999-40-5757,S99992376,X73977580X,Mr.,Garfield38,Jonas187,Jenkins714,,,D,white,nonhispanic,M,Manchester  Connecticut  US,320 Pagac Brook Unit 97,Bozrah,Connecticut,New London County,,0,41.53781879079948,-72.14279506710687,188228.71,158227.12,43152
d05d370c-085c-762a-b83e-3130cc942e70,1929-10-07,2009-09-14,999-11-1850,S99941047,X41885955X,Mr.,Norbert530,Basil991,Emmerich580,,,S,white,nonhispanic,M,Coventry  Connecticut  US,460 Walter Throughway,Glastonbury Center,Connecticut,Hartford County,,0,41.70088468092901,-72.58831569625302,185546.92,308656.08,106827
669b6e4e-d1e2-2551-e11a-76f947e93f76,1929-10-07,1997-10-17,999-59-5615,S99992391,X91547380X,Mr.,Terrell212,,Schamberger479,,,M,white,nonhispanic,M,Guilford  Connecticut  US,556 Hamill Arcade Apt 80,Glastonbury Center,Connecticut,Hartford County,,0,41.751025162715976,-72.5886112585184,859340.37,216397.83,106827
6aa1eaa8-4ca7-de08-9599-0122763c1632,1942-10-10,2020-08-17,999-65-2288,S99993371,X73834869X,Mr.,Calvin845,,Schoen8,,,D,white,nonhispanic,M,Riverside  Connecticut  US,194 Kuvalis Throughway Apt 60,Lisbon,Connecticut,New London County,,0,41.55493679322005,-71.97180704049087,118817.87,2786031.07,496056
9a67fe1d-632f-35b9-2142-992cb417aeda,1954-04-08,,999-37-8426,S99972650,X82370838X,Mrs.,Tiny880,Ruby458,Fisher429,,Tillman293,M,asian,nonhispanic,F,Hazardville  Connecticut  US,1052 Cormier View Unit 24,East Lyme,Connecticut,New London County,,0,41.37900927805131,-72.24150625846865,1326414.2,277581.23,80725
27c08178-c9b0-6afb-27d4-5137ed23c5a3,1955-03-05,2022-12-31,999-37-4895,S99934044,X57681625X,Mr.,Jame231,,Dach178,,,D,white,nonhispanic,M,Seymour  Connecticut  US,853 Spinka Rue,Killingworth,Connecticut,Middlesex County,,0,41.375303029539616,-72.56735980358592,252788.31,259359.73,86865
b5386ebd-fb4e-264b-c236-59e9476d5278,1957-07-06,,999-70-5045,S99995342,X17804318X,Mr.,Tristan353,Leonardo412,Hauck852,,,D,white,nonhispanic,M,Greenwich  Connecticut  US,269 Effertz Rapid Apt 50,Canton,Connecticut,Hartford County,,0,41.85773897382011,-72.87857782403373,188668.03,47508.8,131622
432cabcb-c954-e768-2150-046bb70ce607,1929-10-07,2017-08-26,999-66-7143,S99954636,X62258728X,Mr.,Elisha578,,Osinski784,,,M,white,nonhispanic,M,North Haven  Connecticut  US,148 Stracke Terrace Apt 93,Glastonbury Center,Connecticut,Hartford County,,0,41.694715329216194,-72.63208818738268,198109.41,363191.97,106827
bc6d323e-7651-f091-8ab8-c4a0cf489fe0,1942-10-10,,999-16-9954,S99917667,X71051757X,Mr.,Ed239,Lawrence741,Romaguera67,,,M,white,nonhispanic,M,Willimantic  Connecticut  US,440 Spinka Corner,Lisbon,Connecticut,New London County,,0,41.63996492648683,-72.02411979364413,113529.14,363105.99,496056
4edb5b07-6aea-d9e8-574e-dabde3e80fc9,1929-10-07,,999-37-5620,S99949332,X41038822X,Mr.,Raymon366,Jake169,Collins926,,,S,white,nonhispanic,M,New Haven  Connecticut  US,661 Dietrich Manor Apt 45,Glastonbury Center,Connecticut,Hartford County,,0,41.734175484783286,-72.55261104557958,103809.88,1321195.75,106827
894939b4-3963-7387-f22e-6bc1b0cd815c,1964-06-29,2020-12-03,999-36-3825,S99926220,X78240245X,Mrs.,Lorrie905,,Keebler762,,Rolfson709,D,black,nonhispanic,F,Bridgeport  Connecticut  US,708 Jacobi Way,East Lyme,Connecticut,New London County,,0,41.39473813119855,-72.27623644083266,239457.07,313199.42,193158
084cf066-fdfa-bf4a-39e5-c95a17737221,1926-01-25,2009-07-22,999-59-3439,S99992825,X60699181X,Mr.,Robbie31,Tad831,Casper496,,,M,other,nonhispanic,M,Hamden  Connecticut  US,507 Satterfield Overpass,Hartford,Connecticut,Hartford County,9003.0,6110,41.85170391285047,-72.70043967577945,792235.01,1586402.93,26879
8a3db6af-1151-4fc4-d69a-b09c66e17c01,1926-01-25,2016-02-13,999-99-4736,S99926793,X42939314X,Mr.,Truman805,Ellis535,Boyle917,,,D,other,nonhispanic,M,Hamden  Connecticut  US,777 Walsh Promenade,Hartford,Connecticut,Hartford County,9003.0,6160,41.78754817237912,-72.67510872848166,189720.08,390586.34,26879
a272adf7-9439-2ecd-4a36-5a19012472d0,1946-12-12,,999-94-2258,S99959186,X18788877X,Mr.,Dudley365,Marcos263,Williamson769,,,S,black,nonhispanic,M,New Britain  Connecticut  US,579 Reichel Station,Sherman,Connecticut,Fairfield County,,0,41.59698338819742,-73.54250369414919,118076.61,443323.48,877594
fb8090da-89b7-b631-1a1e-fc8b102727c7,1942-04-16,,999-17-1727,S99991278,X82699540X,Mr.,Alberto639,Cristian531,Castellanos521,,,D,white,hispanic,M,Caguas  Puerto Rico  PR,366 Parker Alley Unit 95,Hamden,Connecticut,New Haven County,,0,41.41110182991962,-72.89678412939627,264252.96,267029.23,65669
e8a75bbe-b103-83d9-2e87-6d7816f018b7,1926-01-25,1992-05-26,999-65-5399,S99970039,X82533627X,Mr.,Rob341,,Witting912,,,M,other,nonhispanic,M,Cheshire  Connecticut  US,222 Hintz Port,Hartford,Connecticut,Hartford County,9003.0,6105,41.785425414011165,-72.65046218999643,267546.97,229433.86,26879
d1e26083-974e-8f9b-323c-c8a2a4f495e0,1916-11-16,2007-11-17,999-48-1222,S99981124,X71881497X,Mrs.,Jan231,Lizabeth515,Glover433,,Lind531,D,white,nonhispanic,F,Norwalk  Connecticut  US,261 Crona Throughway Suite 82,New Haven,Connecticut,New Haven County,9009.0,6510,41.32713265448491,-72.83264509448199,28860.38,2121655.14,18208
a889d23a-3b3c-b489-6a9f-53199c67cbfb,1954-10-27,,999-48-6880,S99966679,X78263133X,Mrs.,Goldie436,Taunya970,Ratke343,,Funk324,M,white,nonhispanic,F,Branford  Connecticut  US,681 Hartmann Common Suite 2,Deep River,Connecticut,Middlesex County,,0,41.351219228790136,-72.42846363990462,862876.15,1082898.42,44047
e519d030-21be-19e7-f0ae-be54c2beee95,1926-01-25,,999-37-6432,S99954970,X21916319X,Mr.,Shad704,Elbert916,Hahn503,,,S,other,nonhispanic,M,Cheshire  Connecticut  US,292 Schinner Way,Hartford,Connecticut,Hartford County,9003.0,6112,41.692157937085014,-72.78256610075822,435990.3,2213031.71,26879
de02c2c2-5403-8e9a-4b96-342716bca506,1947-10-13,,999-57-5044,S99989081,X57215507X,Mr.,Vicente970,Gustavo235,Mena475,,,M,white,hispanic,M,Salisbury  Saint Joseph Parish  DM,631 Simonis Way,Hartford,Connecticut,Hartford County,9003.0,6112,41.764351059371926,-72.6992076909261,259896.65,548989.64,43973
c55ff9f5-4741-2098-1dcb-169df48f4364,1965-08-10,,999-41-1204,S99947833,X86974644X,Mr.,Vaughn909,Bobbie849,Little434,,,W,white,nonhispanic,M,Monroe  Connecticut  US,521 Bednar Port Suite 28,Waterbury,Connecticut,New Haven County,9009.0,6702,41.56750932920019,-72.96756846131457,11733.29,258914.13,22028
75878dae-666f-2b00-d690-caef7dc9b9dd,1933-09-09,2013-04-14,999-47-8839,S99938567,X29734984X,Mrs.,Lashawn862,Carolyn322,Flatley871,,Ward668,M,white,nonhispanic,F,Fairfield  Connecticut  US,972 Bayer Village,Moodus,Connecticut,Middlesex County,9007.0,6469,41.52969222516034,-72.48587571645591,84254.71,1944301.82,21860
e09854ed-6d85-8134-3818-43d82005987f,1942-04-02,,999-85-1207,S99998846,X48037916X,Mr.,Rick943,Barry322,Robel940,,,M,white,nonhispanic,M,West Haven  Connecticut  US,1016 Collins Plaza Unit 97,Greenwich,Connecticut,Fairfield County,9001.0,6830,41.058740418022914,-73.63696572053304,158022.49,530190.7,31344
9708d06f-6af0-25cc-3cdc-84850bc5658f,1948-07-04,2025-01-17,999-33-1880,S99959680,X68696626X,Mrs.,Elvina437,Nichol11,Harris789,,Greenfelder433,D,black,nonhispanic,F,Newington  Connecticut  US,1073 Simonis Skyway,South Windsor,Connecticut,Hartford County,,0,41.846555264116446,-72.58265861089224,342498.63,1155778.11,27235
de0e5d48-b602-03d8-7275-9f0673b091d7,1921-05-24,1999-05-02,999-53-1132,S99988422,X47003837X,Mr.,Mateo562,Gilberto712,Nevárez403,,,M,white,hispanic,M,Caguas  Puerto Rico  PR,826 Langworth Spur Apt 92,Wethersfield,Connecticut,Hartford County,9003.0,6109,41.71563908581213,-72.70672410066457,725824.68,902269.6,47100
d4a42673-9d83-5b3e-b738-5e21f3acce41,1937-03-16,,999-94-8512,S99965028,X46469015X,Mr.,Seymour882,,Grady603,,,D,white,nonhispanic,M,Hartford  Connecticut  US,899 Schaden Stravenue Apt 0,Windham,Connecticut,Windham County,,0,41.68472671361531,-72.21333933451945,20661.52,585038.03,8937
6738e3c4-6856-16e9-20ab-d1ea234ce3f6,1933-09-09,,999-59-3145,S99990061,X60295654X,Mrs.,Cherish740,Niesha86,Roob72,,Beahan375,D,white,nonhispanic,F,Westport  Connecticut  US,307 Rosenbaum Crossing,Moodus,Connecticut,Middlesex County,9007.0,6469,41.56081193479913,-72.42527767256308,29420.5,1588433.62,21860
d0cfa220-749b-ed98-5c51-ecd0037a19fb,1961-11-21,,999-23-1158,S99987520,X62856880X,Mrs.,Katy259,Catina822,Moen819,,O'Kon634,M,white,nonhispanic,F,Bridgeport  Connecticut  US,669 Kunze Skyway Suite 87,Newington,Connecticut,Hartford County,9003.0,6111,41.73289541029545,-72.6994545800542,585315.44,554886.86,36359
ff76daae-3c97-2410-982e-154dae8454f0,1921-05-24,2003-11-04,999-79-4770,S99987871,X66583216X,Mr.,Gilberto712,José María211,Valdez992,,,S,white,hispanic,M,Mexico City  Mexico City  MX,768 McKenzie Road,Wethersfield,Connecticut,Hartford County,9003.0,6109,41.677975701003504,-72.66176623302661,396288.91,2897326.53,47100
3f8710a8-af04-8776-8adb-4a9c82164c2b,1921-05-24,,999-61-9259,S99984724,X44826903X,Mr.,Hernán834,Sergio619,Cornejo190,,,M,white,hispanic,M,Caguas  Puerto Rico  PR,640 Bailey Road Unit 17,Wethersfield,Connecticut,Hartford County,9003.0,6109,41.74279301838848,-72.70238863870871,169805.25,469074.82,47100
2173dc20-eac1-fe44-54b9-251333756b1d,1931-10-16,2006-05-30,999-11-4655,S99995506,X62814798X,Mr.,Odell776,,Fisher429,,,D,white,nonhispanic,M,Westport  Connecticut  US,859 Cassin Flat,Killingworth,Connecticut,Middlesex County,,0,41.36480053218619,-72.54562809381633,549452.53,319936.66,49360
455d7402-430e-a8e8-1e84-7c691b46e717,1956-06-14,,999-63-8857,S99948207,X73357812X,Mr.,Cary869,Rusty501,Greenfelder433,,,M,black,nonhispanic,M,New Canaan  Connecticut  US,785 Wolff Trace Unit 55,Enfield,Connecticut,Hartford County,,0,42.00173569884508,-72.54202864301932,133839.55,397966.05,97457
9ef0ce17-ded8-ef78-27d8-5f56e9966fd1,1954-05-04,,999-70-1395,S99984277,X35514928X,Mrs.,Lavelle273,Emogene884,Grady603,,Steuber698,D,white,nonhispanic,F,Middletown  Connecticut  US,157 Upton Manor Unit 1,Ridgefield,Connecticut,Fairfield County,9001.0,6877,41.26791877603908,-73.44996342291805,446335.51,1113347.5,508509
2bebfdb9-5587-358c-5d0d-9656c33966e5,1974-04-13,,999-58-1849,S99934899,X95822787X,Mr.,Donnie175,Lemuel304,Cormier289,,,S,asian,nonhispanic,M,Danbury  Connecticut  US,442 Rosenbaum Dale Suite 64,Middletown,Connecticut,Middlesex County,9007.0,6457,41.59198030991149,-72.6171347882419,226700.02,0.0,94660
61ead02a-7835-659f-c4ae-6b27836901a9,1979-12-07,,999-99-8667,S99997289,X16748974X,Mr.,Gabriel934,Clement78,Fritsch593,,,M,white,nonhispanic,M,Orange  Connecticut  US,496 Will Promenade,Vernon,Connecticut,Tolland County,,0,41.81504500146609,-72.48638302741877,11874.03,254885.81,22029
8045404e-0e54-89d9-0dd8-3df463602752,1951-12-05,,999-17-2890,S99957516,X42152350X,Mr.,Fletcher87,Harry448,O'Hara248,,,D,white,nonhispanic,M,Kent  Connecticut  US,414 Swift Dam Suite 98,Guilford Center,Connecticut,New Haven County,,0,41.28029779132424,-72.64540212920376,175347.71,234271.53,38775
d0755fcc-4bba-091e-dd22-47a9c8354b3c,1959-05-14,,999-75-4351,S99987003,X32136896X,Mr.,Terrence276,Charles364,Swaniawski813,,,W,white,nonhispanic,M,Kensington  Connecticut  US,157 Little Trace Unit 97,Stratford,Connecticut,Fairfield County,9001.0,6607,41.294813086247224,-73.25075686230385,180581.53,181464.88,89940
f5162b5e-5158-3ac6-6def-1692b122ac33,1935-07-15,2018-05-25,999-35-4784,S99955982,X79587333X,Mr.,Bradford382,Jermaine675,Tremblay80,,,W,white,nonhispanic,M,Hartford  Connecticut  US,346 Carter Annex,Bloomfield,Connecticut,Hartford County,,0,41.85228258007229,-72.73724759658805,21100.15,624815.33,21671
5dfacb29-8f44-0e75-4d05-cec950fc6d0a,1962-12-30,,999-49-2719,S99942197,X22214507X,Ms.,Marguerite497,Lily490,Fadel536,,,S,white,nonhispanic,F,Old Greenwich  Connecticut  US,703 Upton Mall,Wallingford,Connecticut,New Haven County,,0,41.47549774122618,-72.77596917482904,199047.45,1203378.42,155076
9fff4cfd-2391-82df-5f21-b9667e5ae7a3,1954-01-01,,999-56-9628,S99938775,X87803344X,Mr.,Shannon293,Sung603,Schmidt332,,,M,white,nonhispanic,M,Durham  Connecticut  US,152 Monahan Crossroad Apt 98,Hartford,Connecticut,Hartford County,9003.0,6112,41.69865116804233,-72.73407209928615,230074.36,93445.86,41182
7595de5e-e265-4cd3-5a5b-53467ab4e486,1942-08-03,,999-54-1996,S99968279,X70996386X,Mr.,Tom274,Rogelio17,Sporer811,,,M,white,nonhispanic,M,Hartford  Connecticut  US,859 DuBuque Burg Suite 0,Mystic,Connecticut,New London County,9011.0,6355,41.41499504211003,-71.97998465339695,222184.47,383399.48,124292
103d62e7-2bd1-52f0-175a-37f7b33077c9,1969-03-31,,999-28-8582,S99951509,X13602799X,Mrs.,Corinne382,,Halvorson124,,Halvorson124,M,white,nonhispanic,F,Burlington  Connecticut  US,812 Carroll Station,Haddam,Connecticut,Middlesex County,,0,41.48948407664761,-72.58006299038026,86708.82,1304644.16,166555
be7844d0-c770-bbd0-8706-f134894a5652,1971-09-08,,999-17-6278,S99971985,X90996499X,Mr.,Coy949,Alfonso758,Kertzmann286,,,M,white,nonhispanic,M,Enfield  Connecticut  US,160 Ferry Row,Portland,Connecticut,Middlesex County,9007.0,6480,41.626346710641585,-72.54526962369512,85294.05,131542.41,246356
837417d5-9194-4230-17a5-54f7a84511dd,1952-09-07,,999-91-1803,S99927202,X95374770X,Mr.,Gus973,,Berge125,,,M,white,nonhispanic,M,Meriden  Connecticut  US,614 Jakubowski Gate,Manchester,Connecticut,Hartford County,9003.0,6040,41.79545756140496,-72.565144565886,243250.14,183503.45,89369
bf548db7-5b64-6f68-c7b1-83d9105d1971,1977-03-30,,999-21-1605,S99988519,X34583232X,Mr.,Cody889,Aldo414,Kovacek682,,,S,white,nonhispanic,M,Norwich  Connecticut  US,289 Bernier Club,Stamford,Connecticut,Fairfield County,9001.0,6903,41.1124710686199,-73.54600523835578,53662.75,100066.24,27794
88beb624-6e66-aa7d-7d35-4530d956d5a8,1962-10-17,,999-19-4641,S99924709,X54497961X,Mrs.,Veronica155,Petronila724,Marvin195,,Legros616,D,white,nonhispanic,F,Essex Village  Connecticut  US,1048 Flatley Highlands Apt 73,Bridgeport,Connecticut,Fairfield County,9001.0,6607,41.22450311113259,-73.19405539273123,798204.12,879886.21,76926
0cb60a7f-ddb2-c567-6b6e-b77ca140858f,1933-12-02,,999-11-2307,S99925943,X08638753X,Mrs.,Sharolyn456,Temika453,Abshire638,,Gutkowski940,D,white,nonhispanic,F,Orange  Connecticut  US,131 Hackett Gardens Suite 74,New Milford,Connecticut,Litchfield County,9005.0,6776,41.6437925610149,-73.42012473450045,798744.11,676424.74,41420
03c603ec-0b97-26e1-49f3-e6955886b1a4,1921-09-05,2005-09-21,999-15-6921,S99918433,X26004916X,Mr.,Kirby843,Theo630,Skiles927,,,D,white,nonhispanic,M,Thomaston  Connecticut  US,129 Cronin Lock,Shelton,Connecticut,Fairfield County,9001.0,6484,41.3085919826523,-73.1089706009876,360806.48,1748694.87,90167
7557d1ba-6b0c-1bd7-8846-3093865858ca,1954-11-01,,999-92-5197,S99985175,X14952577X,Mr.,Rickey821,Royal919,Kuhn96,,,M,white,nonhispanic,M,North Haven  Connecticut  US,321 Wyman Harbor Suite 76,Madison,Connecticut,New Haven County,,0,41.31011934733625,-72.6303713544237,242327.97,198761.13,79873
d8a538ec-c939-afe7-bf85-d6d445a0aba6,1928-06-07,2019-11-19,999-27-5883,S99995673,X22679842X,Mr.,Bill567,Thomas756,Padberg411,,,M,white,nonhispanic,M,Bloomfield  Connecticut  US,1045 Schaden Ferry,Hartland,Connecticut,Hartford County,,0,42.02694332625984,-73.00291930032188,180158.84,1132496.8,139025
8cfe0b83-dd7f-148e-c02a-9b153f313834,1963-06-05,,999-81-8256,S99970217,X21945102X,Mr.,Henry768,Micheal721,Price929,,,S,white,nonhispanic,M,Norwich  Connecticut  US,413 O'Connell Byway Suite 47,Manchester,Connecticut,Hartford County,9003.0,6042,41.76798070194512,-72.52680429339829,215761.77,52319.62,145350
0fafcbfb-2185-dd25-99e8-5a7c1c00a4f1,1944-10-02,,999-16-2075,S99945671,X80552933X,Mr.,Alphonso102,,Hoppe518,,,D,native,nonhispanic,M,Woodbury  Connecticut  US,140 Bauch Harbor,Southington,Connecticut,Hartford County,,0,41.57895573656187,-72.84880845088797,192614.87,374219.24,388725
b23dfb9f-0742-21f4-e58f-8f523a7257fb,1921-09-05,2001-08-20,999-22-5944,S99951734,X49038076X,Mr.,Merrill415,Reyes140,West559,,,S,white,nonhispanic,M,New Milford  Connecticut  US,964 Langosh Bay Unit 44,Shelton,Connecticut,Fairfield County,9001.0,6484,41.33859225124195,-73.13789149259634,722482.99,623961.66,90167
1c055ae6-e4be-971e-1154-05b8019ea8ff,1967-01-12,,999-16-9195,S99923248,X11708099X,Mr.,Malcolm243,Leif534,Bayer639,,,M,white,nonhispanic,M,Old Saybrook Center  Connecticut  US,469 Koch Camp,Bethel,Connecticut,Fairfield County,9001.0,6810,41.35123889917199,-73.41585087969803,86162.77,185711.03,111368
ca838b05-d093-8b23-646c-e5dac0ead226,1956-10-04,,999-41-5355,S99961319,X79737153X,Mrs.,Blair400,Rutha66,Parisian75,,Casper496,M,white,nonhispanic,F,East Haven  Connecticut  US,754 Jacobi Alley Unit 33,Plainfield,Connecticut,Windham County,9015.0,6374,41.63825430562024,-71.9279611248034,367118.45,351848.59,111080
21cca3ed-bad0-7b83-483d-0447b09295de,1964-09-06,,999-26-2756,S99951951,X33438348X,Mr.,Colby655,,Towne435,,,M,white,hispanic,M,Glastonbury  Connecticut  US,691 Mayert Port Suite 55,West Haven,Connecticut,New Haven County,9009.0,6516,41.24454239639784,-72.93070654587885,217273.98,36023.14,40364
fb8f6a3e-1d08-7605-8a02-0a45ba6014b6,1927-05-01,,999-17-4988,S99912017,X83043761X,Mr.,Ian270,Moises22,Altenwerth646,,,S,asian,nonhispanic,M,Thomaston  Connecticut  US,923 Fahey Rue,Woodstock,Connecticut,Windham County,,0,41.95403240298948,-72.0451681766063,289981.89,1315323.79,124367
73178399-c8a2-6a6b-56fb-cba2d1479200,1960-06-04,,999-74-3945,S99910051,X24919799X,Mr.,Virgil85,Kip442,Konopelski743,,,S,white,nonhispanic,M,Bridgeport  Connecticut  US,676 Vandervort Promenade Apt 20,Bristol,Connecticut,Hartford County,9003.0,6013,41.72328430215019,-72.93117669010687,166603.09,61529.41,80838
7d47c38f-3220-3253-9a3d-1fac21d14719,1951-12-04,,999-97-5435,S99915440,X93071735X,Mr.,Alphonso102,Hai304,Balistreri607,,,M,white,nonhispanic,M,Thomaston  Connecticut  US,999 Kuphal Parade Unit 17,Middletown,Connecticut,Middlesex County,9007.0,6457,41.55097630535968,-72.65268890896671,16604.24,416412.33,4441
e00b6480-c8a3-9329-7100-16e590e1e53f,1971-08-25,,999-12-8444,S99983195,X91109070X,Mr.,Ray930,Lacy523,Shields502,,,M,white,nonhispanic,M,Wilton  Connecticut  US,965 Jacobson Tunnel,Riverside,Connecticut,Fairfield County,9001.0,6878,41.007414160246384,-73.57130144826853,167772.77,49128.96,465718
252bf6fb-887d-030c-ba2c-8f83dc080b66,1940-07-19,2022-10-04,999-80-1327,S99935178,X35935419X,Mrs.,Sherill945,Mayra756,Robel940,,Rogahn59,M,white,nonhispanic,F,Stamford  Connecticut  US,217 Conroy Orchard,Windsor,Connecticut,Hartford County,,0,41.86583419812013,-72.63980488167202,1951649.14,1510254.44,54365
4dc43148-62ef-8cc2-0728-3d60672ceb80,1942-04-03,,999-95-9932,S99957993,X25559693X,Mrs.,Lia388,Noelle559,Bogisich202,,Walker122,M,white,nonhispanic,F,New Haven  Connecticut  US,824 Leannon Approach,East Hampton,Connecticut,Middlesex County,9007.0,6424,41.58660182867823,-72.48572940437474,1794829.22,994710.6,106132
ca22a50d-2227-33eb-dbc8-8e14cfe18fb3,1949-05-08,,999-72-6226,S99973517,X39530944X,Ms.,Twyla619,,Ryan260,,,S,white,nonhispanic,F,West Haven  Connecticut  US,607 Orn Meadow Unit 98,Bethel,Connecticut,Fairfield County,9001.0,6810,41.38915367496326,-73.35320618133903,385058.13,1720025.75,153654
f845a1ab-1295-6904-20c4-50b1c459c8a4,1916-06-27,,999-30-5645,S99982890,X16793992X,Mrs.,Zita788,,Batz141,,Bashirian201,M,white,nonhispanic,F,Essex  Connecticut  US,863 Braun Club Apt 2,Middletown,Connecticut,Middlesex County,9007.0,6457,41.51014772932306,-72.66027180384106,763434.8,1406307.12,40063
40d59607-cbd5-6d8e-2917-8366e0f89d37,1920-11-28,,999-40-8064,S99997840,X88553177X,Mr.,Jason347,Tom274,Turner526,,,M,white,nonhispanic,M,Stafford  Connecticut  US,184 Lemke Terrace Unit 72,Cheshire,Connecticut,New Haven County,9009.0,6410,41.52675065133091,-72.87942482671023,202229.29,174113.17,192349
e05b2b70-8205-b236-362c-a41129b642fd,1957-03-21,,999-53-4671,S99940671,X84355764X,Mr.,Hugo693,Adolph80,Farrell962,MD,,M,asian,nonhispanic,M,Rocky Hill  Connecticut  US,274 Keebler Corner Apt 40,Wallingford,Connecticut,New Haven County,,0,41.4732706309991,-72.8199172252959,259170.68,160320.04,45631
e14566f8-837f-3872-3fab-a41e9a29f671,1945-11-23,2025-04-25,999-46-8536,S99918828,X34390063X,Mr.,Mitchel812,Ellsworth48,Rippin620,,,D,white,nonhispanic,M,Waterbury  Connecticut  US,442 Orn Alley Apt 78,Ledyard,Connecticut,New London County,,0,41.445430245009355,-72.03533706169819,236449.21,826590.11,137871
3f69955b-e0c1-a95b-f8c5-ee110c8364ba,1944-04-04,,999-53-2431,S99998130,X48359130X,Mr.,Reginald96,Duncan491,Keeling57,,,M,white,nonhispanic,M,Heritage Village  Connecticut  US,1067 Blick Street,Wethersfield,Connecticut,Hartford County,9003.0,6109,41.69944341630403,-72.70931295369685,242623.88,258731.24,90238
46194711-cbaa-657e-b3b9-89638f9dbb09,1949-12-29,,999-26-8414,S99935965,X50970668X,Mr.,Jacob959,Clint766,Boyer713,,,M,white,nonhispanic,M,Chaplin  Connecticut  US,596 Kautzer Gate,Stratford,Connecticut,Fairfield County,9001.0,6611,41.198391602134464,-73.13488305462931,159694.05,104421.43,37561
10a8b010-64a2-c0b7-2453-85a100c7e219,1924-11-26,2016-08-05,999-13-4822,S99917185,X17970479X,Mr.,Cleveland582,,Heaney114,,,M,white,nonhispanic,M,Willimantic  Connecticut  US,580 Hills Trail Suite 89,Glenville,Connecticut,Fairfield County,,0,40.9882111086353,-73.61480619696609,190566.36,373493.87,133139
70156601-fb15-37d7-5ad6-fcc9a65459cb,1971-07-26,,999-77-1494,S99994454,X23941711X,Mr.,Irving123,Mitchel812,Legros616,,,S,white,nonhispanic,M,Stafford  Connecticut  US,180 Douglas Union,Old Lyme,Connecticut,New London County,,0,41.29461183127077,-72.25770294211688,147643.52,74544.91,740210
f7c27195-ef2d-9627-3ac1-323493cefb55,1947-05-28,,999-82-7234,S99987067,X82904192X,Mrs.,Arletta663,,Cronin387,,Price929,M,white,nonhispanic,F,Southwood Acres  Connecticut  US,938 Blick Way,Hamden,Connecticut,New Haven County,,0,41.43963508762889,-72.88292545034241,325124.76,836422.06,168581
80ee71cd-912b-6cde-3aef-9d21770a6eed,1952-05-03,,999-95-9387,S99993082,X57138396X,Mr.,Ellsworth48,Dan465,Ruecker817,,,M,white,nonhispanic,M,Ridgefield  Connecticut  US,781 Kertzmann Run Apt 83,Waterbury,Connecticut,New Haven County,9009.0,6708,41.447903301463825,-73.03791191587878,127183.4,1063412.51,25826
a5a38615-dc8d-5868-343d-0ef5aece1214,1957-05-02,,999-37-6311,S99924581,X94930552X,Mr.,Micah422,Mason910,Welch179,,,D,white,nonhispanic,M,Stratford  Connecticut  US,579 Mraz Promenade Unit 13,Riverside,Connecticut,Fairfield County,9001.0,6878,41.04122888093672,-73.58910427243396,168321.14,72070.4,66906
11969775-e878-6669-d75a-2e22d08f8532,1970-06-12,2022-06-09,999-83-4553,S99970057,X37751271X,Mrs.,Lenore883,Luann880,Tromp100,,Grady603,D,white,nonhispanic,F,Pawcatuck  Connecticut  US,926 Yost Track,Hartford,Connecticut,Hartford County,9003.0,6160,41.82425233585579,-72.65567630831175,428982.65,1257843.74,149502
8dddf12a-dd88-ecbe-be8d-42310564fefc,1958-06-08,,999-97-9478,S99943142,X76494799X,Mr.,Claude750,Alden634,Goodwin327,,,M,white,nonhispanic,M,Deep River  Connecticut  US,723 Turner Approach Unit 88,Deep River Center,Connecticut,Middlesex County,,0,41.35701148867915,-72.44401300136761,190080.61,117233.89,134628
070710a6-ce81-d379-b09d-b2a2490e664a,1932-05-08,,999-85-3874,S99926643,X06981889X,Mr.,Reggie481,Franklyn361,Greenfelder433,,,M,hawaiian,nonhispanic,M,Hamden  Connecticut  US,679 Hansen Esplanade,Vernon,Connecticut,Tolland County,,0,41.88707597870378,-72.48864811283171,18733.57,412513.99,17333
41477b92-4992-79df-a607-3770310449d0,1954-12-08,,999-51-8014,S99986611,X45417760X,Mr.,Brain142,Sherwood961,Denesik803,,,D,white,nonhispanic,M,Stratford  Connecticut  US,951 Prosacco Trafficway Apt 79,Farmington,Connecticut,Hartford County,,0,41.74868358629198,-72.80618765858748,114352.93,254344.07,419842
7dc3ba11-f09c-6a71-8832-04cdbcbca564,1950-05-03,,999-59-3551,S99986261,X98934370X,Ms.,Marge692,Berna338,Streich926,,,S,white,nonhispanic,F,Haddam  Connecticut  US,856 DuBuque Park,Glastonbury,Connecticut,Hartford County,,0,41.6909232805964,-72.50510223583426,438995.68,347093.76,69447
35084fa8-f91d-6421-930c-dd89290d899a,1974-03-06,,999-10-1446,S99948280,X91570992X,Mr.,Kasey569,,Wintheiser220,,,M,white,nonhispanic,M,Waterbury  Connecticut  US,246 Lakin Crossing Unit 26,Wilton,Connecticut,Fairfield County,,0,41.24044269455613,-73.4208886160884,17303.26,275095.86,185662
cf4bb83b-de7b-c84c-c741-a38a016dcb85,1956-10-03,,999-53-5754,S99920594,X41818126X,Mrs.,Bernadette714,Gwyn381,Klein929,,Kassulke119,M,white,nonhispanic,F,Burlington  Connecticut  US,864 Johnson Dale Suite 50,Hamden,Connecticut,New Haven County,,0,41.44663984357141,-72.9293548866663,384385.1,1221223.28,30115
60a5c0fa-34a1-9c62-10b9-90dabff4512b,1937-01-28,2018-12-18,999-29-1407,S99954034,X01431490X,Mrs.,Silvia880,Rosa195,Abreu185,,Luevano912,D,white,hispanic,F,Havana  Havana  CU,487 Batz Village,Salem,Connecticut,New London County,,0,41.49345936103821,-72.26181741936075,200867.11,1080387.15,684543
61f6385e-f7ca-123a-d328-7f6399ae8be6,1915-12-06,,999-31-6474,S99931611,X41446209X,Mr.,Arnoldo445,Leslie90,Ritchie586,,,M,white,nonhispanic,M,Glastonbury  Connecticut  US,583 Waters Crossing,Simsbury,Connecticut,Hartford County,,0,41.85730496929263,-72.84371041924973,205550.15,1368373.98,706468
da8ac65f-0b2d-171b-921d-95e87306aa01,1958-12-09,,999-29-1246,S99964395,X28241187X,Mr.,Larry532,Johnny786,Fritsch593,,,M,white,nonhispanic,M,Bristol  Connecticut  US,482 Orn Landing Apt 11,Glenville,Connecticut,Fairfield County,,0,41.072681651548905,-73.63950849340416,209374.55,57111.05,141893
1d6d954c-b4ff-94f1-1e11-fc2a966fd6da,1945-04-14,,999-48-2592,S99990028,X04392862X,Mr.,Richie600,Jimmie93,Carter549,,,D,white,nonhispanic,M,Cheshire Village  Connecticut  US,593 Schiller Way,Manchester,Connecticut,Hartford County,9003.0,6042,41.822919585561294,-72.5707630161844,260197.06,281553.45,50900
595c8ae3-2167-d9a3-fbfa-df97769a9c71,1926-02-09,,999-78-8051,S99985859,X79712786X,Mrs.,Johnie961,,Goyette777,,Carroll471,M,white,nonhispanic,F,Vernon  Connecticut  US,626 Pagac Mall,Stamford,Connecticut,Fairfield County,9001.0,6901,41.06709740594797,-73.57953423442295,618868.8,625129.97,39591
06a64c71-735a-1b74-d00e-436cf7ea4d05,1963-03-22,,999-14-3390,S99937300,X17924245X,Mr.,Victor265,Mohammed454,Maggio310,,,M,white,nonhispanic,M,Willimantic  Connecticut  US,608 Watsica Heights,East Hartford,Connecticut,Hartford County,9003.0,6118,41.84049312115483,-72.54583502642565,267423.43,51863.57,85644
45989c6d-a847-8e1b-e547-1d77477a2f61,1953-04-09,2025-02-14,999-52-1683,S99925674,X65484654X,Mr.,Raúl937,Agustín529,Cordero852,,,M,white,hispanic,M,Wesley  Saint Andrew Parish  DM,147 Jones Knoll,Torrington,Connecticut,Litchfield County,9005.0,6790,41.79242137390135,-73.11621875595954,249384.74,1967346.18,23906
6d05fbaa-e37d-697d-2ef5-de6d7043627c,1918-03-15,2012-02-10,999-27-4646,S99943300,X24419118X,Mrs.,Alvera113,Dong972,White193,,Fadel536,M,white,nonhispanic,F,Southbury  Connecticut  US,403 Zulauf Extension,Simsbury,Connecticut,Hartford County,,0,41.911393693268224,-72.80295163764951,929214.87,609880.34,87928
994c417c-c197-f96b-1b26-f92215f2b2f8,1942-11-24,,999-21-3805,S99951852,X00964640X,Mr.,Genaro214,Colton403,Steuber698,,,M,white,nonhispanic,M,Trumbull  Connecticut  US,958 Schimmel Gate,Essex,Connecticut,Middlesex County,9007.0,6426,41.30727110602593,-72.41474671843491,245097.26,686524.82,63907
c9af7432-3e94-6edb-8b82-d384071127d8,1962-09-15,,999-77-8967,S99926327,X83156395X,Mr.,Darrell400,Sonny285,Mann644,,,M,white,nonhispanic,M,Trumbull  Connecticut  US,413 Mann Mill Suite 80,Deep River,Connecticut,Middlesex County,,0,41.360506655951525,-72.49026216369602,305866.92,0.0,89867
ee6281ec-93ac-43e8-5866-360625a126d6,1944-11-20,2011-11-08,999-21-7197,S99935857,X01217550X,Mr.,Douglass930,Eddy900,Witting912,,,M,black,nonhispanic,M,Guilford  Connecticut  US,718 Hane Hollow Unit 65,East Hartford,Connecticut,Hartford County,9003.0,6118,41.76697056450967,-72.65376302313065,516487.86,533458.43,38757
3336ec4b-1a04-ffe7-135a-5af2f253953f,1945-08-01,2025-11-14,999-56-3165,S99931645,X87931054X,Mr.,Hoyt490,Fermin479,McDermott739,,,D,black,hispanic,M,Cheshire  Connecticut  US,421 Goyette Dam,Bristol,Connecticut,Hartford County,9003.0,6010,41.71329273060944,-72.92870861570665,912542.74,1180687.11,98035
eb7b52ed-41bb-9762-000d-ea340ccd18c3,1945-08-01,,999-71-3196,S99987693,X99097278X,Mr.,Antwan357,Mckinley734,Rice937,,,M,black,hispanic,M,Winchester  Connecticut  US,967 Dicki Esplanade,Bristol,Connecticut,Hartford County,9003.0,6013,41.69116457892191,-72.86699523301094,373384.81,187454.69,98035
4630adad-f1b4-d3d9-6533-8c24ad3364c7,1944-11-20,2020-10-15,999-63-9771,S99912089,X26377229X,Mr.,Benjamin360,Ronnie7,Schmitt836,,,M,black,nonhispanic,M,Coventry  Connecticut  US,1008 Wuckert Well,East Hartford,Connecticut,Hartford County,9003.0,6118,41.70340591529151,-72.58606504413834,1214029.16,2768286.53,38757
82144d86-1e8d-082c-8e58-1973c17d446e,1951-04-26,,999-33-5130,S99916885,X81041779X,Mrs.,Elsa29,,Rentería94,,Marín855,M,black,hispanic,F,Kingston  Kingston  JM,920 Zemlak Common Unit 62,Ansonia,Connecticut,New Haven County,9009.0,6401,41.384606061819646,-73.07052741911842,342172.27,1448253.95,6792
301ea874-591c-4def-f1bd-6ff0e8600ebd,1917-07-01,,999-29-3473,S99918951,X22340856X,Mrs.,Helena807,Richelle340,Fay398,,Green467,M,white,nonhispanic,F,Farmington  Connecticut  US,723 White Mission Suite 56,Plainville,Connecticut,Hartford County,,0,41.70048215048407,-72.8296024551685,32120.17,1660208.91,12008
63ef1297-09f1-8066-9e1d-0389702753d4,1965-02-19,,999-12-4353,S99919735,X59756982X,Ms.,Niki25,Lavina533,Feest103,,,S,white,nonhispanic,F,Monroe  Connecticut  US,766 Ullrich Passage Suite 82,Stratford,Connecticut,Fairfield County,9001.0,6607,41.26471457905999,-73.13225512350384,678570.74,328488.71,94576
ffa9fb92-9226-6b55-9e75-c5ab8c7cf3a5,1959-08-29,,999-74-6563,S99953829,X31238018X,Mrs.,Rayna237,,McCullough561,,Beahan375,M,white,nonhispanic,F,Cheshire  Connecticut  US,590 Hane Fork,Seymour,Connecticut,New Haven County,,0,41.34475273422329,-73.05556721405671,451849.17,866325.22,153724
a3a76dd3-179d-5e44-c3d5-c89b89bdbf40,1942-04-04,,999-49-1569,S99957522,X72925236X,Mr.,Elton404,Pierre431,Thiel172,,,M,white,nonhispanic,M,Greenwich  Connecticut  US,435 Schowalter Ramp Apt 92,Lisbon,Connecticut,New London County,,0,41.614482105482864,-72.00333711740913,201806.51,157994.03,63903
2c4b7e88-dba6-d2ef-caca-c6a1b709c430,1983-01-14,,999-40-9475,S99929098,X65221267X,Mrs.,Kymberly381,Elvira561,Windler79,,Braun514,M,white,nonhispanic,F,Newington  Connecticut  US,663 Keebler Quay Apt 53,Waterbury,Connecticut,New Haven County,9009.0,6710,41.53512617649237,-73.05081068752935,168609.0,934258.95,32997
aae90db3-76b4-1905-a65a-bac8f444b130,1946-04-01,,999-53-8163,S99968069,X52747611X,Mr.,Lyndon118,Edmundo94,Roob72,,,M,white,nonhispanic,M,Bridgeport  Connecticut  US,958 Fritsch Ranch,Waterbury,Connecticut,New Haven County,9009.0,6770,41.58691622341308,-73.03786831824983,271943.95,157859.84,47126
4410f08b-28c5-068d-2a11-75c6f308df9c,1958-05-10,,999-54-8329,S99954437,X01849973X,Mrs.,Fallon874,Naoma512,Considine820,,Hessel84,M,white,nonhispanic,F,Waterbury  Connecticut  US,242 Huels Parade Apt 45,North Canaan,Connecticut,Litchfield County,,0,42.05026761364549,-73.29977082296006,27144.74,1210908.3,21157
7d770a25-1191-d090-807b-22e56c445cdf,1982-02-17,,999-17-2520,S99958133,X45224480X,Ms.,Kerstin790,Carley868,Koelpin146,,,S,white,hispanic,F,Prospect  Connecticut  US,959 Auer Alley Unit 35,Fairfield,Connecticut,Fairfield County,,0,41.16811270736738,-73.29401461590665,127905.47,427807.37,610148
bbe9c5b4-be8f-9349-c8c3-307187654bf9,1951-12-01,,999-72-7247,S99926078,X41676214X,Mr.,Terrell212,Douglas31,Spinka232,,,M,white,nonhispanic,M,Hamden  Connecticut  US,109 Hintz Ramp Unit 51,New Haven,Connecticut,New Haven County,9009.0,6511,41.28686468087811,-72.9598040214495,184406.47,110594.33,41833
b70455cf-5dc5-8bd7-e3c2-e040938cfea7,1961-07-25,,999-46-3764,S99936538,X43791966X,Mr.,Emilio417,Clinton763,Price929,,,M,white,nonhispanic,M,Southington  Connecticut  US,753 Buckridge Annex Apt 93,Oxford,Connecticut,New Haven County,,0,41.43338292775512,-73.11005438442436,542848.53,162516.74,44587
e5c9e0d6-be7e-a6b3-5d40-b53cef329b25,1930-04-23,,999-49-4205,S99963566,X32405834X,Mrs.,Verona337,Loreen513,Marks830,,Bode78,M,asian,nonhispanic,F,Hamden  Connecticut  US,529 Schowalter Mill,West Hartford,Connecticut,Hartford County,9003.0,6107,41.769365336280835,-72.76933642312804,1792290.67,1347570.65,47524
2b338900-5680-6b70-0bb2-6df8f7000fa9,1942-01-10,,999-41-6867,S99996499,X64393787X,Mr.,Danny396,Randall756,Bauch723,,,M,white,nonhispanic,M,Ridgefield  Connecticut  US,286 Bergnaum Grove Suite 62,Kensington,Connecticut,Hartford County,9003.0,6037,41.558549233812606,-72.81188878234899,42673.47,1810801.98,10687
2b5eb884-fe64-16dd-2297-1b11fdd12e27,1969-12-30,,999-16-9861,S99996841,X50261112X,Ms.,Emmie273,Caridad510,Lowe577,,,S,white,nonhispanic,F,Norwich  Connecticut  US,1081 Gutkowski Camp,Plainfield Village,Connecticut,Windham County,,0,41.6390601778442,-71.93614180031273,972937.69,431715.43,84782
75d83377-62f9-3cba-6154-3afe2d4232e8,1953-12-13,,999-30-3320,S99981352,X65473321X,Mr.,Randall756,Rickey821,Ziemann98,,,M,white,nonhispanic,M,Hartford  Connecticut  US,757 Dickens Brook Apt 35,Middletown,Connecticut,Middlesex County,9007.0,6457,41.54228428121945,-72.697668654227,545078.89,474087.86,66532
24973b9c-a2e8-8c9a-7da8-efac57d54bab,1924-10-13,,999-77-7154,S99984529,X98690403X,Mr.,Freeman822,,Considine820,,,W,white,nonhispanic,M,Granby  Connecticut  US,917 Wolf Camp,Torrington,Connecticut,Litchfield County,9005.0,6759,41.85432667972498,-73.14318259003491,17232.77,521272.01,7230
985230b0-6b3f-2c69-651b-916364487c6f,1928-12-31,2008-02-03,999-87-4983,S99985582,X01511165X,Mr.,Boris111,,Weber641,,,W,native,nonhispanic,M,Bloomfield  Connecticut  US,502 Olson Gate,Greenwich,Connecticut,Fairfield County,9001.0,6831,41.01522669024027,-73.6380666969049,215292.88,294046.69,135929
dc6b2772-287f-8546-1c3b-867caa409613,1951-12-04,,999-50-3472,S99971878,X91889274X,Mrs.,Anisha16,Dinorah501,Padberg411,,Ullrich385,M,white,nonhispanic,F,Enfield  Connecticut  US,622 Bradtke Landing Unit 47,East Lyme,Connecticut,New London County,,0,41.33992533192512,-72.26834449628839,195498.18,755070.96,29739
f18fbe93-db3c-107c-7fb7-54dccb25fa87,1941-06-22,,999-55-7430,S99980073,X82256744X,Mrs.,Ashton21,Meri607,D'Amore443,,Cummings51,W,white,nonhispanic,F,Trumbull  Connecticut  US,842 Mills Ranch,Waterford,Connecticut,New London County,9011.0,6385,41.36044587672722,-72.1998879334972,22294.51,1255525.95,13005
1b305d28-844b-260a-77b1-a87c58b2ceda,1947-03-23,,999-22-7287,S99912718,X32792581X,Mr.,Felipe97,,Hurtado459,,,M,white,hispanic,M,Puebla  Puebla  MX,556 Goodwin Mews,New Fairfield,Connecticut,Fairfield County,,0,41.5031624771558,-73.50103566085035,174073.77,340528.49,170876
75a9f3e3-2222-eb7f-f007-86684a5423e1,1919-12-18,,999-10-7437,S99986781,X62692867X,Ms.,Chloe501,Matha641,Jenkins714,,,S,other,nonhispanic,F,Bridgeport  Connecticut  US,647 Kling Ferry,Guilford,Connecticut,New Haven County,,0,41.36785859190306,-72.71763671718206,922398.24,580168.31,59543
cf9b68ab-bb63-69d8-a1ed-f3da6ed8a6b8,1951-10-05,,999-45-6931,S99988007,X60698696X,Mr.,Keenan632,Erick204,Harber290,,,D,white,nonhispanic,M,Stamford  Connecticut  US,109 Kuhic Junction Apt 98,East Windsor,Connecticut,Hartford County,,0,41.89601063652434,-72.5925498144539,280636.64,226955.9,64647
752af668-2aa2-68c2-19e2-ec2b00649f22,1941-11-01,,999-21-3418,S99992972,X27402565X,Ms.,Kasha638,Yasuko490,Ritchie586,,,S,white,nonhispanic,F,Higganum  Connecticut  US,334 Lebsack Rapid,Waterbury,Connecticut,New Haven County,9009.0,6704,41.5119096841472,-73.03021361418062,961454.64,198222.42,117125
a56fdd74-9075-ca17-51ed-33e3fef07407,1949-08-14,2020-10-01,999-19-3401,S99965017,X87108254X,Mr.,Homer307,Tommy814,Rath779,,,M,asian,nonhispanic,M,Cantho  Cần Thơ  VN,107 Koch Grove,Suffield,Connecticut,Hartford County,9003.0,6078,41.97263584035499,-72.66672529334835,52747.54,1313053.74,70651
8e66b164-61e5-33ce-a673-409a3ef37c01,1962-06-23,,999-90-3862,S99911044,X96329224X,Mrs.,Bee658,Toby274,Nienow652,,MacGyver246,M,black,nonhispanic,F,Stafford  Connecticut  US,1069 Conn Rapid Unit 87,Burlington,Connecticut,Hartford County,,0,41.73774280478548,-72.90910388143999,338912.05,930375.28,137078
f93e0080-94ec-5959-a271-14732c2082c1,1930-09-16,,999-13-1162,S99994988,X91632864X,Mrs.,Annette105,Ninfa662,O'Reilly797,,Harris789,M,white,nonhispanic,F,Montville  Connecticut  US,269 Schinner Mill,Enfield,Connecticut,Hartford County,,0,42.02447044872601,-72.5090618271524,782423.01,662952.59,55091
f1f194d6-418b-ae3a-6ca5-e3b84d43d276,1946-05-28,1998-12-21,999-88-6962,S99917099,X73355704X,Mrs.,Neva514,,Wunsch504,,Kshlerin58,D,white,nonhispanic,F,New Haven  Connecticut  US,1088 Sauer Parade,Wethersfield,Connecticut,Hartford County,9003.0,6109,41.675489300298366,-72.65665404235425,229706.84,845521.57,168544
2a4bf472-bcc7-8048-77cb-8bf372cf0747,1922-11-04,,999-65-5026,S99945855,X07809712X,Mr.,Riley817,Jefferson174,Lehner980,,,D,white,nonhispanic,M,Stafford  Connecticut  US,112 Lind Dale,Windsor,Connecticut,Hartford County,,0,41.885051517651576,-72.63542606273474,26360.09,483368.13,20319
cfaa1598-135e-22c8-8649-5efd3ad044f8,1954-05-08,2011-05-09,999-34-7690,S99915150,X99674864X,Mr.,Giuseppe872,Alonzo487,Effertz744,,,S,white,nonhispanic,M,Bridgeport  Connecticut  US,712 Schiller Key Apt 57,Vernon,Connecticut,Tolland County,,0,41.824749626167424,-72.49997500917581,150115.11,635204.86,31033
11d8ed80-98de-9fc6-f7e1-adb5d13701cf,1947-11-21,,999-94-7025,S99945619,X44928809X,Mr.,Dave764,Luis923,Kuhic920,,,D,black,nonhispanic,M,Bethany  Connecticut  US,618 Corkery Trail,Greenwich,Connecticut,Fairfield County,9001.0,6830,41.13751366139245,-73.65024175315523,251785.69,57272.39,37628
031c6d82-02d7-6a0e-e651-ff7399d17101,1944-10-21,,999-25-8496,S99974822,X31494746X,Mr.,Clifford177,,Green467,,,M,asian,nonhispanic,M,Hong Kong  Hong Kong Special Administrative Region  CN,675 Schinner Harbor Apt 6,Wilton,Connecticut,Fairfield County,,0,41.251489994410015,-73.43542869758436,423945.96,264137.98,83250
db88eec4-4478-301e-6d78-ede21e031fc5,1954-01-15,,999-10-6793,S99973932,X49931191X,Ms.,Cynthia180,,Reinger292,,,S,white,hispanic,F,Chaplin  Connecticut  US,934 Wintheiser Byway,Stamford,Connecticut,Fairfield County,9001.0,6903,41.10697608134328,-73.54532288118054,350157.07,935280.77,801891
2a4d801c-a078-0a2d-1747-591d8bcb7258,1981-02-27,,999-12-4080,S99990661,X97942820X,Mr.,Toney527,,Cremin516,,,S,white,nonhispanic,M,Southington  Connecticut  US,402 Mitchell Row Suite 3,Stamford,Connecticut,Fairfield County,9001.0,6902,41.07412611937754,-73.49183093571372,84828.25,129763.14,333043
4910b1fa-297d-10c6-8c3b-4518f90be2a5,1949-05-08,,999-98-9049,S99920595,X82036942X,Mrs.,Layne115,Bethel526,Gleichner915,,Sauer652,D,white,nonhispanic,F,Fairfield  Connecticut  US,447 Hilll Crossroad,Simsbury,Connecticut,Hartford County,,0,41.835379298323254,-72.78372559569264,333479.76,633256.51,252492
6192db91-5871-597c-f065-f4509546fd0a,1936-07-07,2022-10-07,999-67-1605,S99989776,X86917299X,Mrs.,Clemencia569,,Kuhic920,,Runolfsdottir785,D,white,nonhispanic,F,New Haven  Connecticut  US,920 D'Amore Course,Southington,Connecticut,Hartford County,,0,41.65655601475817,-72.84919128651563,345417.07,1710542.2,624199
f182ce1e-dd97-6a89-efba-4bd0239848e2,1947-09-17,,999-79-2417,S99988143,X32174297X,Mrs.,Markita319,Gertude950,Johnson679,,Heller342,M,white,nonhispanic,F,Middlebury  Connecticut  US,249 Bogisich Mill,Brooklyn,Connecticut,Windham County,9015.0,6234,41.812678073077514,-71.95536945552874,25095.57,1346710.47,20994
44508173-e098-2115-544f-4a3f297e428e,1939-03-18,,999-53-2035,S99980500,X33996862X,Mrs.,Benita195,,Connelly992,,Cremin516,M,white,nonhispanic,F,Branford  Connecticut  US,363 Sipes Orchard Apt 32,Cos Cob,Connecticut,Fairfield County,9001.0,6807,41.088490281606184,-73.60730407031302,321874.59,1662486.55,25915
4a83d120-77cf-9e7b-b306-56698be0d00e,1936-07-07,,999-96-1864,S99962767,X42019864X,Mrs.,Karol905,,Tremblay80,,Cronin387,M,white,nonhispanic,F,Stamford  Connecticut  US,130 O'Reilly Light Apt 5,Southington,Connecticut,Hartford County,,0,41.61037386705832,-72.9154511820866,440912.21,2122301.35,624199
9aad9206-d78f-31d7-a1fa-cfa1c36555f6,1954-03-03,,999-64-2670,S99961806,X37348463X,Mrs.,Teressa589,Dionna991,Boyer713,,Robel940,M,black,nonhispanic,F,Wethersfield  Connecticut  US,722 Kertzmann Landing Unit 41,Berlin,Connecticut,Hartford County,,0,41.6453731109954,-72.82137975479758,906705.5,801995.83,115676
e41ff390-f095-33fa-a55d-042062842dc7,1953-07-13,,999-22-2628,S99936450,X21557664X,Mr.,Moses679,Malcom15,Hoppe518,,,D,white,nonhispanic,M,Southington  Connecticut  US,328 Jacobson Dale Suite 9,South Windsor,Connecticut,Hartford County,,0,41.80956876193706,-72.57347928164013,395567.76,223061.61,107683
bf5fe3ae-ca2e-efd5-f2e9-91234a1e8b2c,1932-09-30,2005-04-12,999-92-5797,S99997978,X82279348X,Mrs.,Hae300,Naomi520,Lang846,,Harber290,M,white,nonhispanic,F,Mansfield  Connecticut  US,391 Cummings Trailer,Ledyard,Connecticut,New London County,,0,41.478966292282074,-71.99657390213693,834625.3,541382.18,60953
7f90f5b0-a4ef-35ed-25ea-91cc38c94476,1957-05-25,,999-23-2775,S99971982,X35485317X,Mr.,Terence292,,Price929,,,M,white,nonhispanic,M,Waterbury  Connecticut  US,503 Hodkiewicz Vale,Middletown,Connecticut,Middlesex County,9007.0,6457,41.52893669947535,-72.63971111912043,42630.11,730869.54,6510
a7f43849-4ebb-5194-e0ab-445400e9269f,1919-08-10,1981-11-08,999-27-4769,S99950740,X64967741X,Ms.,Kristel938,Antonia30,Wiegand701,,,S,white,nonhispanic,F,Bridgeport  Connecticut  US,880 Shields Camp,Cheshire,Connecticut,New Haven County,9009.0,6410,41.48747002669019,-72.93258012087439,17576.3,1787621.46,18274
3959e52d-2512-3d29-2e2c-53071f8daeb2,1968-06-03,,999-17-9583,S99971039,X50268463X,Mr.,Herbert830,,Rice937,,,M,asian,nonhispanic,M,Weston  Connecticut  US,1007 Deckow Esplanade,Bridgeport,Connecticut,Fairfield County,9001.0,6604,41.21007608695491,-73.22771525465282,17527.06,172015.7,368
9671ad8d-0bbb-c7cf-de13-29534479f653,1947-12-09,,999-47-8360,S99934297,X46828552X,Mr.,Barrett790,,Labadie908,,,M,white,nonhispanic,M,Norwalk  Connecticut  US,895 Rosenbaum Approach,Fairfield,Connecticut,Fairfield County,,0,41.21060402580934,-73.26361165110656,219613.36,774877.21,194004
6d8e0153-40cf-d555-dd67-a87f6fe7dc7d,1949-09-26,,999-25-9321,S99940583,X29942721X,Mr.,Lupe126,Russ979,Gislason620,,,D,white,nonhispanic,M,New Britain  Connecticut  US,594 Murphy Drive Suite 55,Newington,Connecticut,Hartford County,9003.0,6111,41.64516226054139,-72.73194291467372,322763.29,289723.01,42121
1fb90514-f7a1-b185-709f-a45cec2d43dd,1951-06-14,,999-28-5355,S99917041,X56734395X,Mr.,Buster609,Anderson154,Smith67,,,M,white,nonhispanic,M,East Granby  Connecticut  US,615 Hartmann Corner,New Milford,Connecticut,Litchfield County,9005.0,6776,41.59640359979481,-73.41729470863397,106743.12,252171.62,33005
e2e31f8a-004d-5d61-317d-dbefffd81971,1945-10-22,,999-26-4141,S99927046,X34210472X,Mrs.,Felecia131,Velia837,Keeling57,,Nader710,M,white,nonhispanic,F,Shelton  Connecticut  US,465 Ortiz Throughway,Waterbury,Connecticut,New Haven County,9009.0,6704,41.56242397585546,-73.05495037022783,630470.15,475526.44,65258
922a63c3-9a44-a7e5-1991-553f0f8f7915,1962-04-22,,999-28-7345,S99924924,X82719676X,Mr.,Nicolas769,Deangelo7,West559,,,M,white,nonhispanic,M,Shelton  Connecticut  US,194 Ziemann Club Suite 65,New Hartford,Connecticut,Litchfield County,,0,41.794892055260895,-73.00896592258249,225453.52,39991.28,68272
7026d337-3bd7-afc7-31d0-e4cb367ae346,1965-05-28,,999-90-6533,S99929248,X65896233X,Mrs.,Kristan816,,Murray856,,Mayert710,M,white,nonhispanic,F,Hampton  Connecticut  US,592 Reichel Fort,Norwalk,Connecticut,Fairfield County,9001.0,6851,41.1764647158825,-73.4006077592096,30305.55,1826585.19,7991
a827d4fb-86d2-ebf8-5fac-1625f5886964,1970-10-10,,999-52-2158,S99969203,X87606243X,Mr.,Octavio643,Cedric746,Toy286,,,S,white,nonhispanic,M,New Haven  Connecticut  US,705 Graham Vista,Stratford,Connecticut,Fairfield County,9001.0,6607,41.235325320067254,-73.10488728180353,531958.9,421466.95,91318
3875a116-44f2-fbfe-33af-f279446b21d5,1973-06-11,,999-84-2564,S99980934,X56607132X,Mr.,Mariano761,,Graham902,,,M,white,hispanic,M,Somers  Connecticut  US,582 Block Avenue,Bridgeport,Connecticut,Fairfield County,9001.0,6607,41.20834819237368,-73.18922712965524,15790.36,316980.21,2573
711ed93e-0c45-c36c-2b2f-d971bf209a8b,1955-10-02,,999-24-1576,S99951663,X82503813X,Mrs.,Alessandra932,Candance389,Schultz619,,Abshire638,M,white,nonhispanic,F,Hartford  Connecticut  US,971 Doyle Forge Suite 39,Waterbury,Connecticut,New Haven County,9009.0,6716,41.58603340516042,-73.07515868075957,30520.48,1267939.7,14622
e0c8f728-bbe8-f1f3-482d-d521d6eaed6b,1978-01-23,,999-50-3546,S99951111,X10210225X,Mr.,Alfredo17,Anderson154,Feil794,,,M,white,nonhispanic,M,Waterbury  Connecticut  US,583 Fahey Hollow,Woodbury,Connecticut,Litchfield County,,0,41.563920735673015,-73.20309145855856,186869.74,77972.73,93504
60bc7fd3-4b08-b433-5f55-f705c1ea5212,1940-02-12,,999-79-8953,S99997659,X17933675X,Mrs.,Cherlyn665,Lourie532,Stehr398,,Deckow585,M,white,nonhispanic,F,Haddam  Connecticut  US,302 Schinner Bay,Seymour,Connecticut,New Haven County,,0,41.37821756409921,-73.06039558734481,27606.51,1234364.55,13687
cd0e4925-2e42-a22e-14d5-ccc1808cc95c,1918-07-14,,999-64-6901,S99955936,X93391966X,Mr.,Rolf983,Wilfredo622,Mohr916,,,D,white,nonhispanic,M,Meriden  Connecticut  US,531 Mertz Bay Unit 95,Willimantic,Connecticut,Windham County,9015.0,6226,41.75542619687313,-72.23389080671723,186892.9,499896.84,26324
bc95028a-fb68-bc62-30a5-ab53217c3cac,1943-03-24,2021-07-07,999-91-2087,S99911442,X95512705X,Mr.,Jaime666,,Hettinger594,,,M,white,nonhispanic,M,Darien  Connecticut  US,680 Fahey Orchard Apt 38,Norwalk,Connecticut,Fairfield County,9001.0,6853,41.08823358280016,-73.39240792000396,640722.49,430154.8,445
cf40c154-1344-b072-b362-efb99e1e4bdc,1946-11-24,2011-02-17,999-58-2398,S99971932,X72900322X,Mr.,Raymon366,Louis204,Reinger292,,,S,white,nonhispanic,M,Winsted  Connecticut  US,474 Quigley Highlands,Chester,Connecticut,Middlesex County,,0,41.40105919153755,-72.53427083053899,283734.33,728038.81,138100
435809fb-ee7d-3222-2d10-6159e3690b94,1946-11-24,,999-65-8741,S99949643,X18823147X,Mr.,Quintin944,Devon268,Rogahn59,,,S,white,nonhispanic,M,Middletown  Connecticut  US,118 Emmerich Gardens Suite 50,Chester,Connecticut,Middlesex County,,0,41.44686683249408,-72.46870313365245,182125.14,277900.55,138100
ab405f24-24f0-99e8-59a4-55a149b48e0b,1943-03-24,2010-04-26,999-24-3594,S99937267,X51476100X,Mr.,Gaylord332,,Okuneva707,,,M,white,nonhispanic,M,Derby  Connecticut  US,638 Barrows Annex Unit 4,Norwalk,Connecticut,Fairfield County,9001.0,6851,41.16174702685918,-73.41948030594877,1114993.58,502565.83,445
ae2ff416-e312-8967-1671-c97e0ae79bfe,1959-01-04,,999-40-8143,S99941229,X66113418X,Mrs.,Dottie687,Carrol931,Rippin620,PhD,Sawayn19,M,black,hispanic,F,East Hartford  Connecticut  US,212 Waelchi Row Unit 98,Canton,Connecticut,Hartford County,,0,41.83518665473904,-72.91227274863716,608610.59,654272.12,84898
dbd2d954-e142-8f1c-7369-5f9fd02e38a8,1943-11-06,,999-47-7967,S99922952,X35692234X,Mrs.,Nichole96,Caprice565,Strosin214,,Heathcote539,M,white,nonhispanic,F,Montville  Connecticut  US,962 Beatty Trace,Norwich,Connecticut,New London County,9011.0,6389,41.548536670295725,-72.04340574319087,986217.53,626849.05,64113
6dd8e8a9-ca0b-86c7-7e5e-5ab7e015dde6,1943-03-24,2008-11-18,999-47-6324,S99973791,X93558593X,Mr.,Derrick232,,Bode78,,,S,white,nonhispanic,M,Woodstock  Connecticut  US,299 Von Branch,Norwalk,Connecticut,Fairfield County,9001.0,6850,41.10594461958475,-73.43698341841056,15215.84,243805.5,445
cf25b7d0-45f5-cc3b-a405-92db33e2bee9,1950-09-14,,999-50-7913,S99954675,X72011010X,Mrs.,Debi992,Daisy746,Kerluke267,,Bahringer146,M,white,nonhispanic,F,Waterbury  Connecticut  US,146 Koelpin Branch,Norwalk,Connecticut,Fairfield County,9001.0,6854,41.03428869391409,-73.37850969757147,1088586.4,194096.45,106628
782ee544-7198-86ad-9427-a369a08fd7c5,1952-03-07,,999-66-5103,S99963254,X10677047X,Mr.,Darell496,,Homenick806,,,M,white,nonhispanic,M,Mansfield  Connecticut  US,525 Watsica Haven,Somers,Connecticut,Tolland County,9013.0,6071,41.993939146829,-72.46712851557666,111617.69,385616.88,196837
9d476ce5-79aa-3b9e-1853-bacb46dad7f0,1959-05-17,,999-66-4631,S99978269,X37805394X,Mr.,Mohammed454,Gregg522,Emmerich580,,,S,white,nonhispanic,M,Hartford  Connecticut  US,937 Olson Road Apt 63,Coventry,Connecticut,Tolland County,,0,41.76845584526903,-72.37429860629317,492744.41,204534.7,83351
4f767da3-2beb-abe3-c827-7669dbf2665c,1951-01-11,,999-43-7866,S99969776,X47964483X,Mr.,Shirley182,,Boyle917,,,M,white,hispanic,M,East Haven  Connecticut  US,929 Jones Approach Apt 13,Ledyard,Connecticut,New London County,,0,41.447349106301374,-72.00120518293319,220138.34,866963.67,171490
8e6ccc39-7408-28a1-44e2-017b96e00454,1959-06-22,,999-50-6127,S99937346,X33519928X,Mrs.,Dreama246,Sharri659,Morar593,,Klein929,W,white,nonhispanic,F,Sherwood Manor  Connecticut  US,302 Erdman Heights Apt 23,East Haven,Connecticut,New Haven County,9009.0,6513,41.36055726955657,-72.80845106538635,1263333.59,366839.24,63790
949cd3b4-1794-7097-940c-d870ab48cb52,1918-07-12,,999-30-1293,S99928120,X09825218X,Mrs.,Verla696,Cristine925,Vandervort697,,Koss676,M,white,nonhispanic,F,Mansfield  Connecticut  US,1040 Raynor Crossroad,Stamford,Connecticut,Fairfield County,9001.0,6903,41.087618503822384,-73.5163415135553,304524.77,715778.4,26572
5289c04c-a54e-41f3-dde7-7b2789db96c5,1930-12-12,,999-12-4054,S99917882,X83587292X,Mrs.,Judie557,Lynelle567,Stracke611,,Pouros728,D,white,nonhispanic,F,Hartford  Connecticut  US,262 Lockman Dale,Danbury,Connecticut,Fairfield County,9001.0,6804,41.32672444815991,-73.44420296508072,1193726.22,2059607.6,35181
fbb09e5e-7042-a872-fac7-84859b657780,1943-12-10,,999-48-7790,S99967489,X46096295X,Mr.,Eduardo902,Wade235,McKenzie376,,,M,white,nonhispanic,M,Windham  Connecticut  US,132 Hammes Street,Glastonbury,Connecticut,Hartford County,,0,41.65840406037086,-72.59938716975178,131520.1,269858.48,129386
34e7c7f2-6afd-eb07-3d69-d92b02c8fb3c,1942-06-22,,999-64-9534,S99974243,X51972683X,Mrs.,Crystal2,Enid644,Doyle959,,Mann644,M,white,nonhispanic,F,East Hampton  Connecticut  US,299 Strosin Quay,Greenwich,Connecticut,Fairfield County,9001.0,6830,41.08651521682378,-73.58902341515214,1010488.54,616088.9,70448
429e941b-54a0-6954-2dec-171ad6d60360,1956-03-12,,999-94-7740,S99969686,X46279333X,Mrs.,Stephaine613,,Wunsch504,,Hand679,M,white,nonhispanic,F,Farmington  Connecticut  US,139 Towne Rest,Plymouth,Connecticut,Litchfield County,,0,41.69550659303581,-73.0345074450269,1065228.03,584710.74,47246
4bee27e8-7a99-9737-e495-b44c163fec26,1919-07-03,,999-38-2846,S99982576,X41806387X,Mr.,Dorian295,Keith571,Rau926,,,M,other,nonhispanic,M,Windsor  Connecticut  US,811 Smitham Underpass Unit 78,Stamford,Connecticut,Fairfield County,9001.0,6903,41.04873633956946,-73.62083197150505,213077.4,262328.01,37052
6d3b1639-7d1e-789a-1ad8-cdfc48fcda83,1980-02-19,,999-70-3879,S99942817,X19809972X,Mr.,Horacio317,Kirby843,Upton904,,,M,white,nonhispanic,M,Lakeville  Connecticut  US,1051 Collins Boulevard,Wallingford,Connecticut,New Haven County,,0,41.43860551116467,-72.81008250960582,29684.94,1156272.56,16199
39dc816a-f7d6-8378-8d18-099c5d4494c9,1956-12-29,,999-48-7557,S99946014,X04498630X,Ms.,Kiyoko456,Latrisha74,Bartoletti50,,,S,white,nonhispanic,F,Glastonbury  Connecticut  US,434 Johns Street Suite 58,Middletown,Connecticut,Middlesex County,9007.0,6457,41.55696361998735,-72.69018187592285,23282.93,1260179.59,18035
3b248783-bc37-933b-4d8b-14607def400a,1936-02-11,2017-12-25,999-47-5609,S99925012,X42099119X,Mrs.,Yuonne878,Dannette613,Gorczany269,,Douglas31,M,white,nonhispanic,F,Westport  Connecticut  US,655 Mayert Esplanade,Shelton,Connecticut,Fairfield County,9001.0,6484,41.31742043112036,-73.1876541185772,617180.95,576477.08,54596
36f1241d-ee4d-0883-a11b-76924bacbf12,1965-02-20,,999-51-2270,S99990652,X31056216X,Mrs.,Eva64,Blanca837,Alejandro916,,Ontiveros947,M,white,hispanic,F,Gaudalajara  Jalisco  MX,101 Stroman Course Apt 17,Guilford Center,Connecticut,New Haven County,,0,41.265614769168,-72.69568112474727,26126.8,1649197.01,17561
831d9348-d7ee-3fdb-a965-7c16a7080422,1922-06-18,2008-02-25,999-33-2865,S99925631,X38759729X,Mrs.,Soledad678,Francisca486,Vanegas191,,Corral791,M,white,hispanic,F,Caguas  Puerto Rico  PR,503 Stark Wynd,New Haven,Connecticut,New Haven County,9009.0,6512,41.33922367515395,-72.92147884578772,648118.65,4176112.69,97195
e8281d5a-7d36-c9f2-20bc-70814748601f,1956-05-23,2022-06-29,999-77-5524,S99935143,X21800208X,Mr.,Kirk871,Rashad361,Erdman779,,,S,white,nonhispanic,M,Hartford  Connecticut  US,760 Larson Forge Suite 88,Stratford,Connecticut,Fairfield County,9001.0,6614,41.26780207864573,-73.14825352896496,465740.88,110552.18,43194
8dc9dde8-a74e-a1fc-0451-c266229b0bd0,1917-01-12,2000-10-23,999-45-7928,S99973111,X79019489X,Mr.,Trey250,Eliseo499,Jerde200,,,M,white,nonhispanic,M,Enfield  Connecticut  US,882 Reynolds Club Apt 62,Fairfield,Connecticut,Fairfield County,,0,41.15390512423547,-73.31934590826988,187615.64,374953.71,645649
14be1daa-f389-5e69-6d10-32ea8d2b00be,1917-01-12,,999-29-6129,S99983621,X19561993X,Mr.,Luis923,Chi716,Mueller846,,,D,white,nonhispanic,M,Fairfield  Connecticut  US,432 Schiller Crossing,Fairfield,Connecticut,Fairfield County,,0,41.22581374921452,-73.2936942009198,187505.14,507990.39,645649
0c323d75-75db-b20d-d9ee-7e937b8cb907,1949-01-29,,999-58-5382,S99945405,X10261613X,Mrs.,Genesis248,,Stoltenberg489,,Koch169,M,black,nonhispanic,F,Waterbury  Connecticut  US,817 Hoeger Knoll,Waterbury,Connecticut,New Haven County,9009.0,6716,41.64050134887473,-73.0128503028997,342987.79,953332.8,969403
06c1efcb-4ba7-4727-9fff-58fe4b930898,1926-05-28,2010-04-08,999-50-2931,S99999810,X96359778X,Mrs.,Soledad678,,Viera553,,Contreras711,M,black,hispanic,F,Gaudalajara  Jalisco  MX,836 Conn Bypass,Southington,Connecticut,Hartford County,,0,41.64988574637614,-72.85578395040557,1842406.97,1961080.53,74668
3677cff5-8e64-7621-dcf2-3c83bafe19e4,1943-03-25,,999-49-5805,S99984757,X72840635X,Ms.,Marie754,Khadijah960,Jacobs452,,,S,black,nonhispanic,F,Waterbury  Connecticut  US,307 Marvin Well Unit 39,Wolcott,Connecticut,New Haven County,,0,41.6108032458861,-72.97194284304783,286968.11,2527920.29,425788
ade77470-3742-6470-7ab6-d45d568ddc59,1980-08-14,,999-90-6349,S99987363,X89394170X,Mr.,Jacobo456,José Eduardo181,Mora209,,,M,black,hispanic,M,Kingston  Kingston  JM,666 Crona Walk,Norwalk,Connecticut,Fairfield County,9001.0,6880,41.15010710041056,-73.48907120551932,23861.01,121657.27,93217
717be604-6352-6732-0974-a289902cb93e,1920-02-29,2004-11-24,999-35-7152,S99982747,X48920986X,Mr.,Denver542,Arden380,Lynch190,,,S,white,nonhispanic,M,Storrs  Connecticut  US,680 Kub Village Unit 66,Waterbury,Connecticut,New Haven County,9009.0,6705,41.616199265261685,-73.04764518458417,1063034.82,1667889.48,46717
376128d0-0dc5-5b63-fbe2-7e164653498b,1958-01-17,,999-12-1493,S99928399,X16381697X,Mr.,Manual570,Rob341,Hamill307,,,M,white,nonhispanic,M,Hartford  Connecticut  US,653 Jacobs Light Apt 90,Danielson,Connecticut,Windham County,9015.0,6241,41.845522644060104,-71.88515234960309,182435.89,94134.33,134171
13223ee4-2fc5-afc0-a670-a5fb0592347e,1941-11-08,,999-98-3286,S99950022,X29866513X,Mr.,Scott935,Kim439,Witting912,,,W,white,nonhispanic,M,Plainville  Connecticut  US,444 Stamm Port,Monroe,Connecticut,Fairfield County,,0,41.34149435222539,-73.25011107887788,113067.95,342052.72,580997
3c6a31a0-a770-623f-19cf-1d314371de4a,1955-02-07,,999-68-3054,S99928263,X39511882X,Mrs.,Rosalind66,Roberto515,Lesch175,,Towne435,M,white,nonhispanic,F,Monroe  Connecticut  US,706 Kunde Harbor Unit 92,Tolland,Connecticut,Tolland County,,0,41.9124842951152,-72.40085129429067,353436.86,462433.32,135953
8ee85d97-cfd0-fca5-68c3-825d30a747e6,1946-12-07,2012-12-08,999-57-2296,S99948996,X96231212X,Ms.,Lucia634,Francisca486,Muro989,,,S,white,hispanic,F,Buenos Aires  Ciudad de Buenos Aires  AR,879 Ankunding Bridge,East Hartford,Connecticut,Hartford County,9003.0,6108,41.84090647547847,-72.55078059141172,402803.23,1364846.12,31245
292f3a70-8cf2-55e9-bd26-badb4e69587e,1952-09-24,,999-39-2641,S99949853,X32515350X,Mr.,Dylan44,Angelo118,Quitzon246,,,M,asian,nonhispanic,M,West Hartford  Connecticut  US,274 Osinski Extension Apt 32,Haddam,Connecticut,Middlesex County,,0,41.44594720477055,-72.5626028787247,44663.32,241123.99,70673
cd33a72d-9bb4-dd94-1d17-a397e10416f8,1926-02-27,2026-03-19,999-74-2902,S99960309,X88504912X,Mrs.,Luz785,Madalene903,Schaefer657,,Kuvalis369,M,black,nonhispanic,F,Wallingford Center  Connecticut  US,646 West Dam,West Hartford,Connecticut,Hartford County,9003.0,6105,41.79343629343136,-72.74551367974506,821759.83,1004020.81,61451
e1122313-1dfa-9b3c-4add-e98de95e48ba,1967-10-19,,999-45-9596,S99953518,X46638596X,Mrs.,Regina408,Kamilah729,Gleason633,,Bruen238,D,asian,nonhispanic,F,Voluntown  Connecticut  US,743 Weber Harbor,Plymouth,Connecticut,Litchfield County,,0,41.69911430886992,-72.9806720513321,815211.67,630851.26,58905
c11a33d6-0aee-99f6-e0c5-7cdfae86f7f3,1946-12-07,2005-05-20,999-64-8289,S99956079,X30919298X,Mrs.,Mayte822,,Acosta403,,Bustos920,M,white,hispanic,F,Puebla  Puebla  MX,1058 Frami Approach,East Hartford,Connecticut,Hartford County,9003.0,6042,41.753500511011545,-72.56186424813922,209493.95,1463512.87,31245
871760d6-344d-2f7c-15ba-796572be99f0,1926-02-27,,999-68-3428,S99910226,X68758615X,Mrs.,Teena223,,Herman763,,Sauer652,M,black,nonhispanic,F,Norwalk  Connecticut  US,1097 Gusikowski Flat Apt 29,West Hartford,Connecticut,Hartford County,9003.0,6119,41.7364530267019,-72.71391986765602,1467011.04,943623.75,61451
e9370056-4a49-083c-d434-a794c05fa8ff,1946-12-07,,999-78-6997,S99924763,X29605647X,Mrs.,Concepción765,Leonor133,Meraz691,,Carvajal694,D,white,hispanic,F,Salisbury  Saint Joseph Parish  DM,483 Turcotte Overpass Suite 84,East Hartford,Connecticut,Hartford County,9003.0,6042,41.75557370808739,-72.5152136360169,317338.73,1280856.93,31245
3e380e5b-1b5e-2f86-3459-af62ef103892,1960-12-06,,999-81-2373,S99917132,X19508265X,Mr.,Beau391,Hans694,Graham902,,,M,asian,hispanic,M,Hamden  Connecticut  US,670 Deckow View Unit 29,Naugatuck,Connecticut,New Haven County,9009.0,6770,41.49891105241769,-73.02023578227332,203094.72,99317.94,138966
1710cd58-6e60-d07b-2616-5f24a918e57b,1960-05-07,,999-66-9889,S99990189,X40083060X,Mr.,Edgar153,Kristofer887,Sporer811,,,D,white,nonhispanic,M,Middlebury  Connecticut  US,246 Franecki Rue Suite 64,Newtown,Connecticut,Fairfield County,9001.0,6470,41.429575558448015,-73.25673055121167,710079.87,346545.99,106990
ee9c0a21-749d-bb7d-49e6-2e0feb3820b2,1947-11-29,,999-68-7407,S99947406,X84759756X,Mrs.,Tricia672,Rosia390,Bruen238,,Herzog843,M,white,nonhispanic,F,Ansonia  Connecticut  US,678 Hammes Viaduct,Glastonbury,Connecticut,Hartford County,,0,41.706608022447995,-72.50809215648142,718227.15,243977.89,47860
3fe90aed-61aa-00cf-38f3-e04dbd73a548,1951-10-11,,999-36-7779,S99962249,X02267544X,Mr.,Lance203,Yong583,Goyette777,,,M,native,nonhispanic,M,Bristol  Connecticut  US,554 Donnelly Common,North Stonington,Connecticut,New London County,,0,41.491132111640795,-71.88172671143384,265746.06,206944.22,37708
9d020823-5697-2a61-48f6-227e261b81fe,1946-12-28,,999-98-3407,S99937349,X41884683X,Ms.,Kris249,,Schamberger479,,,S,white,nonhispanic,F,Derby  Connecticut  US,909 Wilkinson Crossing Apt 29,Colchester,Connecticut,New London County,9011.0,6415,41.573837321914,-72.33762719996926,182283.65,941112.8,499385
34738463-dd8b-da3c-404f-00170d3cfb5f,1925-02-11,,999-77-8557,S99932930,X66130804X,Mrs.,Minda79,Lorita217,Marvin195,,Heidenreich818,M,white,nonhispanic,F,Woodbridge  Connecticut  US,832 Marvin Rapid,Cheshire Village,Connecticut,New Haven County,,0,41.52197375364186,-72.93254030473678,379526.02,1370973.23,125342
662aaeaa-da31-1a2f-0e36-c132423973c5,1943-03-08,,999-46-7272,S99933998,X34851186X,Mrs.,Rafaela464,,Mohr916,,Fahey393,D,white,nonhispanic,F,Thomaston  Connecticut  US,1015 Schumm Green,New Haven,Connecticut,New Haven County,9009.0,6519,41.37519311091507,-73.01674804037607,16572.1,749130.55,16135
a5ac1fe1-35cb-3812-7145-038d14796513,1949-12-28,,999-96-6252,S99946539,X29529441X,Mrs.,Tatyana394,Sue491,Homenick806,,Beatty507,M,white,nonhispanic,F,Manchester  Connecticut  US,361 Schroeder Rapid,New Haven,Connecticut,New Haven County,9009.0,6511,41.303960053754125,-72.91429990082823,1101078.68,481766.12,85377
20ca8288-d6e3-8e27-ef46-e7e951a199c1,1965-03-09,,999-88-1414,S99914048,X30233007X,Mrs.,Marcela739,,Santillán790,,Carmona375,M,white,hispanic,F,Santo Domingo  National District  DO,703 King Ranch Unit 31,Glastonbury Center,Connecticut,Hartford County,,0,41.720679123529656,-72.58521862328146,150543.95,949478.69,197587
7b3a95bd-16ad-2f16-0059-c2069c4e4d16,1969-03-09,,999-57-5106,S99973701,X82591763X,Mr.,Arturo47,Alfredo17,Madera340,,,S,white,hispanic,M,Santiago de los Caballeros  Santiago  DO,592 Douglas Trafficway,Darien,Connecticut,Fairfield County,9001.0,6820,41.10417150775243,-73.51137864127396,166535.62,799077.04,681563
056846b3-2a70-9666-0a40-407319026145,1936-06-08,,999-46-6424,S99992161,X13173674X,Mr.,Nathanial472,Rodrigo242,Hamill307,,,S,white,nonhispanic,M,Sterling  Connecticut  US,875 Crooks Skyway,Orange,Connecticut,New Haven County,9009.0,6477,41.324805126961465,-73.00708010345657,252641.09,171886.07,108444
58918e9c-c91a-4d50-52aa-7122052c5893,1953-12-07,,999-67-2580,S99918477,X20143336X,Ms.,Floria545,Nida800,Lueilwitz711,,,S,white,nonhispanic,F,Bridgeport  Connecticut  US,632 Rosenbaum Divide Apt 16,Middletown,Connecticut,Middlesex County,9007.0,6457,41.523787704861675,-72.68113950822669,531174.2,1110071.05,38455
aa5c10a8-27c3-551e-8ad9-f63ae75766f9,1962-12-18,,999-64-9860,S99984285,X44571753X,Mr.,Louis204,,Ritchie586,,,M,white,nonhispanic,M,Meriden  Connecticut  US,784 Abbott Ramp,Bridgeport,Connecticut,Fairfield County,9001.0,6607,41.13696529339833,-73.16368853792335,12351.29,417919.04,8142
4b6bd44f-6b9f-53d1-bf0e-960d462b29d1,1977-08-29,,999-49-9118,S99971447,X35561530X,Mrs.,Norine97,Bibi254,Hudson301,,Stokes453,W,white,hispanic,F,Plainville  Connecticut  US,734 Torp Common,Meriden,Connecticut,New Haven County,9009.0,6450,41.56942667481684,-72.86281260222273,283312.37,99838.75,66511
18a746e2-8ad1-0cdd-862d-ef8487aaceeb,1980-06-13,,999-63-5805,S99932306,X99710532X,Mr.,Marcellus830,,Halvorson124,,,M,white,nonhispanic,M,Danbury  Connecticut  US,764 Wisozk Throughway Unit 79,Bridgeport,Connecticut,Fairfield County,9001.0,6607,41.23202046625185,-73.15833566011145,132975.74,55741.61,187044
014136f8-7c06-1182-5909-4580e6012696,1959-05-06,,999-44-7250,S99930754,X73312929X,Mrs.,James276,Lacie818,Romaguera67,,Kozey370,M,asian,hispanic,F,Norwalk  Connecticut  US,462 Huels Camp Unit 61,Wolcott,Connecticut,New Haven County,,0,41.62763069817221,-72.93414283317975,1285987.78,348769.25,110330
16dd7c52-5f37-ec60-c73c-10ca721a67d2,1956-05-15,,999-97-6103,S99915554,X54864651X,Mr.,Dewitt635,,Quigley282,,,M,white,nonhispanic,M,Wallingford  Connecticut  US,987 Bernhard Common,Mansfield,Connecticut,Tolland County,,0,41.77123036672472,-72.20953840898716,12068.36,311474.71,9375
0c36c68d-424c-6b4a-9099-687508fb5fd5,1960-10-14,,999-49-8517,S99966141,X48339862X,Mr.,Jamal145,Kory651,Schowalter414,,,S,white,nonhispanic,M,New Haven  Connecticut  US,550 Mayer Common Suite 89,West Haven,Connecticut,New Haven County,9009.0,6516,41.26575611047843,-72.99399658318026,686020.72,268506.65,66917
2432869f-8d4c-19aa-0746-4742cbbbd70d,1927-09-13,1998-12-15,999-36-1148,S99943499,X06972723X,Mr.,Landon622,Nicky270,Torp761,,,M,white,nonhispanic,M,Beacon Falls  Connecticut  US,690 Sanford Grove Suite 32,Shelton,Connecticut,Fairfield County,9001.0,6484,41.26279503234778,-73.17763440236024,155463.9,1289002.29,82707
52bb2167-5176-f4ef-8765-08da6452b1d9,1943-04-19,,999-61-3601,S99996835,X97567117X,Mr.,Antoine384,Troy560,Auer97,,,M,white,nonhispanic,M,Norwalk  Connecticut  US,643 Klein View,Southwood Acres,Connecticut,Hartford County,,0,41.933410952973865,-72.57931245867908,239030.57,130756.59,110768
898c4c35-da50-b075-05fa-5b5178818d22,1927-09-13,2022-12-27,999-35-6209,S99929307,X88514456X,Mr.,Kerry175,Christian753,Schowalter414,,,M,white,nonhispanic,M,Meriden  Connecticut  US,865 Upton Skyway Unit 89,Shelton,Connecticut,Fairfield County,9001.0,6484,41.307513456712286,-73.10839603401813,235396.42,279114.63,82707
d4245110-ab1a-69e3-7c16-c2e6dfa1e9c7,1937-07-24,2010-02-12,999-50-9859,S99941755,X21717189X,Mrs.,Sade71,Tawnya388,Gleason633,,Christiansen251,M,white,nonhispanic,F,Stamford  Connecticut  US,616 Spencer Station,Canton,Connecticut,Hartford County,,0,41.82333610918676,-72.9492638715218,52311.68,2307841.52,20038
39feaaca-b658-33ef-bda4-f98f4f10a669,1948-03-18,,999-87-3855,S99928390,X78298269X,Mr.,Abraham100,Lincoln623,Kirlin939,,,M,white,nonhispanic,M,Wethersfield  Connecticut  US,258 Orn Walk,Wallingford,Connecticut,New Haven County,,0,41.40998744134898,-72.84380367846845,239545.36,245309.46,144140
903b3937-5477-3e78-0f18-65e8fb428de0,1924-04-16,,999-17-7137,S99929729,X67471054X,Mrs.,Bernadine674,Zenia843,Rice937,,Crooks415,D,white,nonhispanic,F,Manchester  Connecticut  US,584 Baumbach Mill Apt 20,Hamden,Connecticut,New Haven County,,0,41.407719115189956,-72.9226662374115,687737.31,1568821.31,91357
a90f8023-d2cd-2a3a-b247-1fbe560f0d69,1950-07-30,,999-77-6208,S99952836,X03841736X,Mrs.,Celesta195,Emelina469,Jakubowski832,,Maggio310,M,white,nonhispanic,F,Torrington  Connecticut  US,572 Kreiger Parade Suite 18,Mansfield,Connecticut,Tolland County,,0,41.74145322575663,-72.23663137816318,1609056.95,611099.82,117613
e71ac94a-6154-dbd9-79be-82369455cda8,1937-10-15,2023-08-06,999-66-6391,S99936462,X67564873X,Mr.,Chauncey770,,Veum823,,,S,black,nonhispanic,M,Guilford  Connecticut  US,1051 Reichel Highlands Unit 16,New Haven,Connecticut,New Haven County,9009.0,6512,41.3249814305312,-72.85116055433409,25662.25,842867.69,12811
dde7186b-dac4-e52f-519a-ce2ffcedfea1,1976-05-15,,999-38-7875,S99923461,X97838604X,Mr.,Fletcher87,Ernest565,Cummings51,,,M,black,nonhispanic,M,Trumbull  Connecticut  US,465 Gerlach Fork Unit 38,Waterbury,Connecticut,New Haven County,9009.0,6710,41.63131966226979,-73.00006161271854,159383.7,0.0,71230
bbdb5d21-c185-e363-b04e-80c94cdb0c28,1954-06-11,,999-37-9584,S99938623,X29803410X,Mrs.,Kandice471,Iraida50,Koss676,,Hirthe744,M,white,nonhispanic,F,Stamford  Connecticut  US,632 Kilback Route Unit 94,Plainfield,Connecticut,Windham County,9015.0,6374,41.740262430040566,-71.93624033872766,24297.04,1201449.06,18996
a0c6b4b7-b3e1-082f-8dc1-5e48ecf44993,1943-07-03,2021-02-22,999-92-6212,S99950817,X26537283X,Mr.,Forrest301,Emmanuel930,Kohler843,,,S,white,nonhispanic,M,New Haven  Connecticut  US,918 Spencer Stravenue,Glastonbury,Connecticut,Hartford County,,0,41.715986239643776,-72.52261368599359,260239.05,287196.43,58640
731a7d26-d6dd-9ec1-ca6b-805431345306,1954-01-15,,999-68-9274,S99911438,X86799569X,Mr.,Milton509,Shawn523,Spencer878,,,M,white,hispanic,M,Windsor  Connecticut  US,157 Rodriguez Forge Suite 90,Southington,Connecticut,Hartford County,,0,41.57068176900904,-72.89743601256087,157846.78,294814.46,30386
6932bd87-84cf-84c1-eb79-00a36622c074,1939-02-05,2023-09-19,999-20-1059,S99948364,X75207863X,Mrs.,Crystle668,,Schiller186,,Schuppe920,D,white,nonhispanic,F,Torrington  Connecticut  US,449 Waelchi Bay Unit 1,Glastonbury,Connecticut,Hartford County,,0,41.69906033028072,-72.59501467303562,434472.4,1124035.6,511911
d37c444c-30df-0ef4-8e07-0f0c1cf8a846,1948-04-27,,999-65-6433,S99976458,X43972277X,Mr.,Cameron381,Wilbert25,Harvey63,,,S,white,nonhispanic,M,New Haven  Connecticut  US,907 Ledner Wynd,Lebanon,Connecticut,New London County,,0,41.66134583438013,-72.27989950028143,323830.51,292163.42,51139
6672e028-6f93-ce8a-4217-b4d4fe4d4efd,1954-04-02,,999-38-8188,S99925504,X87432153X,Ms.,Dorris197,Michiko564,Brakus656,,,S,black,nonhispanic,F,West Haven  Connecticut  US,1027 Toy Glen Unit 3,East Hampton,Connecticut,Middlesex County,9007.0,6424,41.56438999687011,-72.52524271240804,1073370.55,88055.58,88821
774c04d9-945e-1f52-e16b-cd6d46bb8e6f,1956-07-13,,999-10-7512,S99949263,X87687891X,Ms.,Mila257,Alica364,Brekke496,,,S,white,nonhispanic,F,Naugatuck  Connecticut  US,670 Kemmer Forge Apt 42,Stamford,Connecticut,Fairfield County,9001.0,6907,41.016036241595714,-73.52431616245781,840929.86,425978.42,98688
c7624ee6-83f9-af23-82e8-05c4f82ebf95,1950-10-18,,999-24-7769,S99948132,X80360101X,Mr.,Arnulfo253,Stefan297,Mosciski958,,,M,white,nonhispanic,M,Trumbull  Connecticut  US,257 Brekke Wynd,Wallingford,Connecticut,New Haven County,,0,41.483434728243,-72.80724384902567,705476.37,561375.19,36739
583111cd-b435-3d4b-c91e-5c175bbd3ff4,1951-05-24,,999-11-6876,S99963810,X20445208X,Mr.,Noah480,Christian753,Nader710,,,M,white,nonhispanic,M,Beacon Falls  Connecticut  US,235 Jacobi Skyway,Rocky Hill,Connecticut,Hartford County,,0,41.63237850646203,-72.69512398819911,229579.32,1404368.14,100349
ecb8065d-8ffc-410a-4561-a3fb3f9bbc9e,1917-01-03,2003-09-24,999-66-5279,S99925021,X67528200X,Mr.,Alfonzo975,Shannon293,Hoeger474,,,M,white,nonhispanic,M,Ridgefield  Connecticut  US,268 Ullrich Loaf,West Haven,Connecticut,New Haven County,9009.0,6516,41.25837128973967,-73.0072019345851,282896.16,4435627.54,85665
e7567dfe-b33d-29d8-0042-ef5a65cb0f66,1942-02-08,2022-05-15,999-42-8376,S99995434,X24661413X,Mrs.,Lizzette325,Martin117,Wolff180,,MacGyver246,D,black,nonhispanic,F,North Canaan  Connecticut  US,349 Eichmann Path,Bridgeport,Connecticut,Fairfield County,9001.0,6610,41.25514568370383,-73.21230678819782,840298.21,1466719.44,48053
fc178438-48c5-9f2e-e6b7-21a88a082901,1945-11-08,,999-98-8268,S99988681,X14946159X,Mrs.,Kelle203,Charisse42,Erdman779,,Labadie908,M,white,nonhispanic,F,Hebron  Connecticut  US,855 Gorczany Fort,Ridgefield,Connecticut,Fairfield County,9001.0,6877,41.28153969764534,-73.5166048086105,1065842.05,276984.32,114331
065138cd-0fa0-8ce7-c6a7-46e7c36b2e43,1964-02-14,,999-79-9911,S99984173,X38809167X,Mr.,Ahmad985,Merlin721,Daniel959,,,M,white,nonhispanic,M,Woodstock  Connecticut  US,932 Bergstrom Stravenue Unit 67,Stamford,Connecticut,Fairfield County,9001.0,6902,41.09881168302549,-73.50451210102133,272734.65,1239393.17,26911
d4fa0deb-94f1-fd83-5f0a-8945f3258c36,1923-01-30,2004-08-08,999-84-7250,S99915407,X57376142X,Mr.,Hosea56,,Corkery305,,,M,white,nonhispanic,M,Waterbury  Connecticut  US,656 Watsica Boulevard,Haddam,Connecticut,Middlesex County,,0,41.50281504659096,-72.53949192522438,197114.08,234204.72,167721
7a51cec3-968e-55a4-894b-8c3d1ffae2d2,1949-09-09,,999-57-5320,S99962181,X04167418X,Mr.,Von197,Jody426,MacGyver246,,,M,white,nonhispanic,M,Stamford  Connecticut  US,826 Larkin Trafficway Apt 50,New Haven,Connecticut,New Haven County,9009.0,6519,41.331146527131224,-72.91668796379635,111579.32,246285.6,100433
24761b60-2ae4-d08f-92af-568e9b1f5d7c,1917-01-03,,999-42-9413,S99971356,X35356286X,Mr.,Maria750,Gregg522,Wiza601,,,S,white,nonhispanic,M,Danbury  Connecticut  US,210 Gerlach Harbor Unit 21,West Haven,Connecticut,New Haven County,9009.0,6516,41.25852285082899,-72.97884256698882,352544.7,3255454.17,85665
f352e246-dd61-d91f-c02e-79da0ec4cc68,1965-10-01,,999-62-9526,S99957745,X90228144X,Mr.,Peter292,Kelley882,Farrell962,,,S,black,hispanic,M,Clinton  Connecticut  US,285 Schimmel Bay Suite 14,Shelton,Connecticut,Fairfield County,9001.0,6484,41.32867543936291,-73.15331981334319,204019.16,74910.7,85845
ae5102d0-6ff2-ee3d-e578-c7d830c228e3,1918-07-05,2002-08-01,999-44-9640,S99928823,X85589802X,Mr.,Bennie663,Elmo857,Haley279,,,S,white,hispanic,M,Willimantic  Connecticut  US,958 Huels Throughway Suite 38,Waterbury,Connecticut,New Haven County,9009.0,6716,41.559360947616966,-73.03714685225476,220870.44,618780.22,23814
aa992567-acaf-efaa-1ae6-f6cc068f8c31,1948-10-15,,999-10-4707,S99917545,X02140053X,Mrs.,Brittney657,,Tromp100,,Johns824,M,white,nonhispanic,F,Berlin  Connecticut  US,859 Bogan Key Suite 3,Voluntown,Connecticut,New London County,,0,41.61966106254883,-71.78526900238785,703519.02,986261.99,39141
43b7d5fa-6459-3907-d32c-7850b1b61b68,1943-09-05,,999-31-8303,S99951242,X73156996X,Mr.,Lewis216,Sid118,Johnston597,,,M,white,nonhispanic,M,Rocky Hill  Connecticut  US,868 Cummerata Landing,Sherwood Manor,Connecticut,Hartford County,,0,42.03688106806242,-72.55546491358662,207349.53,196596.1,130490
32fe0b53-4ac4-55d6-cbcb-2ce071ef309d,1921-05-29,1966-03-10,999-80-7379,S99922857,X52187220X,Mr.,Glenn0,Stanton715,Glover433,,,M,white,nonhispanic,M,Wolcott  Connecticut  US,624 Cole Quay Apt 83,New Britain,Connecticut,Hartford County,9003.0,6051,41.719295657970235,-72.74609552756768,19001.43,462376.62,3540
21619cc4-1f86-7295-22c6-16cce212fe92,1917-01-27,,999-72-2054,S99985956,X54579717X,Mr.,Chong355,Jeremiah751,Bartoletti50,,,D,white,nonhispanic,M,Wallingford  Connecticut  US,969 Jerde Overpass,New Britain,Connecticut,Hartford County,9003.0,6052,41.68189237803113,-72.76875255859878,200319.08,390023.3,96088
115bac98-9387-69ae-b609-c400caa0daef,1956-01-27,,999-33-9684,S99950520,X60596197X,Mr.,Sol312,Oscar384,Becker968,,,M,white,nonhispanic,M,Bridgeport  Connecticut  US,720 Greenholt Quay Apt 98,Westport,Connecticut,Fairfield County,9001.0,6880,41.11954459797159,-73.36739767771714,17326.59,356522.16,18881
7b096555-612b-7e76-ba5f-5243c5799894,1955-12-13,,999-86-1742,S99996008,X17266236X,Mr.,Garth972,Dudley365,Nikolaus26,,,M,white,nonhispanic,M,Hartford  Connecticut  US,805 Nikolaus Rue Suite 9,Norwich,Connecticut,New London County,9011.0,6389,41.5289769276756,-72.04373764038645,9311.26,374056.22,10550
02e6391e-8cdb-d3fc-95da-ebecd2fe91b1,1941-10-16,,999-83-3263,S99984542,X78760386X,Mrs.,Luz785,Anita473,Polanco94,,Sarabia507,M,white,hispanic,F,Guatemala City  Guatemala  GT,334 Stokes Esplanade,Enfield,Connecticut,Hartford County,,0,41.961282614507965,-72.53171870367335,888219.16,367684.77,56542
2f305e79-f39d-aad2-d505-cf33f476dcb5,1928-09-15,2014-10-09,999-17-3960,S99978550,X56655087X,Mrs.,Charlene806,Tarah156,Conroy74,,Weimann465,M,white,nonhispanic,F,Southbury  Connecticut  US,1017 Dietrich Mission,New Milford,Connecticut,Litchfield County,9005.0,6776,41.573958127678665,-73.43544949978792,356481.51,421508.29,41911
b92ab510-994e-cd64-2829-d88b077564dc,1950-05-02,,999-36-2509,S99943043,X79551240X,Mr.,Darin74,,Hahn503,,,S,white,nonhispanic,M,Andover  Connecticut  US,409 Considine Boulevard Apt 82,Bridgeport,Connecticut,Fairfield County,9001.0,6606,41.128630726486705,-73.1912973870696,327327.85,166881.96,65483
87287a81-0ec6-c811-a81e-a0076452f2da,1942-07-19,2018-09-07,999-25-1303,S99949652,X64535733X,Mr.,Emerson869,Saul605,Stark857,,,W,black,nonhispanic,M,Danbury  Connecticut  US,159 Jacobi Park,Hartford,Connecticut,Hartford County,9003.0,6105,41.738417366200544,-72.69286862881572,15520.24,578434.66,18840
01efc1e5-c220-f6ef-0c6a-24e7b992e6cb,1942-05-15,,999-14-7324,S99955713,X00638882X,Ms.,Tracie996,Mellisa81,Weimann465,,,S,asian,nonhispanic,F,Thompson  Connecticut  US,724 Cassin Gateway,Greenwich,Connecticut,Fairfield County,9001.0,6831,41.01528931761241,-73.614777433006,180351.99,1039185.32,900939
24b0208d-0a30-7a22-5462-84df058b0064,1929-05-30,2019-02-10,999-88-1354,S99927076,X42646056X,Mrs.,Kylee806,,Roberts511,,Rosenbaum794,M,white,nonhispanic,F,Southington  Connecticut  US,918 Stiedemann Vista Unit 41,North Haven,Connecticut,New Haven County,9009.0,6473,41.41261983441403,-72.8828973790747,204605.77,1431833.3,5559
e518cb05-dfb4-60ad-b1f4-998f36bf3350,1953-06-13,,999-24-1854,S99913743,X30016163X,Mr.,Edgardo196,Kurtis994,Schinner682,,,W,white,hispanic,M,Bristol  Connecticut  US,618 Heaney Haven Unit 77,New Haven,Connecticut,New Haven County,9009.0,6515,41.32957144050938,-72.88449532432065,220098.62,416837.74,75910
0badc152-ee8c-1067-0e1b-809f60ee968a,1954-02-16,2025-09-03,999-31-8426,S99919761,X57626499X,Mr.,Antony83,Cristopher265,Hahn503,,,M,white,nonhispanic,M,Seymour  Connecticut  US,592 Bode Mall Unit 53,East Haddam,Connecticut,Middlesex County,,0,41.49765696258228,-72.416673171445,613963.16,2866369.53,62072
3bd15052-5d09-5b78-5ded-ea8fb2246715,1922-03-13,2005-06-28,999-37-3588,S99928986,X31710643X,Mr.,Nathanial472,Herman763,Casper496,,,S,white,nonhispanic,M,Simsbury  Connecticut  US,790 O'Reilly Parade Suite 55,Haddam,Connecticut,Middlesex County,,0,41.514638401378,-72.58044435060447,358332.03,558221.45,164390
433d5197-1d6b-c121-d210-dbd7653dff4f,1922-03-13,2003-03-09,999-43-1612,S99992409,X34653154X,Mr.,Zachery872,,Trantow673,,,D,white,nonhispanic,M,Wallingford  Connecticut  US,1029 Gaylord Forge Unit 2,Haddam,Connecticut,Middlesex County,,0,41.47704906718924,-72.52265601566769,195200.52,339433.79,164390
5c4d2917-e94d-18a6-0d31-a7b4305ff351,1917-08-28,1996-09-18,999-48-3347,S99999824,X17575191X,Mr.,Amos720,Emilio417,Ernser583,,,M,white,nonhispanic,M,Bloomfield  Connecticut  US,410 Blick Union,Salmon Brook,Connecticut,Hartford County,,0,41.9326024280312,-72.75572490795436,20191.21,574011.36,15077
d632a185-cf81-9fde-a0a6-0814332199e0,1971-02-21,,999-48-1611,S99948120,X38134650X,Mr.,Casey401,Jose871,Pouros728,,,M,white,nonhispanic,M,Windsor  Connecticut  US,330 Donnelly Drive,East Hampton,Connecticut,Middlesex County,9007.0,6424,41.546056608221846,-72.4991664334595,595202.71,399173.44,35776
5ecb3e52-7f9a-f6a9-2798-6afd77b3e9fb,1970-08-16,,999-30-3980,S99978487,X11781356X,Mr.,Jonah176,Anderson154,Rodriguez71,,,D,asian,nonhispanic,M,Branford  Connecticut  US,451 Gusikowski Gardens,Waterbury,Connecticut,New Haven County,9009.0,6716,41.60124244052114,-72.92693417470976,87059.24,160652.85,31340
9243079d-2429-3d0e-1051-e47a1371f1aa,1938-09-07,,999-11-4943,S99987100,X71028761X,Mr.,Milo271,,Quigley282,,,M,white,nonhispanic,M,New Haven  Connecticut  US,802 Bosco Village Suite 97,Salmon Brook,Connecticut,Hartford County,,0,42.00064364954344,-72.75678026032169,28599.62,1068823.98,15077
cb54eca7-fd6f-3e68-f65b-1f6398d7cebb,1922-03-13,2004-06-15,999-55-2471,S99993512,X29263915X,Mr.,Leland44,Brian582,McDermott739,,,D,white,nonhispanic,M,Southport  Connecticut  US,359 Ritchie Green,Haddam,Connecticut,Middlesex County,,0,41.45745237927315,-72.50824309005444,246728.49,1153700.32,164390
3cb081e6-b5ce-90b9-5abf-83aa8f1b6a67,1916-10-20,2006-02-20,999-10-3053,S99912401,X39130325X,Mrs.,Tara292,Sammie902,Bode78,,Hyatt152,M,white,nonhispanic,F,Danbury  Connecticut  US,1001 Buckridge Terrace,Wolcott,Connecticut,New Haven County,,0,41.61023900622611,-72.98426860338604,309029.2,1555055.28,30637
a7e02292-2f1d-b0b6-b1ef-9da8f0b7d78e,1949-02-18,,999-35-6491,S99945980,X65532814X,Mr.,Fermin479,,Padberg411,,,M,white,nonhispanic,M,Wethersfield  Connecticut  US,131 Durgan Bridge,Wolcott,Connecticut,New Haven County,,0,41.63825398770763,-72.9878418686952,235612.56,560471.34,152317
5e8483be-c5b4-630a-949b-f38bc42768c0,1945-11-24,,999-96-1107,S99988505,X30988312X,Mr.,Esteban536,Jacobo456,Muñoz828,,,D,white,hispanic,M,Port-au-Prince  Haiti  HT,140 Rodriguez Bridge,New Britain,Connecticut,Hartford County,9003.0,6053,41.70377929436616,-72.80206704275633,15877.61,470499.99,12044
b42f8c40-7fa2-f2c4-0571-e050b6c85796,1944-10-20,,999-75-8877,S99994753,X37298250X,Mrs.,Casandra937,Kyle55,Beer512,,Wiegand701,M,white,nonhispanic,F,Hartford  Connecticut  US,321 Kirlin Wall,Westbrook,Connecticut,Middlesex County,,0,41.33686230449705,-72.51242848416166,436428.54,1989648.91,30382
1c8e07c5-c3b2-cfe8-1503-03e9b82bd7bc,1921-12-29,1977-06-04,999-29-2611,S99937190,X00890772X,Mrs.,Catrina144,Opal236,Satterfield305,,Bergstrom287,D,white,nonhispanic,F,East Windsor  Connecticut  US,103 Zboncak Arcade,New Milford,Connecticut,Litchfield County,9005.0,6776,41.62404726750201,-73.44248663302194,1044483.63,327893.65,69607
42b9e7bf-9723-5f6c-ee9b-9fb8f6f5212e,1962-08-04,,999-93-9468,S99950076,X74040426X,Mr.,Raul814,Sterling124,Reinger292,,,M,white,nonhispanic,M,Windsor Locks  Connecticut  US,774 Rempel Drive Unit 68,Norwalk,Connecticut,Fairfield County,9001.0,6856,41.06980057655293,-73.3882012920795,163442.16,165144.9,88672
dc59adad-1c3b-637c-2ae2-f2a3b408c4f9,1951-10-09,,999-58-7765,S99964358,X73128999X,Mrs.,Vanetta255,Sarah635,Flatley871,,McGlynn426,M,black,nonhispanic,F,East Hampton  Connecticut  US,809 Sipes Course Suite 67,Meriden,Connecticut,New Haven County,9009.0,6450,41.57331707154399,-72.81071304084497,20396.49,1494973.41,19470
cd45b5b2-b902-3114-1bee-dfdebb7a1824,1922-03-13,,999-65-6846,S99918895,X03115342X,Mr.,Alonso270,Jospeh459,Kohler843,,,M,white,nonhispanic,M,New Haven  Connecticut  US,573 Kihn Dam,Haddam,Connecticut,Middlesex County,,0,41.43705000162909,-72.54675648657431,225415.1,983177.56,164390
70aa6e36-5e31-2cfb-d1d5-df15939c89c0,1942-01-31,2009-10-19,999-99-4496,S99952712,X52313822X,Mrs.,Norma469,Blanca837,Esquibel766,,Guillen740,M,black,nonhispanic,F,Bayamon  Puerto Rico  PR,465 Conroy Brook,Norwalk,Connecticut,Fairfield County,9001.0,6855,41.17651162689744,-73.3938744968737,444872.24,1342786.66,147089
6f2d3b33-ba6a-37dd-ebdd-c263ce82b08f,1957-09-16,,999-21-4175,S99973550,X33115441X,Mr.,Jacob959,,Wolf938,,,S,white,nonhispanic,M,North Granby  Connecticut  US,311 Cronin Esplanade,West Hartford,Connecticut,Hartford County,9003.0,6110,41.71441228793097,-72.70652244432937,14149.03,627301.92,3842
dace52ae-c1e7-750d-2553-64c6320f1fd8,1954-01-10,,999-60-4350,S99988265,X92518482X,Mr.,Leonard963,Cortez851,Stark857,,,M,white,nonhispanic,M,Willimantic  Connecticut  US,825 Pfeffer Row,Harwinton,Connecticut,Litchfield County,,0,41.78489862360803,-73.03497145288401,233238.86,187404.12,123119
da5225ca-ee6a-ae1c-eae2-95c693f97f2a,1932-08-03,2023-11-27,999-62-6696,S99941419,X33344278X,Mrs.,Lean294,Latarsha812,Murazik203,,Hyatt152,M,white,nonhispanic,F,Storrs  Connecticut  US,678 Stiedemann Union Apt 90,Simsbury,Connecticut,Hartford County,,0,41.90771106977733,-72.86484911088581,966081.7,782189.15,65179
5ff419b8-e22e-7a49-c1b9-fc330a1051df,1932-08-03,2018-06-07,999-81-6826,S99925143,X05857763X,Mrs.,Cathey606,Sandi885,O'Conner199,,Johnston597,M,white,nonhispanic,F,Farmington  Connecticut  US,713 Baumbach Vista,Simsbury,Connecticut,Hartford County,,0,41.86622184702185,-72.81889354321149,1135188.06,1501945.17,65179
ca2327a0-6be0-6019-5741-b177a97827e6,1932-08-03,,999-40-9026,S99954558,X35924398X,Mrs.,Tereasa291,,Kunde533,,Steuber698,M,white,nonhispanic,F,Manchester  Connecticut  US,486 Hirthe Ville Unit 79,Simsbury,Connecticut,Hartford County,,0,41.864312337725224,-72.78757692695599,527237.71,804176.18,65179
b7b5156a-3a5a-2747-a93d-9b35aae23eff,1972-04-10,,999-30-4008,S99954204,X17681511X,Mr.,Dirk334,,Bogan287,,,M,white,nonhispanic,M,Granby  Connecticut  US,398 Sporer Lodge Unit 82,West Hartford,Connecticut,Hartford County,9003.0,6110,41.75789990589096,-72.71362391842652,10432.58,207419.69,2036
e50b5cb6-3013-2520-22e4-9b428807a85d,1941-09-27,2021-01-15,999-10-3406,S99963718,X72435045X,Mr.,Claude750,Kory651,Windler79,,,S,white,nonhispanic,M,Hamden  Connecticut  US,824 McClure Underpass Apt 52,Newington,Connecticut,Hartford County,9003.0,6111,41.64367166638055,-72.69920850880291,16749.77,462195.11,16990
9b20c326-ba7c-d079-015c-6d0763db29cd,1942-07-04,,999-32-5300,S99912446,X48723309X,Mrs.,Marissa322,,Crist667,,Yost751,M,white,nonhispanic,F,Darien  Connecticut  US,783 Dicki Park,Hamden,Connecticut,New Haven County,,0,41.35834600850065,-72.89843729235115,366929.55,1812093.59,162561
890376c2-ac38-dfcf-d03d-746c1a08fec5,1935-09-05,2023-05-22,999-84-6558,S99915454,X50797329X,Mr.,Palmer257,,Anderson154,,,S,white,nonhispanic,M,Fairfield  Connecticut  US,141 Goodwin Port Apt 35,Danbury,Connecticut,Fairfield County,9001.0,6811,41.39143120411682,-73.46969776439437,295424.81,345050.91,45355
916111f9-c233-9cc6-21a0-7bedc472e1bc,1950-12-01,,999-66-9510,S99949984,X20660341X,Mrs.,Ozell178,Micki733,Will178,,Hudson301,M,white,nonhispanic,F,New Haven  Connecticut  US,225 Smitham Highlands,Bridgeport,Connecticut,Fairfield County,9001.0,6606,41.26078683463727,-73.22513541032698,396992.82,237425.63,67607
f7c5423d-d280-96b3-36bb-05cef15346e8,1950-02-06,,999-55-8820,S99925934,X82299813X,Mrs.,Debbra216,Particia365,Effertz744,,Kunze215,M,white,nonhispanic,F,New Haven  Connecticut  US,396 Runolfsson Overpass,Ellington,Connecticut,Tolland County,,0,41.87786090820822,-72.49296379476851,891242.04,313425.21,62037
6a4c6ef5-1128-866c-adda-5b1dbb4814b1,1961-03-25,,999-59-6553,S99930308,X18721580X,Mrs.,Adelle43,Maricruz991,Wilderman619,,Keebler762,M,white,hispanic,F,Middletown  Connecticut  US,871 Dach Estate,Weston,Connecticut,Fairfield County,,0,41.27474666051512,-73.32450325145027,424681.54,984589.74,549491
c8560629-ec58-a5d7-9cdb-5adde20f361a,1955-03-30,,999-45-2800,S99954097,X49913496X,Mrs.,Signe792,Teri144,Becker968,,Wisozk929,D,white,nonhispanic,F,Rockville  Connecticut  US,766 Walker Boulevard Suite 58,Fairfield,Connecticut,Fairfield County,,0,41.12896243242669,-73.31164471053708,216204.85,1120732.37,305050
c22503f7-80bf-1e89-4580-79347298240e,1958-07-07,,999-28-7123,S99952792,X98922023X,Mr.,Seth414,Barrett790,Treutel973,,,D,white,nonhispanic,M,Hamden  Connecticut  US,673 Windler Frontage road,Thompson,Connecticut,Windham County,,0,41.96589049115636,-71.8384019982992,177100.91,144250.47,57712
967e8637-fcc9-66bf-a32a-01f7ee80a9ab,1923-01-07,1992-02-24,999-45-8575,S99945611,X51614052X,Mr.,Reynaldo722,Ollie731,Stroman228,,,M,white,nonhispanic,M,Enfield  Connecticut  US,1088 Nolan Quay,Hamden,Connecticut,New Haven County,,0,41.41890253038366,-72.91479741573544,365780.12,142909.97,38476
ed2a48c6-b72a-ebc3-badc-b9595280c1f8,1920-10-22,1994-07-04,999-78-4739,S99930600,X98884924X,Mr.,Adolfo777,Amado512,Schuster709,,,M,black,nonhispanic,M,New Haven  Connecticut  US,971 Bergstrom Vista,Meriden,Connecticut,New Haven County,9009.0,6450,41.49376560901827,-72.78800379961655,524938.62,158944.25,43846
f8b1df09-6a91-46d8-e8bd-820c6ad2e819,1957-06-18,,999-89-4030,S99958095,X09088352X,Mr.,Jamel269,Victor265,Kuphal363,,,M,white,hispanic,M,Westport  Connecticut  US,234 Miller Road Apt 78,Waterbury,Connecticut,New Haven County,9009.0,6706,41.54493688831302,-73.06496434241582,156413.5,110498.93,142815
68dd5df6-26cd-b8d2-155b-39960187a709,1954-06-14,,999-43-9010,S99952681,X97782217X,Mr.,Dwain139,Walter473,Schaden604,,,W,white,nonhispanic,M,Hartford  Connecticut  US,947 Okuneva Port Suite 11,Fairfield,Connecticut,Fairfield County,,0,41.21028845154247,-73.26738678164895,52227.23,340957.9,100110
405addf1-caf6-0f29-cb0d-172bb3372770,1926-03-07,,999-20-5228,S99972801,X36820631X,Ms.,Catrina144,,Bashirian201,,,S,white,nonhispanic,F,Harwinton  Connecticut  US,128 Emmerich Pathway Unit 59,Cromwell,Connecticut,Middlesex County,,0,41.58109436389325,-72.70704373146926,253171.65,2092026.36,193987
dc803891-dc57-e79f-17d5-e47b3e295e32,1947-06-18,2026-06-22,999-99-3637,S99973108,X99680060X,Mr.,Dewey930,Ike571,Hilll811,,,M,black,nonhispanic,M,Southington  Connecticut  US,1003 Gislason Knoll Unit 49,Newington,Connecticut,Hartford County,9003.0,6111,41.67839788176375,-72.68993709179581,966056.83,801902.31,35121
55d9f586-2647-f3df-931a-ae7879c0d332,1937-11-28,,999-80-2730,S99967596,X42998035X,Ms.,Salley758,Crista774,Block661,,,S,black,nonhispanic,F,Westport  Connecticut  US,650 Wunsch Bridge,Farmington,Connecticut,Hartford County,,0,41.732776969973536,-72.796649310705,573546.9,893022.53,41912
e090ef32-76c1-c9bc-3c5b-54260fcf9f1a,1923-01-07,2003-03-12,999-59-6206,S99915383,X46524323X,Mr.,Ollie731,,Veum823,,,M,white,nonhispanic,M,Norwich  Connecticut  US,320 Borer Bypass,Hamden,Connecticut,New Haven County,,0,41.36303565005539,-72.875753004355,450833.61,792073.54,38476
3aa88083-e58f-8c94-6909-c3a8bca38d4c,1955-06-06,,999-67-6707,S99963987,X40509798X,Mr.,Sidney996,Jerry654,Green467,,,S,white,nonhispanic,M,Danbury  Connecticut  US,561 Swift Tunnel Apt 61,Guilford,Connecticut,New Haven County,,0,41.32024330775715,-72.71714191991,137893.77,857911.26,902866
a7b4c6c6-76a1-573d-c86b-2f61858a2a52,1949-06-11,,999-78-2642,S99920384,X42132135X,Mrs.,María Cristina383,Elisa944,Salinas3,,Rosas160,D,black,hispanic,F,Tegucigalpa  Francisco Morazán  HN,992 Gleason Corner,Farmington,Connecticut,Hartford County,,0,41.71522812223168,-72.79846671243733,923570.29,583396.17,59025
70cfdd7e-aa89-3586-9eb3-5a915ad950f7,1935-09-05,,999-82-4267,S99935011,X17488482X,Mr.,Chance908,Rufus33,O'Kon634,,,M,white,nonhispanic,M,Cheshire  Connecticut  US,1061 Gleichner Trailer,Danbury,Connecticut,Fairfield County,9001.0,6804,41.448402225332046,-73.47490134226123,346921.34,1006523.14,45355
d92def9b-a006-bb9d-e0f2-11eb2f554d91,1946-11-16,,999-68-1951,S99941793,X83788363X,Ms.,Celena734,Isa815,King743,,,S,white,nonhispanic,F,Madison  Connecticut  US,409 Hartmann Crossing Apt 84,Wallingford,Connecticut,New Haven County,,0,41.499591711997375,-72.78183141354968,1126072.45,727316.65,108217
b44e3c94-d11f-c3cf-90e2-2a38b7acd170,1923-01-07,,999-12-1144,S99958668,X44000559X,Mr.,Armand155,Ben667,Dickens475,,,M,white,nonhispanic,M,Trumbull  Connecticut  US,1091 Mante Fork,Hamden,Connecticut,New Haven County,,0,41.38821692583728,-72.88170476244802,332547.01,274876.67,38476
96d3df41-19e4-d638-0e63-702387d97451,1960-02-23,,999-20-7131,S99979910,X98552918X,Mr.,Freeman822,Daron260,Wolf938,,,S,white,nonhispanic,M,Orange  Connecticut  US,426 Hayes Landing Apt 95,Simsbury,Connecticut,Hartford County,,0,41.88388784128384,-72.81321774538894,107305.99,1005875.99,135098
4079d13c-55fc-bef8-4575-83fa28906894,1921-01-29,2004-11-09,999-59-4990,S99949113,X82092917X,Mrs.,Marie754,Kimbra238,Denesik803,,Wisoky380,D,white,nonhispanic,F,New Fairfield  Connecticut  US,678 Smitham Wynd,Bridgeport,Connecticut,Fairfield County,9001.0,6611,41.23775741635227,-73.20389115979475,58699.7,1567820.69,22157
3702927d-b9c9-bdd0-7be0-3424ca130bea,1955-08-07,,999-26-2017,S99923291,X13971867X,Mrs.,Ayako221,Walter473,McKenzie376,,Gutkowski940,M,white,nonhispanic,F,Trumbull  Connecticut  US,521 Padberg Ferry Suite 14,Norwalk,Connecticut,Fairfield County,9001.0,6880,41.08120330334203,-73.43308241620774,543044.03,442250.45,88618
70f57581-92bb-5ce3-a657-006d41b14d50,1932-10-25,2007-02-03,999-89-4591,S99938295,X10039257X,Mr.,Hiram237,,Von197,,,M,white,nonhispanic,M,Stamford  Connecticut  US,766 Wolf Highlands Unit 0,Haddam,Connecticut,Middlesex County,,0,41.5004341357789,-72.57742689634952,703783.8,3040998.32,58884
0fd82316-8f33-bf14-248f-01465931b8cd,1955-07-01,,999-73-5994,S99995693,X63044160X,Mr.,Jeffrey461,Sidney996,Herzog843,,,M,white,nonhispanic,M,Waterbury  Connecticut  US,971 Bergnaum Arcade Apt 90,Derby,Connecticut,New Haven County,9009.0,6418,41.27924080702584,-73.04745504675844,261081.44,468907.53,42749
49728a40-7cc0-255d-dbcb-a745c5a5258b,1921-01-29,2003-11-21,999-82-6286,S99992919,X85224787X,Mrs.,Mariana775,Xuan162,Nader710,,Hessel84,M,white,nonhispanic,F,Newington  Connecticut  US,564 Schmeler Mall,Bridgeport,Connecticut,Fairfield County,9001.0,6604,41.1785868120221,-73.14095247678878,72719.61,2425360.35,22157
040bd041-166d-549f-9b05-74597ddf610a,1971-12-30,,999-66-2630,S99955443,X47686594X,Mr.,Raymon366,Harris789,Howell947,,,S,white,nonhispanic,M,New London  Connecticut  US,254 Hyatt Divide Apt 88,Madison,Connecticut,New Haven County,,0,41.33884731974,-72.59807156228517,605652.5,526871.29,106493
add82337-e6ae-e6c7-5bc3-2f8f1f4f443f,1941-04-13,2024-07-13,999-64-8565,S99983293,X86936837X,Mr.,Bernardo699,Darrell400,Corkery305,,,M,white,nonhispanic,M,East Haven  Connecticut  US,157 Ondricka Path,East Haddam,Connecticut,Middlesex County,,0,41.48078830154593,-72.3952014232932,260297.81,221248.26,55832
043848e3-1b96-c4fb-1a33-d30eed1ef32d,1957-02-15,,999-51-7763,S99925183,X61992304X,Ms.,Felica690,Brittny484,Parisian75,,,S,white,nonhispanic,F,Stafford Springs  Connecticut  US,1009 Jacobs Passage Apt 25,Bridgewater,Connecticut,Litchfield County,,0,41.51851372629053,-73.32209033694775,24959.18,2050477.38,18829
61708659-2355-d623-ffc8-28db2b5e32a4,1950-02-17,,999-30-8823,S99948845,X56296593X,Mr.,Odis959,,Luettgen772,,,W,white,nonhispanic,M,Bridgeport  Connecticut  US,139 Weissnat Byway Suite 85,Old Mystic,Connecticut,New London County,9011.0,6372,41.40603668917264,-71.99120841159002,26622.41,794804.2,2240
7edf55b9-25c9-d59d-e68a-a2f7f3c9b2b4,1975-12-17,,999-21-5364,S99931779,X99673195X,Mr.,Dalton260,Theodore876,Bahringer146,,,S,white,nonhispanic,M,Southington  Connecticut  US,990 Schinner Alley Suite 49,Essex,Connecticut,Middlesex County,9007.0,6409,41.39279750944786,-72.42064776625583,165853.29,0.0,81399
ea3fa2a9-ef01-286c-8107-0df473079800,1973-07-06,,999-41-4485,S99958111,X14345235X,Mr.,Jorge Luis88,,Roldán470,,,D,asian,hispanic,M,San Juan  Puerto Rico  PR,829 Harris Branch Suite 21,Bridgeport,Connecticut,Fairfield County,9001.0,6605,41.28250764230281,-73.26055769669722,23980.25,1261658.72,21395
67872bb3-91a4-3aef-915c-0e1fac84966e,1941-06-05,1999-08-11,999-75-6414,S99993278,X86993153X,Mr.,Olen518,,Schowalter414,,,M,white,nonhispanic,M,North Granby  Connecticut  US,280 Morissette Port Suite 18,Fairfield,Connecticut,Fairfield County,,0,41.1735427400757,-73.23767835721718,259544.68,21183.18,104243
4d63f86d-c960-ba29-9a8b-a2c8ac312597,1944-04-07,,999-93-3171,S99920561,X92655905X,Mr.,Raphael767,,Senger904,,,D,other,nonhispanic,M,Manchester  Connecticut  US,496 Schneider Rest,Glastonbury,Connecticut,Hartford County,,0,41.65216519697327,-72.50698417703643,195113.6,564790.92,163451
347b4817-bfde-f6d4-ace7-877807a4f286,1953-11-30,,999-81-6695,S99986001,X53962864X,Mr.,Willard975,Monte325,Conroy74,,,D,asian,nonhispanic,M,Macau  Macao Special Administrative Region of the People's Republic of China  CN,432 Labadie Mission Apt 85,Norwich,Connecticut,New London County,9011.0,6360,41.60608376766366,-72.14443508328614,12807.41,306009.47,17601
0f95b65b-26f0-1060-9c82-f135b7a93a30,1953-03-02,,999-57-3697,S99914435,X92687137X,Mr.,Arden380,Elroy493,Hansen121,,,M,white,nonhispanic,M,Windham  Connecticut  US,753 Rippin Ville,Brookfield,Connecticut,Fairfield County,,0,41.42369053552182,-73.34501338483875,184914.47,188216.33,144241
3192aa3a-c8de-36ad-e9b2-8b459ab3bd38,1943-05-04,,999-27-8117,S99913989,X11665836X,Mrs.,Edward499,,Jakubowski832,,Weimann465,M,white,nonhispanic,F,Pawcatuck  Connecticut  US,787 Spencer Trafficway Apt 21,New Britain,Connecticut,Hartford County,9003.0,6051,41.69172032160768,-72.73876704593513,32636.58,2304985.42,9991
c0c8f98a-d809-5262-0a1b-7c41c091296e,1927-11-24,1998-09-05,999-68-9210,S99969379,X77412442X,Mr.,Denver542,Williams176,Hagenes547,,,S,white,nonhispanic,M,Middlebury  Connecticut  US,122 Rempel Light,Windham,Connecticut,Windham County,,0,41.74587196142858,-72.17950395957357,201621.04,637784.83,25540
1937b3f1-036f-e513-382b-aab4c6dcb65c,1934-03-26,2008-08-19,999-84-3186,S99944472,X31040736X,Mr.,Xavier983,Lazaro919,Feil794,,,M,white,nonhispanic,M,Chaplin  Connecticut  US,655 Luettgen Terrace,Naugatuck,Connecticut,New Haven County,9009.0,6770,41.47645976514664,-73.03470986727416,197590.72,305624.14,137226
18e92d90-e918-c869-6b7a-b37be1c095e2,1932-10-25,1997-09-07,999-27-9692,S99994143,X28555022X,Mr.,Carmen818,,Stiedemann542,,,S,white,nonhispanic,M,Middlebury  Connecticut  US,480 Waters Junction,Haddam,Connecticut,Middlesex County,,0,41.49249788705258,-72.57531658118066,780240.1,296023.73,58884
8b001108-45eb-d85d-9caf-aaf33ad0334c,1961-09-20,,999-79-7025,S99947456,X45258696X,Mrs.,Rosina706,Mollie266,Collier206,,Crist667,M,white,hispanic,F,Bristol  Connecticut  US,955 Kuhic Gate Suite 24,Stamford,Connecticut,Fairfield County,9001.0,6902,41.04686313667088,-73.58652311691753,606972.85,6334704.35,129648
66921a50-4443-547b-d1e3-aed55dacab05,1954-02-23,,999-88-8323,S99980836,X61806454X,Mr.,Houston994,Branden904,Beier427,,,M,white,nonhispanic,M,Stamford  Connecticut  US,201 Stark Spur,Newington,Connecticut,Hartford County,9003.0,6111,41.703428635479774,-72.76230781613923,240201.08,128978.93,54298
a36598d0-920e-3f12-cf8d-7cc3c5b2edcd,1950-07-24,,999-94-1164,S99953500,X90666708X,Mrs.,Crista774,,Dickens475,,Hahn503,M,white,nonhispanic,F,Windham  Connecticut  US,645 Bogan Mission,Southington,Connecticut,Hartford County,,0,41.58036001168085,-72.91383085280118,399827.41,690314.47,161425
7fbf6191-0975-1a93-cf5d-4d4f4348d37a,1917-12-12,,999-90-3731,S99921159,X97017019X,Mrs.,Kaleigh347,,Cormier289,,Lowe577,M,white,nonhispanic,F,Storrs  Connecticut  US,396 Braun Rest,Bristol,Connecticut,Hartford County,9003.0,6062,41.71918604767951,-72.83520414607347,1082296.59,631509.75,66566
c163f6d1-321d-14e2-fd70-c2a99c35d08e,1917-11-17,1989-11-09,999-41-6167,S99943345,X37077934X,Mrs.,Viki353,Reyna401,Maggio310,,Shields502,M,white,hispanic,F,Haddam  Connecticut  US,661 Emmerich Corner Apt 39,New Haven,Connecticut,New Haven County,9009.0,6511,41.27925284964931,-72.82540206449892,916857.39,569288.27,38867
b3e0468b-575f-c659-0483-e9b427e3dab6,1942-10-06,,999-82-8532,S99919506,X60406184X,Ms.,Cami698,Destiny774,Dooley940,,,S,black,nonhispanic,F,Farmington  Connecticut  US,189 Muller Forge,Canton Valley,Connecticut,Hartford County,,0,41.839214250581335,-72.91596882394276,927479.92,637549.9,104779
00830a28-efaa-af52-9eaf-cc377048e1a2,1946-09-06,,999-24-8956,S99928457,X59063032X,Mr.,Ben667,,Conn188,,,S,white,nonhispanic,M,East Hartford  Connecticut  US,451 Wolff Gate,Mystic,Connecticut,New London County,9011.0,6355,41.3467974945505,-71.95694161876455,318126.76,97839.81,119923
040c5e6a-5976-35f9-627d-f95f70acf2cd,1958-08-24,,999-43-9608,S99997752,X67214805X,Mr.,Dudley365,,Hoppe518,,,D,hawaiian,nonhispanic,M,Danbury  Connecticut  US,411 Hand Alley Suite 58,Norwalk,Connecticut,Fairfield County,9001.0,6854,41.09618578134353,-73.42638464469206,277002.94,131913.05,569901
38ddae80-658d-5206-a4a0-97d4a5b2a995,1920-10-24,2019-01-04,999-62-6069,S99948125,X59910247X,Mrs.,Marlen929,Silvia880,Rohan584,,Green467,M,white,hispanic,F,East Lyme  Connecticut  US,877 Conn Mews,Wethersfield,Connecticut,Hartford County,9003.0,6109,41.6716227607721,-72.63961900049772,970880.48,1679834.69,76596
2478284b-dc42-134a-6e46-2facfc965d17,1945-04-29,,999-12-5006,S99975434,X00855160X,Mrs.,Madge238,Lavina533,Will178,,Treutel973,M,white,nonhispanic,F,Wolcott  Connecticut  US,721 Connelly Meadow,East Hampton,Connecticut,Middlesex County,9007.0,6424,41.60436291937923,-72.54368331426919,431920.09,1534634.63,168931
408838b0-629e-c49e-82cf-d18690662548,1945-08-25,,999-53-2534,S99974835,X19920477X,Mr.,Nelson403,Monroe732,Hamill307,,,M,black,nonhispanic,M,Wallingford  Connecticut  US,446 Jacobson Bypass,Norwalk,Connecticut,Fairfield County,9001.0,6853,41.0627545838232,-73.45804484029242,212254.84,228049.29,479405
23802c81-cf97-3894-fa28-237ec4e6c63a,1969-03-14,,999-74-1341,S99926197,X14907725X,Mr.,Luther918,,Boyer713,,,D,white,nonhispanic,M,Wethersfield  Connecticut  US,1087 Durgan Gateway,Naugatuck,Connecticut,New Haven County,9009.0,6770,41.47113659818199,-73.0603509594766,11170.28,256154.01,2415
c4e93c68-60b0-ba93-fc31-4218e1cfecae,1961-07-11,,999-38-9812,S99910939,X45809140X,Ms.,Bess947,,Braun514,,,S,asian,nonhispanic,F,Beijing  Beijing Municipality  CN,769 Reilly Common,Fairfield,Connecticut,Fairfield County,,0,41.18808927714323,-73.25589630295579,369638.67,577613.72,189281
980a0cd7-279a-097c-5d60-918da18def9c,1926-12-24,2009-10-05,999-22-1650,S99927038,X95868556X,Mrs.,Loria303,Marilu588,O'Reilly797,,Russel238,M,white,nonhispanic,F,Thompsonville  Connecticut  US,728 Rice Pathway,Danbury,Connecticut,Fairfield County,9001.0,6810,41.360828497622755,-73.41934746022426,677660.17,2214259.49,35650
fc58bb57-bcb1-1ba0-833f-56cc618118ee,1953-11-18,,999-23-2829,S99995568,X44335949X,Mr.,Benny518,Rosario163,Kuhic920,,,S,white,hispanic,M,Naugatuck  Connecticut  US,987 Nienow Mews Apt 17,Stamford,Connecticut,Fairfield County,9001.0,6905,41.13613170889774,-73.64323828700192,15865.08,688368.66,23030
187566ea-de53-576c-15dc-3735c76d5e9c,1922-05-10,2012-02-14,999-85-5369,S99943284,X58650902X,Mr.,Jeremy766,Felix524,Durgan499,,,M,white,nonhispanic,M,Willimantic  Connecticut  US,477 Heaney Gardens,Morris,Connecticut,Litchfield County,,0,41.64988198553081,-73.2112884246543,197048.68,345828.08,143615
83cf4229-b78a-84e4-7a12-359e75626c82,1957-04-14,2022-04-04,999-38-2629,S99964217,X10925858X,Mr.,Alva958,Preston275,Krajcik437,,,S,white,nonhispanic,M,Redding  Connecticut  US,132 Murazik Passage,Shelton,Connecticut,Fairfield County,9001.0,6484,41.30137177493012,-73.14085191717479,266266.73,971880.67,68091
120e3578-3924-4540-6f43-9c1cca3d75b6,1948-03-26,,999-12-8351,S99933368,X33628059X,Mrs.,Chanelle850,Rhonda22,West559,,Mohr916,M,white,nonhispanic,F,East Hampton  Connecticut  US,763 VonRueden Trace,West Hartford,Connecticut,Hartford County,9003.0,6110,41.75097659740472,-72.72827886701508,181521.12,1105505.44,650695
86e88d7e-f7d3-35c7-4434-2d088cc1c844,1933-07-26,2019-03-17,999-22-8189,S99978720,X10344005X,Mr.,Oscar384,,Satterfield305,,,M,white,nonhispanic,M,Middletown  Connecticut  US,945 Kilback Walk,Wethersfield,Connecticut,Hartford County,9003.0,6109,41.73671954579251,-72.68837423386398,311417.23,228395.96,61933
54ba8aa9-4773-9aab-ed72-49b77981221a,1966-05-24,,999-76-2076,S99968088,X22009919X,Mrs.,Elise948,Dorian295,Goodwin327,,Abbott774,D,white,nonhispanic,F,Danbury  Connecticut  US,735 Gutmann Harbor Unit 53,Windsor,Connecticut,Hartford County,,0,41.88408546888638,-72.69150469469031,268141.44,335230.27,26826
281b0ff3-5124-98aa-1d69-149a37af39cc,1948-10-09,,999-11-7776,S99997344,X24201966X,Mr.,Charles364,Avery919,Leuschke194,,,D,white,nonhispanic,M,Glastonbury  Connecticut  US,652 Thiel Burg,Clinton,Connecticut,Middlesex County,9007.0,6413,41.34371621969273,-72.52154932752771,676043.27,638790.85,58082
a5a90bd4-7cac-26dd-e973-d7f9af54db56,1942-04-07,2016-07-02,999-64-7779,S99921019,X88839628X,Mr.,Alex454,Bret7,Kunze215,,,M,white,nonhispanic,M,Enfield  Connecticut  US,744 Sauer Bay,Hartford,Connecticut,Hartford County,9003.0,6103,41.75898944729569,-72.69546322837896,16883.36,652879.15,23329
644330d9-dfff-4a99-43f7-a39eb29ef08d,1964-03-17,2017-01-08,999-67-5987,S99974399,X91427944X,Ms.,Delia459,,O'Conner199,,,S,white,nonhispanic,F,Torrington  Connecticut  US,594 Christiansen Quay,Stamford,Connecticut,Fairfield County,9001.0,6905,41.03884022694064,-73.54452129002833,264660.24,636351.69,190860
2e918e3a-e67a-fab8-b7c8-652e02d43ca3,1933-07-26,2018-08-12,999-81-5413,S99927670,X67086983X,Mr.,Garry927,Rhett759,Harris789,,,S,white,nonhispanic,M,Burlington  Connecticut  US,789 Schulist Highlands Suite 40,Wethersfield,Connecticut,Hartford County,9003.0,6109,41.685447635204376,-72.64026529829924,305210.75,639737.56,61933
8bb2c3b6-5e51-255b-ad10-21bf09e3e0a1,1964-03-17,,999-41-3371,S99968860,X36451812X,Mrs.,Laverna97,Luanne915,Collier206,,Adams676,M,white,nonhispanic,F,Meriden  Connecticut  US,616 Luettgen Trail Suite 34,Stamford,Connecticut,Fairfield County,9001.0,6902,41.11953626635384,-73.48794925506478,352640.22,800421.63,190860
9e204173-320e-e544-c3cd-4ee72d282cae,1962-05-25,,999-35-4276,S99990341,X19783002X,Mrs.,Polly738,,Turner526,,Blanda868,M,white,nonhispanic,F,East Hampton  Connecticut  US,552 Ferry View Unit 41,Putnam,Connecticut,Windham County,9015.0,6260,41.91749886020767,-71.89151268428793,181493.94,628429.31,194592
ef5adc9c-67df-edd3-c5ca-708a583997c2,1977-08-03,,999-66-9239,S99911698,X87029331X,Mr.,Noe500,Edgardo196,Schultz619,,,M,black,nonhispanic,M,Mansfield  Connecticut  US,234 Terry Crossroad,Wolcott,Connecticut,New Haven County,,0,41.6193629359106,-72.95339498049655,209990.8,140629.82,36304
dfbd406a-6c95-e2bb-6e52-04ae4722e5ca,1962-08-08,,999-31-5363,S99946014,X92005809X,Mr.,Federico589,Raúl937,Gamez720,,,M,white,hispanic,M,Bayamon  Puerto Rico  PR,644 Kilback Passage Apt 86,Bloomfield,Connecticut,Hartford County,,0,41.87687417826952,-72.7314658729678,308700.14,11135.99,65293
d420121e-562e-08d7-5aba-2dfedd6801d9,1957-04-01,2021-02-28,999-11-1435,S99930051,X79903821X,Mr.,Timothy142,Nestor901,Thompson596,,,S,asian,nonhispanic,M,Seoul  Seoul  KR,1004 Von Parade Apt 12,Tolland,Connecticut,Tolland County,,0,41.92004660886857,-72.39917470794013,89028.97,901289.75,131797
049528eb-b71f-679f-fdcb-dd3ca3b10803,1921-11-09,,999-89-3367,S99997480,X77260325X,Mr.,Monty345,,Dooley940,,,M,hawaiian,nonhispanic,M,Vernon  Connecticut  US,104 Hand Station,East Brooklyn,Connecticut,Windham County,,0,41.81908834516083,-71.87711802340259,540844.4,2889795.67,2990
a6f0df37-04fc-754e-c39f-246846dc9643,1946-08-13,,999-72-9587,S99915328,X84346996X,Mrs.,Adela471,Adriana394,Monroy712,,Quiñónez764,M,black,hispanic,F,Portsmouth  Saint John Parish  DM,1040 Kuhn Gateway,Bridgeport,Connecticut,Fairfield County,9001.0,6607,41.19908023613351,-73.13992374688387,220897.27,974458.55,30080
da2c0c7d-334b-1b4a-db78-908d47f16d41,1919-09-23,,999-78-6885,S99915502,X49280922X,Mrs.,Elanor679,Cheryll577,Morar593,,Barton704,M,white,nonhispanic,F,Branford  Connecticut  US,498 Fadel Quay,Norwalk,Connecticut,Fairfield County,9001.0,6880,41.10317022964491,-73.43269664393269,341479.37,1821634.57,334975
a538cfff-d3b9-f90e-3a3c-bca42351c656,1950-07-25,,999-29-5063,S99943792,X80495607X,Mr.,Randell912,Carmine137,Connelly992,,,S,white,nonhispanic,M,Eastford  Connecticut  US,1076 Hintz Mill,New Haven,Connecticut,New Haven County,9009.0,6511,41.29153054949407,-72.92762553512851,14521.63,471775.04,13279
5205c456-d124-013a-6384-fd1bc41a6e55,1959-01-01,,999-39-8202,S99948177,X97604404X,Mrs.,Alva958,Valentine262,Donnelly343,,Bauch723,W,black,nonhispanic,F,Canton  Connecticut  US,362 Kshlerin Village Suite 9,Glastonbury,Connecticut,Hartford County,,0,41.70352728916735,-72.60033073718367,1393037.41,583805.03,57894
50047bfe-5830-f1c0-f21d-b5ace5463317,1942-08-23,2024-07-08,999-35-9319,S99919913,X09574312X,Mr.,Fidel864,Antione404,Bernier607,,,M,white,nonhispanic,M,Naugatuck  Connecticut  US,588 Reichert Run,Glastonbury Center,Connecticut,Hartford County,,0,41.658078950641354,-72.64863672901058,34606.38,779005.32,21997
c6c1b36f-dfbb-5a35-c590-a9ff273587f5,1948-09-28,2020-02-17,999-54-9872,S99996108,X41692636X,Mr.,Benjamín452,Federico589,Marrero674,,,M,white,hispanic,M,Santiago  Santiago Province  CL,433 Murphy Gate,Stratford,Connecticut,Fairfield County,9001.0,6611,41.140629224383105,-73.18637765003457,158153.44,412898.77,103702
5d15e604-4a47-b31a-a0dc-4476d798ee26,1920-01-10,,999-42-2874,S99961393,X13729164X,Mrs.,Joseph689,Chantell995,Schneider199,,Predovic534,M,white,nonhispanic,F,Brooklyn  Connecticut  US,489 Schultz Manor,Manchester,Connecticut,Hartford County,9003.0,6042,41.76011890112943,-72.4783714385279,50734.12,2801095.94,22528
7d720ff1-d4db-dc2a-460b-a462edeaa556,1944-07-12,,999-81-7498,S99950445,X50384258X,Mr.,Dorian295,Julian715,Douglas31,,,S,white,hispanic,M,Stamford  Connecticut  US,162 Kertzmann Fork,Newington,Connecticut,Hartford County,9003.0,6111,41.687029778518365,-72.72971318675847,256103.21,227237.81,38501
e3151fc4-afc5-293d-a350-afab200704d4,1942-12-18,2016-01-16,999-23-6660,S99967759,X03468386X,Mr.,Erich201,Al123,Bayer639,,,M,white,nonhispanic,M,Darien  Connecticut  US,1098 Bins Loaf,New Haven,Connecticut,New Haven County,9009.0,6510,41.36777373507507,-72.89772464630877,552620.35,2857209.75,55490
f4836622-ee68-7a75-6805-1af44f82f758,1945-01-02,,999-99-9750,S99992068,X91465545X,Mrs.,Carlota980,,Reynoso837,,Pizarro791,M,white,hispanic,F,Panama City  Panama  PA,273 Bogisich Dam Apt 82,Windsor,Connecticut,Hartford County,,0,41.90049585068253,-72.66348768244593,385884.72,1305427.81,302366
eca2ab8c-e2f4-1d54-0a3e-db836f0fc341,1963-05-11,,999-82-2003,S99917094,X70842346X,Mr.,Noe500,Brent147,O'Conner199,,,S,white,nonhispanic,M,Farmington  Connecticut  US,363 Goyette Street Suite 40,Waterford,Connecticut,New London County,9011.0,6385,41.343012071129735,-72.11059902309893,178970.47,49215.32,149746
d112cc2f-ced6-0605-dd65-a4cf6b64523c,1930-05-08,1999-02-19,999-70-3517,S99984647,X47560117X,Mr.,Joel444,Nolan344,Jacobi462,,,S,white,hispanic,M,Old Lyme  Connecticut  US,623 Oberbrunner Row Apt 23,Hamden,Connecticut,New Haven County,,0,41.41264439345349,-72.87883665517492,185043.53,623103.21,105085
501a6851-821c-008b-6ffe-42d389d5e1e9,1942-05-13,,999-10-6502,S99972640,X92413611X,Mr.,Antonio44,Carlos172,Castro740,,,D,white,hispanic,M,Salisbury  Saint Joseph Parish  DM,665 Bayer Junction Unit 68,Glastonbury Center,Connecticut,Hartford County,,0,41.714607131731896,-72.61730804643943,258052.91,792182.24,177337
3b567711-77bc-5344-9b18-6d53809a1e7e,1943-01-06,,999-76-8516,S99936982,X41865188X,Mrs.,Shanae34,,Green467,,Volkman526,M,white,nonhispanic,F,Bloomfield  Connecticut  US,719 Ankunding Estate Apt 27,Hartford,Connecticut,Hartford County,9003.0,6105,41.75278010316954,-72.68181382007273,20354.87,1422165.17,1137
2017cdf9-c719-abea-51e2-7762db0a4e5c,1969-10-16,,999-37-2801,S99956271,X14682214X,Mr.,Mervin111,Werner409,Johnston597,,,M,white,nonhispanic,M,Danbury  Connecticut  US,626 Hilll Glen,Watertown,Connecticut,Litchfield County,9005.0,6779,41.57504595121354,-73.10422761143424,147006.55,102243.84,81280
571f33f3-cbfe-2f34-a23f-22e0d36c598b,1949-02-27,,999-84-5400,S99990486,X07244784X,Mr.,Merrill415,Lyman173,Waelchi213,,,D,white,nonhispanic,M,South Windsor  Connecticut  US,652 Feeney Center,Hartford,Connecticut,Hartford County,9003.0,6105,41.83303402572227,-72.74307452804494,308931.48,437962.12,93252
d09ae586-2468-9a1c-25c5-a366a4ae1312,1926-04-24,1999-09-20,999-81-7260,S99995545,X95876854X,Mr.,Jere230,Aldo414,Bernhard322,,,M,white,nonhispanic,M,East Haven  Connecticut  US,891 Barton Extension,Southington,Connecticut,Hartford County,,0,41.58798236575309,-72.91408939640331,325982.99,93706.73,37820
8731077f-3cfa-83ca-43d2-ba08b6edc74b,1926-04-24,1993-12-23,999-46-7540,S99976704,X66272182X,Mr.,Jonah176,Miles206,Raynor401,,,S,white,nonhispanic,M,Stamford  Connecticut  US,307 Gleason Path,Southington,Connecticut,Hartford County,,0,41.59660659789838,-72.91120914633396,391532.66,1489590.22,37820
56d39ba1-0ed3-f4b6-d3a8-acdfc2eead2f,1926-04-24,2007-07-03,999-86-4980,S99952117,X46366473X,Mr.,Hunter736,Ben667,Kling921,,,M,white,nonhispanic,M,Prospect  Connecticut  US,899 Konopelski Fork,Southington,Connecticut,Hartford County,,0,41.57437682980525,-72.88531869520857,268603.5,994115.56,37820
ce515158-4e60-4da2-bab6-a650baa95daf,1965-12-19,,999-53-3234,S99948665,X40478207X,Mr.,Franklin857,Dan465,Wuckert783,,,S,white,nonhispanic,M,West Hartford  Connecticut  US,765 Rohan Skyway Apt 38,Waterford,Connecticut,New London County,9011.0,6385,41.37072515692281,-72.12427498150367,38358.53,464795.02,74454
9b638369-e9b2-8ac6-cff3-673f992408a8,1926-04-24,,999-48-7651,S99984421,X44141432X,Mr.,Zachery872,,Brown30,,,W,white,nonhispanic,M,Naugatuck  Connecticut  US,1017 Sawayn Mill,Southington,Connecticut,Hartford County,,0,41.59822018494457,-72.91947911353402,283712.46,292661.65,37820
b504426f-7092-2b1c-2494-38295b8b9fcb,1958-12-31,,999-33-7326,S99919487,X63000139X,Mr.,Leland44,Hilario934,Sporer811,,,M,white,nonhispanic,M,Wallingford Center  Connecticut  US,389 Gaylord Meadow,Norwalk,Connecticut,Fairfield County,9001.0,6850,41.12922208419624,-73.37745446587802,162881.54,110130.18,76015
4ac45be7-1581-cc59-b910-d034dd4dc772,1947-06-25,2018-11-05,999-27-4470,S99914230,X68559228X,Mr.,Alejandro916,Teodoro374,Delgadillo349,,,M,white,hispanic,M,Bogota  Bogota  CO,779 Schiller Trafficway,Stamford,Connecticut,Fairfield County,9001.0,6905,41.0542481749332,-73.6202522685755,353065.07,627054.11,78225
c7e7a8da-9d8a-ef9a-e6ac-ec0fd0528e8b,1932-11-10,,999-53-6208,S99921149,X54522501X,Ms.,Evan94,Hailey792,Ledner144,,,S,black,nonhispanic,F,Marlborough  Connecticut  US,888 Carroll Walk,Ansonia,Connecticut,New Haven County,9009.0,6401,41.33348643214014,-73.05063786242268,184287.26,1375480.25,29404
5f3932eb-0c2a-5c65-e296-329058d1cad2,1961-11-21,,999-60-2348,S99948877,X40566131X,Ms.,Myrtle529,Dorethea38,Ankunding277,,,S,black,nonhispanic,F,Bridgeport  Connecticut  US,324 Klocko Orchard Apt 71,Trumbull,Connecticut,Fairfield County,9001.0,6611,41.26152502171561,-73.2268831830736,590955.62,1247639.11,82821
78a13ec8-de77-7d41-b567-5e407156a75f,1978-05-28,,999-12-4842,S99954560,X08653615X,Mr.,Brian582,Benito209,Grant908,,,M,black,nonhispanic,M,Georgetown  Connecticut  US,148 Waelchi Underpass,Westport,Connecticut,Fairfield County,9001.0,6880,41.17454311000983,-73.38035084916592,177042.85,57363.51,437922
ce548416-e732-bd9a-d007-c16f31c86e33,1961-02-28,,999-76-8027,S99994634,X18769363X,Mr.,Kareem959,,Runolfsdottir785,,,M,white,nonhispanic,M,Meriden  Connecticut  US,183 Terry Loaf Suite 65,Windsor,Connecticut,Hartford County,,0,41.90822210228936,-72.72403792883577,353758.81,594778.23,189194
9edd39d2-b879-e4e8-3299-b6f67994e38c,1957-10-19,,999-47-4642,S99923840,X47112658X,Mrs.,Chin306,Steffanie515,Heidenreich818,,Hintz995,W,white,nonhispanic,F,Stamford  Connecticut  US,118 Wehner Skyway Apt 11,Bridgeport,Connecticut,Fairfield County,9001.0,6608,41.14191390785431,-73.21686146000425,207399.08,351071.25,33237
3ca60c8d-ea31-260d-3c47-8a5c92ece9a2,1958-01-17,,999-55-9044,S99950302,X92228362X,Mr.,Renato359,Isaias604,Langosh790,,,M,white,nonhispanic,M,Waterbury  Connecticut  US,163 Feeney Bay Unit 37,Naugatuck,Connecticut,New Haven County,9009.0,6770,41.48681281174628,-73.08973373538379,310910.1,63817.34,50631
e657088d-2b21-e3fa-ba93-09de83d36bb3,1954-06-05,,999-53-9086,S99969980,X88756873X,Mr.,Randell912,Trevor374,Hane680,,,S,white,nonhispanic,M,Vernon  Connecticut  US,1043 Jacobi Glen,Rocky Hill,Connecticut,Hartford County,,0,41.67092538488525,-72.68813779674369,110725.15,932276.85,137845
5d47eb81-c7f7-1b82-e0be-be6befceead8,1963-09-30,,999-41-3010,S99919377,X97479391X,Mr.,Tobias236,,Gleichner915,,,W,white,nonhispanic,M,Rocky Hill  Connecticut  US,587 Mante Parade Suite 64,Bridgeport,Connecticut,Fairfield County,9001.0,6605,41.190147342871406,-73.18847021766916,15642.92,356043.52,11065
4f503a08-2001-cb63-33ea-ae9ac8e2f4f3,1957-09-15,,999-39-3813,S99974331,X10420068X,Mrs.,Karissa612,Klara351,Beier427,,Rogahn59,M,white,nonhispanic,F,Heritage Village  Connecticut  US,311 Hansen View Unit 42,Shelton,Connecticut,Fairfield County,9001.0,6484,41.31520048530403,-73.14950388764632,357536.61,962891.44,168937
f5bf15a3-6a17-f21d-522d-9e9e5469270c,1938-05-23,2023-01-01,999-35-5335,S99958123,X50440082X,Mr.,Cletus494,,Prosacco716,,,W,white,nonhispanic,M,Simsbury Center  Connecticut  US,222 Heidenreich Stravenue Suite 5,Bridgeport,Connecticut,Fairfield County,9001.0,6608,41.206341439658544,-73.25503660102234,390356.42,422072.75,46578
28c30289-d6fb-b578-1199-f90aa542ce72,1947-04-04,,999-65-3952,S99980707,X05755256X,Mrs.,Katelyn962,,Kunze215,,Murphy561,M,white,nonhispanic,F,Hamden  Connecticut  US,389 Parker Mall Unit 14,Derby,Connecticut,New Haven County,9009.0,6418,41.346683968911066,-73.12830976271236,17059.13,1256564.28,1341
09589202-fa67-9d9a-7dd5-93aac1040356,1943-03-15,2019-03-27,999-92-3896,S99943344,X09126692X,Mr.,Kirk871,Rodney21,Mraz590,,,S,white,nonhispanic,M,Ledyard  Connecticut  US,483 O'Kon Trace,Manchester,Connecticut,Hartford County,9003.0,6042,41.804616256519665,-72.55684545368875,297503.53,1101276.24,28802
91217f44-9df0-a538-b4c2-d1806889ab98,1980-02-08,,999-27-5495,S99918210,X22076601X,Mr.,Rudolph554,Dillon740,Collins926,,,M,black,nonhispanic,M,Scotland  Connecticut  US,386 Robel Burg,Glastonbury,Connecticut,Hartford County,,0,41.644338909866086,-72.51644495969603,120613.66,66579.58,697882
83933065-087f-48ec-a826-e0aaf3c6fe28,1957-12-02,,999-81-6977,S99955384,X49692031X,Ms.,Rocio28,Marisol435,Colunga237,,,S,white,hispanic,F,Port-au-Prince  Haiti  HT,393 Frami Branch Suite 52,Hartford,Connecticut,Hartford County,9003.0,6114,41.74719457069563,-72.71468671392282,18410.94,1266093.38,21622
929a9868-2796-d285-8f1d-4e30903de803,1948-03-22,,999-83-6118,S99948576,X71754735X,Mrs.,Jeanne553,Cami698,Halvorson124,,Upton904,D,white,nonhispanic,F,Montville  Connecticut  US,890 Weber Parade,New Haven,Connecticut,New Haven County,9009.0,6513,41.31246509351274,-72.87022290582485,125932.9,3963921.13,6547
ce7031fc-1a5b-f6aa-6ca1-1cbc116e2216,1958-02-13,2025-10-01,999-69-1843,S99985063,X24671211X,Mr.,Willis868,Gonzalo160,Stiedemann542,,,S,white,nonhispanic,M,Meriden  Connecticut  US,363 Collier Approach Apt 79,Durham,Connecticut,Middlesex County,9007.0,6422,41.44473834565359,-72.70546347999397,49532.0,244720.56,526095
cb4c0dc5-e3ae-d9aa-a635-914cd91692ea,1964-05-05,2017-10-24,999-28-1896,S99935356,X15359947X,Mr.,Leroy603,Arnoldo445,Sawayn19,,,D,black,hispanic,M,Ledyard  Connecticut  US,1062 Weimann Mews Apt 60,Greenwich,Connecticut,Fairfield County,9001.0,6831,41.11232636439777,-73.64503332488395,160459.72,122442.76,53846
9010ff84-c54a-ed58-0a53-10d7030ec95e,1961-10-09,,999-14-9267,S99929059,X24107797X,Mr.,Rigoberto443,Earnest658,Reilly981,,,M,white,nonhispanic,M,South Windsor  Connecticut  US,304 Ward Green Suite 99,Windsor,Connecticut,Hartford County,,0,41.87000955477,-72.62612653250521,185314.7,72636.63,54063
fcb994d0-c359-66c4-e417-cc2f9592cf21,1947-08-22,,999-83-2308,S99956906,X07475394X,Mr.,Mohammed454,,Ernser583,,,M,white,nonhispanic,M,Meriden  Connecticut  US,423 Christiansen Trailer Unit 43,Oakville,Connecticut,Litchfield County,9005.0,6779,41.64499981056593,-73.11325856558928,236398.22,527150.02,190031
383001a6-590a-0753-c8d3-1d608f16f9a6,1930-08-31,1994-06-22,999-57-7375,S99972859,X56476539X,Mr.,Winston220,Hollis7,Ledner144,,,D,black,nonhispanic,M,Bristol  Connecticut  US,122 Osinski Quay,Farmington,Connecticut,Hartford County,,0,41.695993930726715,-72.84573415433573,129007.72,326911.78,23558
e45cfa40-2861-0ba8-34d9-e08fb0a22755,1963-07-28,,999-64-1253,S99945084,X02776682X,Mrs.,Karin721,,MacGyver246,,Nitzsche158,M,white,nonhispanic,F,Bethany  Connecticut  US,408 Gutkowski Ramp Apt 97,Torrington,Connecticut,Litchfield County,9005.0,6790,41.73241844198997,-73.22433132748002,805782.46,419646.3,80996
81fe1de5-df8c-fbc9-1066-aaa7f540413d,1971-06-20,2026-03-19,999-12-2651,S99981566,X23058921X,Mr.,Pablo44,Burton124,Collins926,,,S,white,nonhispanic,M,West Hartford  Connecticut  US,860 Bauch Key,Weston,Connecticut,Fairfield County,,0,41.27386232187621,-73.33014793430343,158124.72,40185.87,97148
f9a743ef-ba41-21d8-966b-4832af794901,1928-05-11,2008-05-13,999-84-4136,S99974329,X38833218X,Mr.,Vaughn909,Dion244,Bernier607,,,M,white,nonhispanic,M,Newtown  Connecticut  US,1026 Pouros Pathway Suite 9,Old Greenwich,Connecticut,Fairfield County,9001.0,6870,41.03102401869708,-73.5675223445814,320602.98,3174716.77,616507
8d0114da-b866-1f61-d69a-f2561b142f76,1930-08-31,,999-92-6270,S99936956,X98106880X,Mr.,Ted955,Vernon254,Lubowitz58,,,M,black,nonhispanic,M,Trumbull  Connecticut  US,985 Blick Divide Unit 1,Farmington,Connecticut,Hartford County,,0,41.77676985162684,-72.83348655395693,243558.47,486622.43,23558
2dd7d19b-777f-c848-1f20-4618e3cbc4a4,1947-12-22,2017-06-08,999-10-4449,S99917630,X67261425X,Mrs.,Pearly845,Jacki842,Rohan584,,Halvorson124,W,white,hispanic,F,East Haven  Connecticut  US,893 Wiegand Junction,Manchester,Connecticut,Hartford County,9003.0,6040,41.771353603722325,-72.49337555921906,1172509.24,539933.24,119517
8e896da1-2f71-ff7b-2f0a-31527cf3ba26,1922-11-29,,999-23-9169,S99992412,X88730881X,Mr.,Rey54,Arnold338,Bednar518,,,M,white,nonhispanic,M,Hartford  Connecticut  US,947 Torphy Trace,Newington,Connecticut,Hartford County,9003.0,6111,41.65237752542845,-72.72278416085159,145362.4,655110.56,94464
e35bc872-f074-543b-1921-ef63b44d58d2,1947-07-26,,999-29-2599,S99934787,X09784007X,Mr.,Sung603,Jerrell6,Deckow585,,,M,white,hispanic,M,New Haven  Connecticut  US,1029 Walsh Ramp,Wallingford Center,Connecticut,New Haven County,,0,41.48298446185832,-72.76966507594037,338229.59,356322.72,56173
438007f9-ce3a-38f2-de7e-d7c10954d2ac,1945-09-26,,999-38-3135,S99933137,X91458912X,Mr.,Allan198,,Stehr398,,,M,white,nonhispanic,M,New Haven  Connecticut  US,372 Breitenberg Common Suite 82,Bolton,Connecticut,Tolland County,,0,41.732732803685806,-72.43833075168395,240625.3,874765.96,191934
14c2e4f9-b1bb-89c8-ea62-4eeb64b0686d,1948-10-04,,999-18-3463,S99916179,X82172507X,Mrs.,Toccara373,Justin359,Wuckert783,,Boyle917,M,white,nonhispanic,F,Granby  Connecticut  US,433 Simonis Village,New Haven,Connecticut,New Haven County,9009.0,6513,41.2731869558136,-72.94063862967765,844162.27,995622.6,93235
214203ca-cfd1-9342-cb35-79c4042bb024,1945-02-02,,999-61-1873,S99926754,X83508291X,Ms.,Marhta321,Pilar644,Strosin214,,,S,black,hispanic,F,Bridgeport  Connecticut  US,836 Shields Street,Thompsonville,Connecticut,Hartford County,,0,42.020445042478514,-72.62632644471263,303043.32,1342885.33,32393
4b4f5806-ea3e-7d7d-00a7-e64df6152faf,1951-10-19,2018-12-27,999-19-7442,S99925214,X83747396X,Mr.,Mohammed454,Noble66,Corkery305,,,M,white,nonhispanic,M,Waterford  Connecticut  US,313 Parker Neck Unit 19,Waterbury,Connecticut,New Haven County,9009.0,6708,41.57088381527901,-73.07404181980695,209406.21,100827.63,95416
dba32cb6-ad7b-8d14-bd59-814fe871aba8,1943-02-26,2026-02-06,999-46-8206,S99913415,X25949614X,Mr.,Teddy976,Rigoberto443,Hand679,,,M,white,nonhispanic,M,Stafford  Connecticut  US,201 Bogan Ramp,North Haven,Connecticut,New Haven County,9009.0,6473,41.337997503260944,-72.8490847607833,13963.13,302840.23,21025
c12ee540-f33e-f598-7306-b239fce5f4e7,1960-10-13,,999-18-7025,S99910995,X83635873X,Mr.,Rudolf736,Ira784,Eichmann909,,,D,white,nonhispanic,M,Bozrah  Connecticut  US,760 Blanda Crossing Unit 51,Enfield,Connecticut,Hartford County,,0,41.9367860066371,-72.55522840363328,102335.26,137516.99,32799
f87b0edb-6b53-9443-919f-92e255feea5d,1943-10-30,2024-06-20,999-47-1851,S99980752,X92639953X,Mr.,Samuel331,Rich940,Kautzer186,,,M,white,nonhispanic,M,Stafford  Connecticut  US,437 Marks Forge,Cromwell,Connecticut,Middlesex County,,0,41.64252442985469,-72.65508905183684,138340.14,504114.35,23572
0284b218-076e-3b9c-0226-01462a49c4fb,1943-10-30,,999-21-3764,S99995134,X95794611X,Mr.,Claud279,Jeffry142,Hauck852,,,S,white,nonhispanic,M,Ellington  Connecticut  US,223 Kshlerin Haven Unit 29,Cromwell,Connecticut,Middlesex County,,0,41.6101466512482,-72.63018673571798,69946.13,249068.76,23572
3323c2e5-97d6-362c-1fb9-b84280451d91,1974-07-27,,999-41-8538,S99949735,X02670851X,Mrs.,Débora815,Guillermina633,Pelayo88,,Agosto501,M,white,hispanic,F,Wesley  Saint Andrew Parish  DM,577 Swaniawski Underpass Unit 98,Lisbon,Connecticut,New London County,,0,41.606104923474355,-72.01629180160947,622121.18,225039.25,93375
5d35e10d-5076-ffa2-2ee4-73d9b3cef7a1,1963-02-14,,999-85-8361,S99967169,X91663387X,Mrs.,Chantel847,Tracy345,Kris249,JD,Hegmann834,M,white,nonhispanic,F,Willington  Connecticut  US,828 Botsford Camp Suite 75,Cos Cob,Connecticut,Fairfield County,9001.0,6807,41.09608995757269,-73.56769159487988,41674.58,2070459.73,12029
80c6fa81-632b-fcb2-2dab-201ddabc4b9c,1952-02-28,,999-13-1523,S99955133,X02155402X,Mrs.,Barbara209,Luisa710,Cepeda588,,Sánchez310,M,white,hispanic,F,Salisbury  Saint Joseph Parish  DM,679 Erdman Throughway Suite 24,Preston,Connecticut,New London County,,0,41.52830523382936,-71.97870194209874,181170.9,972663.49,28243
5a9f94e8-9096-56b2-87bb-e1c2b66ab7db,1956-12-14,,999-96-5812,S99924597,X77918405X,Ms.,Ji399,Tashina114,Zboncak558,,,S,white,nonhispanic,F,Bridgeport  Connecticut  US,494 Morissette Trailer Apt 46,Norwalk,Connecticut,Fairfield County,9001.0,6880,41.076344069060674,-73.46401874222677,381204.31,1027319.38,760638
8f7a4f8c-4d02-c23b-d3e5-9aedd4c91acd,1935-01-17,,999-98-6624,S99933741,X09457082X,Mr.,Dana512,Malcom15,Little434,,,D,hawaiian,nonhispanic,M,Hartford  Connecticut  US,856 Dach Loaf,Terryville,Connecticut,Litchfield County,9005.0,6786,41.688961072919035,-72.97865904796228,380337.35,741787.6,98964
d8d30f46-d6e9-8ca2-5970-fd2274d91efc,1946-10-12,,999-49-3958,S99937819,X54988442X,Mr.,Millard193,Harland508,Marquardt819,,,M,white,nonhispanic,M,Branford  Connecticut  US,867 Hegmann Haven Suite 69,Stamford,Connecticut,Fairfield County,9001.0,6903,41.01959570245486,-73.56739917982101,186918.12,246266.36,39457
0b02b7a3-94ab-8aed-d798-f893955985b6,1956-05-08,,999-64-8797,S99999735,X83839552X,Mr.,Abraham100,Williams176,Heathcote539,,,S,white,nonhispanic,M,Watertown  Connecticut  US,568 Fadel Village,Stamford,Connecticut,Fairfield County,9001.0,6905,41.07525611193696,-73.53444600776128,215343.15,544959.8,110926
68476cdc-0ce6-fc54-aa40-6a8d58d72798,1950-04-14,,999-68-6176,S99994011,X89671462X,Mr.,Jason347,Abdul218,Schoen8,,,M,white,nonhispanic,M,Waterbury  Connecticut  US,511 Ortiz Track,New Haven,Connecticut,New Haven County,9009.0,6513,41.304879488360605,-72.92498083403946,180357.15,218838.07,55927
d744fcc5-02df-e23d-ba59-70b7ad7d94a7,1962-09-10,,999-14-8086,S99952228,X04846039X,Mrs.,Sara501,Conchita9,Galván169,,Soto31,M,white,hispanic,F,Marigot  Saint Andrew Parish  DM,364 Dickens Frontage road Unit 74,Clinton,Connecticut,Middlesex County,9007.0,6413,41.25226412796923,-72.52457127832635,1002618.06,271963.49,94700
a2db919c-ce4a-06e2-c8fb-9dd10467b78f,1954-09-07,,999-34-4169,S99961075,X46327832X,Mrs.,Merissa718,Arlene209,Heller342,,McKenzie376,M,white,nonhispanic,F,Trumbull  Connecticut  US,873 Bernier Meadow,Stamford,Connecticut,Fairfield County,9001.0,6901,41.121678165752265,-73.54712627803669,1395032.48,754247.65,61970
723693e6-d061-d12e-23e7-cfbae9e6ce78,1940-02-25,2020-04-25,999-43-7065,S99950685,X09514110X,Mr.,Cletus494,Lon587,Jerde200,,,D,white,nonhispanic,M,Norwich  Connecticut  US,849 Wilkinson Track Unit 77,Manchester,Connecticut,Hartford County,9003.0,6040,41.81354625910048,-72.50350312279494,357834.8,195748.64,46047
6c33d6b8-c965-fd3b-600c-b06bc4813c26,1952-11-27,,999-40-3877,S99995512,X87852703X,Mr.,Mary779,Otto672,Jast432,,,D,white,nonhispanic,M,Bristol  Connecticut  US,852 Green Boulevard Suite 87,Stafford,Connecticut,Tolland County,,0,41.9655229280181,-72.27778787202877,313471.02,918164.83,85453
a7db28d7-707c-3d1a-ab33-b3510e2eaff5,1951-08-18,,999-49-8629,S99937465,X74434065X,Mr.,Harland508,Sid118,Hickle134,,,D,black,nonhispanic,M,Bridgeport  Connecticut  US,895 Howe Junction,Newington,Connecticut,Hartford County,9003.0,6111,41.68211297354885,-72.70694496053484,174892.18,360982.59,32745
3c6839fd-91a5-2d5d-e319-5618ab999e99,1948-04-04,,999-24-5936,S99985496,X74267474X,Mrs.,Christina143,Kandace783,Zieme486,,Reinger292,D,white,nonhispanic,F,Guilford  Connecticut  US,1064 Dare Mall Suite 76,Southington,Connecticut,Hartford County,,0,41.6460317022353,-72.91137455488303,906353.78,497833.58,49122
2743b512-4d72-987d-7a1d-3991fe42a525,1940-02-25,,999-31-6106,S99997489,X27553619X,Mr.,Noah480,Ramon749,Berge125,,,M,white,nonhispanic,M,Cheshire  Connecticut  US,816 Crooks Lane Suite 3,Manchester,Connecticut,Hartford County,9003.0,6042,41.84037525981568,-72.53888349484521,511246.65,234522.17,46047
722a6e3b-5882-a7c7-a5c5-1686e0146787,1948-09-22,,999-17-8349,S99995396,X78459919X,Mr.,Scott935,Ahmed109,DuBuque211,,,M,white,nonhispanic,M,Windsor  Connecticut  US,918 Jakubowski Esplanade,New Haven,Connecticut,New Haven County,9009.0,6512,41.284210462338166,-72.88544242276676,266753.71,852868.59,53119
2e00837f-45ee-257f-b684-a2abc1780fd8,1955-10-07,,999-92-1670,S99947026,X07704596X,Mr.,Malcom15,Travis723,Cole117,,,D,white,nonhispanic,M,Hartford  Connecticut  US,445 Gibson Wall Unit 38,Plainfield,Connecticut,Windham County,9015.0,6374,41.65392142672459,-71.95058587396792,239556.41,408078.1,81854
9966705c-9780-0efe-1939-00a4d8d61cda,1977-02-02,2023-11-28,999-49-7907,S99992786,X33607038X,Mr.,Emile522,German382,Aufderhar910,,,S,asian,nonhispanic,M,Hong Kong  Hong Kong Special Administrative Region  CN,564 Swift Flat,Greenwich,Connecticut,Fairfield County,9001.0,6831,41.00584566734379,-73.6713491675304,145769.02,89091.42,64375
610a7b9f-9396-609a-1017-f58bfa237a07,1920-02-27,2018-02-15,999-70-9908,S99970132,X12333818X,Mrs.,Meri607,Maisha241,Gleichner915,,Jaskolski867,M,white,nonhispanic,F,Stamford  Connecticut  US,796 Kilback Corner,Harwinton,Connecticut,Litchfield County,,0,41.780679319120914,-73.06393000265807,1508609.25,3593559.52,46819
13ea85ba-2d38-6607-c777-d801d1d52515,1949-09-21,2014-11-06,999-17-5174,S99951913,X45964792X,Mr.,Óscar156,Gabriel934,Ortega866,,,M,other,hispanic,M,Havana  Havana  CU,337 Farrell Key,Bridgeport,Connecticut,Fairfield County,9001.0,6610,41.27948025196068,-73.2269151802259,17426.43,405425.62,18304
f4b40d77-70e7-7ce3-8077-90663e0d26be,1976-06-12,,999-61-9722,S99996558,X05371005X,Mr.,Geoffrey157,Christian753,Bailey598,,,M,white,nonhispanic,M,South Windsor  Connecticut  US,740 Dickens Branch Unit 84,Wallingford Center,Connecticut,New Haven County,,0,41.44436096834893,-72.78175433380196,159228.66,92478.23,72215
50d0627e-086c-3cb6-e2a4-616829501246,1917-02-05,2004-02-11,999-67-7108,S99993735,X61119376X,Mr.,Blaine377,Quinn173,Schmeler639,,,D,white,nonhispanic,M,Old Greenwich  Connecticut  US,366 Hansen Parade,New Haven,Connecticut,New Haven County,9009.0,6517,41.29441376880179,-72.9696436869281,211035.85,562564.18,64522
b6850058-7ca5-b782-3c72-b970c93160c5,1974-02-23,,999-18-5559,S99990214,X63301170X,Mr.,Aubrey96,Blake449,Johns824,,,D,white,nonhispanic,M,New Haven  Connecticut  US,767 Kreiger Path Apt 65,Stafford Springs,Connecticut,Tolland County,9013.0,6076,41.97796108402948,-72.26634271859373,22093.56,348450.11,22372
f648eb4e-7058-833c-e883-066bb03a6e74,1942-11-26,,999-73-2056,S99972234,X09363758X,Mrs.,Casie505,John539,Witting912,,Schinner682,W,white,nonhispanic,F,East Haddam  Connecticut  US,603 Torp Road,Manchester,Connecticut,Hartford County,9003.0,6042,41.745767125632625,-72.54237174988587,59429.06,2254317.4,23085
3873ad7f-a347-2ce6-b8e1-2e8ba0f3e2bd,1917-02-05,,999-67-4565,S99947877,X13983632X,Mr.,Herschel574,Sherwood961,Tromp100,,,M,white,nonhispanic,M,Quinebaug  Connecticut  US,542 Langworth Crossroad,New Haven,Connecticut,New Haven County,9009.0,6517,41.358346102334345,-72.90610538537906,396626.28,1333708.35,64522
ab017efa-3d35-f319-5475-39fdc7c8993e,1942-03-23,,999-41-6842,S99996555,X45067028X,Mr.,Erik495,Ezequiel972,Herman763,,,D,white,hispanic,M,West Haven  Connecticut  US,494 Windler Bypass,Suffield,Connecticut,Hartford County,9003.0,6078,42.00471902918303,-72.66174782874226,19344.71,538434.13,21934
39e6e46b-5407-24ed-7fcd-59a85af63b0b,1941-01-12,,999-40-2930,S99917597,X35467059X,Mr.,Vernon254,Jackson413,Hegmann834,,,W,white,nonhispanic,M,Litchfield  Connecticut  US,715 Kilback Knoll Suite 41,Norwich,Connecticut,New London County,9011.0,6389,41.58504673277636,-72.11736960514037,855633.39,821525.87,38925
3623c7ab-3ac8-fdf1-36a4-de6a03a6b55a,1951-01-16,,999-38-5172,S99944739,X32862218X,Mr.,Peter292,Alfred550,Cummings51,,,M,white,nonhispanic,M,Warsaw  Masovian  PL,960 Bergstrom Highlands,Montville,Connecticut,New London County,,0,41.420657804503826,-72.12544497847445,252629.59,184413.71,105397
1c10b81e-fb9c-1a43-5435-29913256bb78,1941-10-15,,999-78-5504,S99977134,X53051948X,Mr.,Donnie175,Hilton264,Hickle134,,,M,white,nonhispanic,M,Byram  Connecticut  US,649 West Row,Windsor Locks,Connecticut,Hartford County,9003.0,6095,41.95482551931112,-72.65130896914994,220005.07,373704.4,138745
2fa6edb8-e4f8-87c5-d896-69fe296a53e2,1920-02-27,,999-55-6296,S99924934,X25630975X,Mrs.,Sam879,Ivonne773,Mante251,,Hammes673,M,white,nonhispanic,F,Plainfield  Connecticut  US,1053 Weissnat Estate Suite 24,Harwinton,Connecticut,Litchfield County,,0,41.76153395368549,-73.03512316706342,886620.13,439307.78,46819
90920df9-1c6b-bfc5-a1a1-e3fa13d71b63,1944-05-02,,999-96-3408,S99925054,X17302372X,Ms.,Belle514,Ileana390,Barton704,,,S,white,nonhispanic,F,West Haven  Connecticut  US,162 Macejkovic Arcade,Naugatuck,Connecticut,New Haven County,9009.0,6770,41.483769735289926,-73.01292105127676,590245.37,379862.8,102502
7afb8f08-7fb3-d4cc-8a5f-756dfc8b1176,1948-10-26,,999-50-9360,S99993962,X82712812X,Mr.,Larry532,,Cassin499,,,S,white,nonhispanic,M,Branford Center  Connecticut  US,324 Hamill Heights,East Haven,Connecticut,New Haven County,9009.0,6513,41.256388307325224,-72.8924397984159,21404.07,1130943.56,6180
5ba987f4-6851-019a-757c-bdf13c5a96bc,1959-01-02,,999-64-6645,S99986513,X32076967X,Mrs.,Lyndia317,Kathe603,O'Keefe54,,Spencer878,W,black,nonhispanic,F,Moosup  Connecticut  US,992 Toy Haven Apt 19,Fairfield,Connecticut,Fairfield County,,0,41.21533695055281,-73.23944420344314,515018.41,865351.38,899538
970e1d80-888f-b91f-fa0c-97b2bf9ba164,1916-09-30,,999-56-7831,S99982353,X40693668X,Mr.,Matthew562,Graham902,Schaefer657,,,M,black,nonhispanic,M,Burlington  Connecticut  US,1019 West Trail,Collinsville,Connecticut,Hartford County,9003.0,6022,41.83489142288518,-72.87967512907345,259551.38,265872.62,79634
ebb8f7d9-a218-0f83-d472-64421f51aee4,1981-12-12,,999-49-7304,S99956891,X93793892X,Mr.,Glenn0,Christoper325,Armstrong51,,,M,black,nonhispanic,M,New Britain  Connecticut  US,414 Nitzsche Bridge Unit 26,New Britain,Connecticut,Hartford County,9003.0,6053,41.712491681139355,-72.80912365570697,644734.5,335009.36,81312
4f5c5bb4-e7c1-46d9-64c0-c8c35f031590,1937-09-07,2021-12-11,999-80-6417,S99951996,X91736540X,Mr.,Miquel905,Palmer257,Walker122,,,M,white,nonhispanic,M,Ellington  Connecticut  US,126 Gleason Well Unit 31,New Fairfield,Connecticut,Fairfield County,,0,41.44533179052015,-73.53511323382955,283804.08,310981.65,157953
a6430f8e-dc68-9502-feab-fcfc75542b4f,1937-09-07,2022-01-06,999-98-1875,S99954599,X90992731X,Mr.,Woodrow571,,Beer512,,,M,white,nonhispanic,M,Watertown  Connecticut  US,1092 Rosenbaum Station Suite 47,New Fairfield,Connecticut,Fairfield County,,0,41.51901177702519,-73.44845033457669,205407.68,359125.57,157953
7beb586a-146c-c84e-7fe5-b35875333190,1950-05-13,,999-13-7144,S99996473,X25566730X,Mr.,Granville802,Raul814,Wisozk929,,,M,white,nonhispanic,M,Meriden  Connecticut  US,1056 Rath Club,Waterbury,Connecticut,New Haven County,9009.0,6705,41.45919316343128,-73.05066728256189,473476.62,1193518.43,38170
253df850-85b1-a14a-7096-64fb461de915,1956-12-06,,999-32-6561,S99989576,X02041364X,Mr.,Jackson413,Douglas31,Auer97,,,D,asian,nonhispanic,M,Beijing  Beijing Municipality  CN,769 Witting Port Suite 23,New Haven,Connecticut,New Haven County,9009.0,6510,41.32624686632427,-73.00819105274927,220324.79,1536013.73,23996
d377d44c-e14f-06c9-2129-e7f9a776e2a6,1956-01-02,,999-83-2193,S99930609,X31330557X,Ms.,Chantell995,Marlen929,Hamill307,,,S,white,nonhispanic,F,Torrington  Connecticut  US,955 Casper Trailer Unit 94,Watertown,Connecticut,Litchfield County,9005.0,6779,41.65345454274161,-73.14964939261446,436629.71,511965.93,44668
4ba9c422-18cd-228c-894d-05265df82f88,1937-09-07,2008-09-06,999-45-4169,S99993465,X84962597X,Mr.,Marcellus830,,Leffler128,,,M,white,nonhispanic,M,Guilford Center  Connecticut  US,791 Gulgowski Haven,New Fairfield,Connecticut,Fairfield County,,0,41.50049525092565,-73.50613952635813,168583.34,110722.87,157953
fc7bd092-616c-43b5-68ee-c62e3d7f3f82,1946-11-21,2007-08-04,999-73-4407,S99968778,X48051689X,Mrs.,Yasuko490,Ciara810,Grimes165,,Jenkins714,M,white,nonhispanic,F,Westport  Connecticut  US,889 Rolfson Ferry,Newington,Connecticut,Hartford County,9003.0,6111,41.70602906031225,-72.75015643310039,23151.54,1488514.44,21554
d2048b21-cf7e-3ef6-ca16-8aa3ddf380e4,1937-09-07,,999-37-7779,S99988801,X11991406X,Mr.,Joaquin141,Winfred745,Hodkiewicz467,,,S,white,nonhispanic,M,Berlin  Connecticut  US,1036 Kuhlman Rue Unit 59,New Fairfield,Connecticut,Fairfield County,,0,41.44046823743661,-73.45796616176159,229687.91,226543.43,157953
92426e49-3864-f05a-f8c6-f9d787fb2003,1944-07-28,,999-11-9798,S99919831,X93796814X,Mr.,Frances376,Mack300,Marquardt819,,,M,white,nonhispanic,M,Westport  Connecticut  US,1086 Williamson Ranch,Farmington,Connecticut,Hartford County,,0,41.733675006953256,-72.85262228270285,50300.28,1514468.38,20522
6ae86d6e-91ce-5299-c0f1-eeccf682d7ed,1961-04-21,,999-78-2207,S99920957,X05820358X,Mr.,Sammie902,Geraldo282,Connelly992,,,M,white,nonhispanic,M,Hartford  Connecticut  US,570 Pfeffer Bypass Suite 71,Wallingford,Connecticut,New Haven County,,0,41.49107613996351,-72.84749278717261,14982.82,390708.79,14309
94a6bd1f-88e9-797a-9474-9762a9ca6740,1959-11-11,,999-25-2697,S99991784,X64474952X,Mrs.,Coleen678,Marcia467,Marquardt819,,Mraz590,M,black,nonhispanic,F,Bridgeport  Connecticut  US,906 Kuphal Trace Suite 66,East Haven,Connecticut,New Haven County,9009.0,6512,41.37563239015133,-72.83640833682048,34073.27,1174943.05,19880
f0bfcf13-3ca7-e932-28e6-8b08a0b9fb85,1927-03-19,2011-12-30,999-24-3157,S99976181,X61605516X,Mrs.,Helena807,Lawrence741,Balistreri607,,Ullrich385,M,white,nonhispanic,F,Guilford  Connecticut  US,126 Sauer Lodge,Greenwich,Connecticut,Fairfield County,9001.0,6831,41.1112427946735,-73.70681843893152,367229.66,1174217.03,327552
fdbfb551-05ee-413e-ab1a-82e60ac25f80,1942-12-10,2025-12-25,999-11-2955,S99951916,X71195812X,Mr.,Lucius907,Sterling124,Tromp100,,,D,black,nonhispanic,M,Greenwich  Connecticut  US,1073 Purdy Divide,Stamford,Connecticut,Fairfield County,9001.0,6901,41.13632788668342,-73.52600282366191,193213.87,497218.86,652541
5804e5c9-9998-0fd9-5ee3-20e4fd5ab485,1957-10-03,,999-14-7336,S99952081,X58719298X,Mr.,Douglas31,Marshall526,Trantow673,,,M,black,nonhispanic,M,New Britain  Connecticut  US,794 Bartoletti Extension Unit 90,Windsor Locks,Connecticut,Hartford County,9003.0,6095,41.94705089229265,-72.67022553732873,286530.17,558770.35,110779
b917f041-4c55-7a42-eccc-8626ff8ee097,1962-09-01,,999-36-9689,S99999673,X34360828X,Mr.,Wilson960,,Walter473,,,M,black,nonhispanic,M,Middletown  Connecticut  US,1046 Cruickshank Grove,East Windsor,Connecticut,Hartford County,,0,41.87243471032995,-72.5849700307081,174549.3,31984.87,183629
5845f19f-9f90-1421-26d0-b1752331384a,1964-11-06,,999-36-3860,S99996928,X86471847X,Mr.,Dominick530,Randy380,Lindgren255,,,D,white,nonhispanic,M,West Hartford  Connecticut  US,136 Carter Village Apt 15,Stamford,Connecticut,Fairfield County,9001.0,6831,41.05386519120372,-73.67891236960148,62108.78,284633.03,386364
021d9c33-c690-65cc-c218-e6d0363367e2,1955-12-01,,999-88-7178,S99953036,X89496527X,Mr.,Clemente531,Walton167,Herman763,,,M,white,nonhispanic,M,Branford  Connecticut  US,130 Prohaska Flat Unit 6,Ledyard,Connecticut,New London County,,0,41.454294836383546,-71.99700849087736,282787.73,55988.32,37991
82bf6a23-f26d-a84d-6ab9-654ceb27351c,1946-11-19,2018-06-24,999-67-2738,S99959866,X46132916X,Mr.,Roman389,Emilio417,Jacobs452,,,M,white,nonhispanic,M,Glastonbury  Connecticut  US,173 Ferry Crossroad,Stafford,Connecticut,Tolland County,,0,41.9740746283727,-72.30791975932414,267272.2,78873.92,38435
380f5996-b36e-e8f2-5ac7-83b79a8b2670,1950-06-15,,999-82-9077,S99928929,X73786334X,Mr.,Mateo562,David908,Cepeda588,,,W,black,hispanic,M,San Juan  Puerto Rico  PR,261 Wilderman Trail,East Hartford,Connecticut,Hartford County,9003.0,6118,41.766262087678456,-72.60746980934333,231084.15,1280195.79,24716
9ac8604b-ea69-f975-2ea4-fc71b4ffcde1,1954-02-02,2021-03-24,999-37-8738,S99915487,X63547939X,Mr.,Len277,Saul605,Kunde533,,,S,white,nonhispanic,M,Enfield  Connecticut  US,1007 Roob Park Unit 21,Greenwich,Connecticut,Fairfield County,9001.0,6831,41.08104422575025,-73.63624243730467,218279.36,199679.4,134855
456230cd-265e-3e0c-5acd-88674fe90125,1963-09-28,,999-32-8012,S99921596,X88620191X,Mr.,Lloyd546,Delbert384,Kassulke119,,,W,asian,nonhispanic,M,Shanghai  Shanghai Municipality  CN,168 Hickle Approach Unit 55,Stamford,Connecticut,Fairfield County,9001.0,6903,41.0422714413009,-73.56324392780357,128426.67,130961.74,27500
26492f1d-b5f5-4da6-e02e-a63f3d66e1c9,1954-02-02,,999-81-2492,S99986963,X25580061X,Mr.,Orval846,Bo157,MacGyver246,,,M,white,nonhispanic,M,Fairfield  Connecticut  US,321 Roob Manor,Greenwich,Connecticut,Fairfield County,9001.0,6830,41.05419462585576,-73.65221249484154,275425.27,466029.0,134855
8c432e68-0a2d-33e9-04a2-b751e63e5557,1962-05-05,2023-10-12,999-22-2949,S99920206,X36568601X,Mr.,Herbert830,Nathanael908,Kutch271,,,M,white,nonhispanic,M,Voluntown  Connecticut  US,644 Frami Overpass Apt 65,Waterbury,Connecticut,New Haven County,9009.0,6708,41.51045803832935,-73.00491192787838,45219.15,396709.95,82402
2d5356f4-863f-0b30-4f55-82be1521ffa6,1944-03-11,2006-04-10,999-77-2896,S99936044,X65556050X,Mrs.,Hettie215,Gaylene599,Runolfsson901,,Dare640,M,white,nonhispanic,F,Cheshire Village  Connecticut  US,483 Carroll Gardens,Woodbury,Connecticut,Litchfield County,,0,41.574376942682015,-73.19114430179185,374141.39,1121908.96,137998
3bca8965-68f4-5241-664a-5a2007e780a1,1942-07-30,,999-60-7350,S99955185,X44851716X,Mr.,Thurman577,Moses679,Gleichner915,,,M,asian,nonhispanic,M,Waterbury  Connecticut  US,589 Mills Brook,Coventry,Connecticut,Tolland County,,0,41.77861532992125,-72.36451870635159,221370.24,2203176.2,96429
5e085843-c8a7-618d-569a-301cbf15e5bd,1919-12-04,2020-05-10,999-96-6195,S99959216,X26525781X,Mr.,Marty115,,Schimmel440,,,W,black,nonhispanic,M,East Hartford  Connecticut  US,200 Jacobi Haven,Hartford,Connecticut,Hartford County,9003.0,6110,41.76693715734492,-72.70516922301148,428185.36,1111999.34,70580
f26d153a-1a7d-71d7-ff0c-58532e1c55b7,1944-03-11,,999-69-4467,S99939491,X05535677X,Mrs.,Melania287,Bethanie176,Weber641,,Krajcik437,M,white,nonhispanic,F,Torrington  Connecticut  US,674 Trantow Overpass,Woodbury,Connecticut,Litchfield County,,0,41.55702032063695,-73.19001940768958,456482.92,1056522.89,137998
ea9d3033-044a-7baa-8e49-04547c30cf80,1980-03-14,,999-29-2364,S99929134,X42191487X,Mr.,Nelson403,Corey514,Watsica258,,,D,white,nonhispanic,M,East Hartford  Connecticut  US,706 Collins Knoll,New Haven,Connecticut,New Haven County,9009.0,6512,41.328671953401056,-72.9298849924336,8386.32,278271.52,15960
cdaf36cb-d6fa-785d-bc9a-c54c859e913e,1934-12-07,,999-61-6703,S99973463,X76871547X,Mr.,Cesar434,Irvin970,Luettgen772,,,S,white,nonhispanic,M,Hartford  Connecticut  US,1041 Satterfield Rue Unit 16,Mansfield,Connecticut,Tolland County,,0,41.83369757918784,-72.275938322941,92542.44,1895216.47,16835
c258b990-d942-9c32-beb5-c1ce2267527d,1954-06-20,2021-10-28,999-63-7269,S99933047,X30812103X,Mr.,Tracy345,Gerald181,Dickinson688,,,M,black,nonhispanic,M,Mansfield  Connecticut  US,852 Turcotte Bypass Suite 83,Bristol,Connecticut,Hartford County,9003.0,6013,41.6975593666815,-72.93129087372976,63950.78,584302.36,74571
6f56cb0a-f8f6-2e89-6128-1316e2696a1c,1974-07-08,,999-15-2603,S99950641,X14255567X,Mr.,Harold594,,D'Amore443,,,M,white,nonhispanic,M,Ashford  Connecticut  US,354 Romaguera Trailer Unit 77,Berlin,Connecticut,Hartford County,,0,41.59124966973892,-72.78158933159095,61425.63,188051.28,942628
24044ba8-fdd2-f24f-6d31-7290de499090,1943-09-24,2025-11-20,999-58-3117,S99959118,X17598120X,Mr.,Garry927,Santos184,Denesik803,,,M,white,nonhispanic,M,Bridgeport  Connecticut  US,385 Kutch Street,Shelton,Connecticut,Fairfield County,9001.0,6484,41.31188497904111,-73.1563734659175,452605.53,384197.2,103957
d9bfdb9c-8dc1-e30b-2d11-f060bbec8833,1924-06-30,2006-04-27,999-35-3941,S99940580,X60778296X,Mrs.,Mariana775,,Schneider199,,Schinner682,D,white,nonhispanic,F,Torrington  Connecticut  US,437 Walker Ferry Apt 25,Ledyard,Connecticut,New London County,,0,41.395393445937614,-71.97936179419145,465905.92,1800509.75,121622
6f64c4a5-240b-c3a3-7dbb-b8feddd8b3e8,1924-06-30,1994-05-10,999-45-9447,S99977057,X41446288X,Mrs.,Kandis954,Margart214,Schulist381,,Collins926,M,white,nonhispanic,F,Lyme  Connecticut  US,628 Stracke Vale,Ledyard,Connecticut,New London County,,0,41.41036894937736,-71.98429937816778,554928.07,2130071.98,121622
6e548139-9853-3339-9c7d-92032ea5fc4e,1939-05-22,2024-07-12,999-17-9620,S99968472,X58204498X,Mrs.,Danae973,Vanda440,Nicolas769,,Pacocha935,M,white,nonhispanic,F,Norwalk  Connecticut  US,708 Grant Boulevard,East Hampton,Connecticut,Middlesex County,9007.0,6424,41.56893094576334,-72.49985362941422,871375.86,543286.35,39775
43c4b702-3c11-3054-1a7b-aee18fdf8eff,1944-05-15,,999-82-3810,S99998392,X56266391X,Mr.,Lorenzo669,Dorian295,Moore224,,,M,white,hispanic,M,Goshen  Connecticut  US,737 Hartmann Tunnel,Wallingford,Connecticut,New Haven County,,0,41.49887852132724,-72.77907683494618,372758.39,377436.77,116799
a2759023-a493-be5d-2291-71eec41a3e69,1943-12-28,2020-09-15,999-14-6956,S99954150,X39215240X,Mr.,Cortez851,Bart73,Oberbrunner298,,,S,white,nonhispanic,M,Rio de Janerio  Rio de Janerio  BR,682 Hirthe Haven,Somers,Connecticut,Tolland County,9013.0,6071,41.95229081132176,-72.46400574604412,191603.93,1288338.19,327578
62922045-e6b9-7f23-36ba-100044aa77e4,1949-01-01,,999-74-4317,S99930406,X14159729X,Mr.,Samuel331,Tomás404,Delafuente833,,,D,white,hispanic,M,Havana  Havana  CU,946 Klein Vale,East Haven,Connecticut,New Haven County,9009.0,6512,41.339476469807536,-72.88362658101002,253158.76,1149696.65,2213
823b5785-dbcf-19ed-9c99-4582ca41a95e,1944-05-21,,999-15-5882,S99937937,X51393737X,Ms.,Jimmy858,Rozanne215,Durgan499,,,S,white,nonhispanic,F,Danbury  Connecticut  US,362 Orn Corner,Cromwell,Connecticut,Middlesex County,,0,41.60536766659402,-72.6127025802818,14445.29,800977.38,23163
d16e058b-f05a-6b89-78b7-012d4ce3b7fd,1930-02-26,,999-58-5345,S99997319,X56223666X,Mr.,Wiley422,Federico589,Smitham825,,,D,white,nonhispanic,M,Willimantic  Connecticut  US,583 Orn Crossroad,Colchester,Connecticut,New London County,9011.0,6415,41.544184029981665,-72.38633683115668,233056.48,547077.88,140682
99dbd158-655a-46fc-e2a2-67fd14b3b205,1954-08-01,,999-64-8603,S99965271,X53560851X,Mr.,Russel238,Benjamin360,Kilback373,,,M,white,nonhispanic,M,Manchester  Connecticut  US,522 Abbott Village Unit 15,Stamford,Connecticut,Fairfield County,9001.0,6906,41.12173043152605,-73.49550650326292,276387.26,122469.64,56722
73bf3e52-9624-c0ec-754d-a0e67277bbb2,1939-05-22,,999-82-9618,S99915256,X22380105X,Mrs.,Particia365,Sheryll569,Fisher429,,Dicki44,M,white,nonhispanic,F,Wolcott  Connecticut  US,832 Buckridge Crossing,East Hampton,Connecticut,Middlesex County,9007.0,6424,41.55956611073548,-72.48313246163215,367119.79,429102.48,39775
9e81c64f-e9ff-4ec2-69ca-39b8509b3bfc,1923-04-28,1990-04-20,999-66-5575,S99966698,X43419181X,Mr.,Tyree261,Jeffery551,Grady603,,,D,white,hispanic,M,Clinton  Connecticut  US,575 Kovacek Branch,Canton,Connecticut,Hartford County,,0,41.86558198966996,-72.89068555073653,738823.41,491380.6,96639
e9ec9f01-1834-4e60-c5fb-b133b75d3cbd,1928-11-28,2020-12-12,999-21-9725,S99912141,X08500114X,Mrs.,Micah422,,Kuhic920,,Robel940,D,white,nonhispanic,F,West Hartford  Connecticut  US,766 Fadel Ville,Vernon,Connecticut,Tolland County,,0,41.810831326335645,-72.47526122083315,405024.82,1991664.79,193253
62dc6cf0-5145-ad2e-5922-c58611dcb518,1938-10-03,2016-09-28,999-58-4392,S99964590,X66022313X,Mrs.,Inez706,Marcie463,Klocko335,,Kertzmann286,M,white,nonhispanic,F,Stratford  Connecticut  US,610 Beer Gardens Unit 50,Ellington,Connecticut,Tolland County,,0,41.8840156719406,-72.46331797736707,254716.46,2098497.97,153188
36f2f422-2472-690d-d8a5-1b7c4ca3b3ba,1966-05-31,,999-23-8475,S99982888,X85550502X,Mr.,Woodrow571,Seymour882,Reichel38,,,M,white,nonhispanic,M,Canterbury  Connecticut  US,310 Grant Station Suite 46,Orange,Connecticut,New Haven County,9009.0,6477,41.2626686825063,-73.01136310070586,151080.14,90682.95,56308
0d6d0c4f-1a8e-3fa1-93cc-dcd82843b664,1952-03-14,,999-74-8128,S99980419,X17414722X,Mrs.,Helen432,Otilia736,Kemmer137,,Koepp521,M,black,nonhispanic,F,Storrs  Connecticut  US,394 Gerhold Arcade Apt 94,Wethersfield,Connecticut,Hartford County,9003.0,6109,41.67976553954131,-72.664276239825,1134405.36,314385.3,59738
b7497ea0-a08f-7488-18af-c736d7a3dc63,1943-06-04,,999-53-9543,S99984359,X91109504X,Mr.,Loren192,Kenton313,Renner328,,,M,white,hispanic,M,Portland  Connecticut  US,898 Brakus Esplanade,New Canaan,Connecticut,Fairfield County,,0,41.16241522157038,-73.48107118495476,74640.8,282345.17,80570
ea3807e2-d318-ad43-2768-b443df4a34ca,1937-06-08,2010-09-17,999-72-5078,S99929470,X60673407X,Mr.,Kermit56,Frank378,Deckow585,,,M,white,hispanic,M,Montville  Connecticut  US,331 Homenick Trafficway,Canton,Connecticut,Hartford County,,0,41.90542422113378,-72.87067445149971,761481.08,1009602.49,96639
d3078733-1f92-48f9-0dcc-d5681398115a,1946-06-18,2026-01-23,999-45-6929,S99978425,X88545636X,Mr.,Jere230,,Weber641,,,D,white,nonhispanic,M,Easton  Connecticut  US,909 Willms Gateway,Granby,Connecticut,Hartford County,,0,41.93141125295807,-72.8429700987221,17650.67,475176.85,5197
317525c3-698d-5f38-1e66-f5d43f8f2cc4,1946-06-18,,999-56-3723,S99955999,X80839095X,Mr.,Gonzalo160,Edwin773,Gibson10,,,D,white,nonhispanic,M,Waterbury  Connecticut  US,966 Beatty Green,Granby,Connecticut,Hartford County,,0,41.96306648952446,-72.78906099694237,21914.65,492849.19,5197
709a0bbe-4550-d92e-3606-d088d919caf9,1963-09-30,,999-48-6766,S99938751,X85408826X,Mr.,Oswaldo857,Odell776,Morissette863,,,M,white,nonhispanic,M,Old Greenwich  Connecticut  US,398 Bashirian Landing Apt 47,Middletown,Connecticut,Middlesex County,9007.0,6457,41.50674693069239,-72.65998876510422,14374.1,339840.74,14850
ad3145ff-c42d-b4b1-c2b6-0f578de5fc56,1962-10-15,2022-05-12,999-14-2144,S99947782,X40360224X,Mr.,Josue598,Lonny638,Yost751,,,M,white,nonhispanic,M,Hartford  Connecticut  US,943 Carter Camp Unit 79,Wethersfield,Connecticut,Hartford County,9003.0,6109,41.72960399371144,-72.65656971133724,263747.36,1533568.57,50803
f646de06-3439-4e62-d6da-21a67e01209c,1937-06-08,2017-09-02,999-99-5438,S99944301,X34286004X,Mr.,Jacques50,Leroy603,Zboncak558,,,W,white,hispanic,M,Thompson  Connecticut  US,400 Lemke Branch Apt 29,Canton,Connecticut,Hartford County,,0,41.83850094396294,-72.87477095208962,590944.27,852327.02,96639
6925e08a-4367-1f46-5640-0b0a9ea25588,1948-02-02,,999-21-7870,S99923310,X22728192X,Mr.,Erick204,Jermaine675,Bruen238,,,M,white,nonhispanic,M,New Haven  Connecticut  US,643 Kertzmann Vale,Haddam,Connecticut,Middlesex County,,0,41.49516746645525,-72.54758970710049,685810.98,662417.43,79982
744383d3-e6a5-6ba6-773f-3ff0c05b7f93,1938-02-08,,999-39-6224,S99941722,X91356358X,Mr.,Ulysses632,Wade235,Koch169,,,D,white,nonhispanic,M,Greenwich  Connecticut  US,213 West Rue,Bethlehem,Connecticut,Litchfield County,9005.0,6751,41.59747326402046,-73.17219711319618,215512.41,204940.48,39586
8a575117-9aa1-ebbb-719b-e70b51170eb0,1964-12-26,,999-80-2990,S99967113,X46782039X,Mrs.,Lola232,Guadalupe206,Lindgren255,,Davis923,M,white,nonhispanic,F,New Milford  Connecticut  US,763 Bradtke Stravenue,Southbury,Connecticut,New Haven County,,0,41.51149795689468,-73.2681267485873,1098668.04,430256.16,58590
6817fa05-5b3a-f4ee-1327-1a7f495bcb8e,1956-10-12,,999-70-8695,S99983152,X65156823X,Mr.,Theo630,Gino587,Rippin620,,,M,asian,nonhispanic,M,Guilford  Connecticut  US,909 Hane Union Apt 20,Wilton,Connecticut,Fairfield County,,0,41.17088802368091,-73.42197433727493,137132.56,219589.43,922068
ccdccd95-e071-7ba6-f9c3-de3987fe82aa,1954-03-30,,999-74-6278,S99983827,X80485481X,Mrs.,Melinda114,Celina578,Rippin620,,Klocko335,D,white,nonhispanic,F,Columbia  Connecticut  US,457 Parisian Run Apt 10,East Hartford,Connecticut,Hartford County,9003.0,6042,41.7615197804443,-72.55080260949995,26069.91,1247911.57,12541
529f6fd7-f042-36f3-a682-cde70420b569,1951-03-16,,999-16-9549,S99937466,X48822481X,Mr.,Dominick530,,Hagenes547,,,M,white,hispanic,M,New Haven  Connecticut  US,518 Torphy Neck Suite 24,Portland,Connecticut,Middlesex County,9007.0,6480,41.57892377741271,-72.58061134385632,106904.18,273625.93,998445
f16832df-5745-51c4-e68c-0ecfc9c6ed90,1944-01-12,,999-81-1083,S99954690,X08400183X,Mr.,Zachariah133,Diego848,Christiansen251,,,M,hawaiian,nonhispanic,M,North Stonington  Connecticut  US,617 Zemlak Common,Meriden,Connecticut,New Haven County,9009.0,6450,41.55750687845288,-72.82101343918872,25274.63,669302.58,22448
926531d8-4427-59f5-47f3-6e08751adfcd,1967-04-13,,999-18-9862,S99947741,X85257182X,Mr.,Barry322,Hank686,Mohr916,,,M,white,nonhispanic,M,New Hartford  Connecticut  US,394 Schmitt Passage,East Haven,Connecticut,New Haven County,9009.0,6473,41.29429487992067,-72.90186472882017,104384.54,224473.59,28459
20ec85d6-0eac-b850-3d30-4a0b906ca81e,1928-12-18,2012-04-23,999-21-1811,S99978016,X06448235X,Mr.,Benito209,Sergio619,Langosh790,,,M,asian,nonhispanic,M,Willington  Connecticut  US,672 Olson Landing,Stamford,Connecticut,Fairfield County,9001.0,6901,41.10062948984428,-73.53995008973902,261470.72,1344161.29,58543
3856120c-4e69-64c0-0591-dbb066471b75,1955-10-13,,999-29-7838,S99996443,X64423896X,Mr.,Pasquale620,Elvin140,Koelpin146,,,D,white,hispanic,M,North Branford  Connecticut  US,1060 Nitzsche Drive Unit 76,Waterbury,Connecticut,New Haven County,9009.0,6716,41.60163627252429,-73.06782901826718,187170.07,214531.01,71668
46513a74-8ac5-bab4-a549-0f75537a08b5,1953-06-07,,999-79-5249,S99930354,X39107667X,Mr.,Ramon749,Timmy68,Kulas532,,,D,asian,nonhispanic,M,Shelton  Connecticut  US,305 Leffler Walk,Lebanon,Connecticut,New London County,,0,41.67053427658288,-72.22002298094797,22672.94,415709.25,12182
6a7b5cd4-2a2c-ef2d-2e13-c5db9ee37028,1960-03-25,,999-57-3520,S99967657,X42485255X,Ms.,Sherill945,Maida946,Dicki44,,,S,white,nonhispanic,F,Waterbury  Connecticut  US,326 Armstrong Wynd Unit 63,Newington,Connecticut,Hartford County,9003.0,6111,41.63896970487871,-72.71643523144013,626270.8,78524.79,71316
82d69bd8-3e5a-73a2-fd97-df378ab5f3d5,1931-03-02,,999-45-3139,S99933572,X14044824X,Mrs.,Antonia30,Manuela585,Mondragón635,,Valentín837,M,white,hispanic,F,Portsmouth  Saint John Parish  DM,832 Leffler Landing,Kensington,Connecticut,Hartford County,9003.0,6037,41.58605793899568,-72.81673899531928,1015550.81,920601.14,42713
99935125-8d67-8afa-bb21-75c2512598d5,1965-09-25,,999-82-1976,S99981899,X85000051X,Mr.,Jay242,Leland44,McDermott739,,,S,black,nonhispanic,M,Winsted  Connecticut  US,281 Mohr Grove Suite 85,Stratford,Connecticut,Fairfield County,9001.0,6607,41.155152394779286,-73.16032377533774,313993.31,726194.91,134492
13444ae9-b761-f2fb-e0f5-e4866697af6d,1945-05-30,2014-11-20,999-89-7587,S99963182,X02106712X,Mr.,Marlon619,Rickie717,Kerluke267,,,M,white,nonhispanic,M,Waterbury  Connecticut  US,461 Auer Trail,Berlin,Connecticut,Hartford County,,0,41.57716852608369,-72.74973139200691,504245.69,597051.48,91872
7e5f7b57-f864-3b82-62ec-68d221f8f2af,1928-12-18,1997-02-12,999-61-6863,S99921607,X06516169X,Mr.,Brad867,Claude750,Rowe323,,,M,asian,nonhispanic,M,Ridgefield  Connecticut  US,1018 Ratke Crossing,Stamford,Connecticut,Fairfield County,9001.0,6903,41.167545312649665,-73.56087955240471,630973.68,527292.55,58543
71bb89fa-7a30-c9b0-c1d4-70eaeeffcf43,1960-11-21,,999-77-8253,S99995235,X59152742X,Mr.,César846,,Griego535,,,W,white,hispanic,M,Portsmouth  Saint John Parish  DM,1079 Bergstrom Branch Unit 6,Wilton,Connecticut,Fairfield County,,0,41.175140602472595,-73.39996311952608,67756.9,219583.65,155254
9c45ad8a-16ae-3093-8de4-7dfc1e79c4ec,1928-08-09,2017-06-11,999-10-8735,S99966295,X38224066X,Mrs.,Gwen761,Stormy472,Rolfson709,,Halvorson124,M,white,nonhispanic,F,Coventry  Connecticut  US,276 Boyle Ferry Suite 78,Eastford,Connecticut,Windham County,,0,41.86841173193703,-72.13020553776498,347895.15,864429.63,34668
cc7c621a-7b95-7793-7cd4-adc9e2a07c56,1922-05-18,,999-69-2106,S99954604,X78728449X,Mrs.,Ilda728,Lianne167,Jacobi462,,Haag279,D,black,nonhispanic,F,North Branford  Connecticut  US,415 Will Overpass,Oxoboxo River,Connecticut,New London County,,0,41.486549596097355,-72.16500065970993,744386.81,1080710.46,66887
d5c81440-b925-9538-464b-72217483e7be,1928-12-18,2012-12-03,999-47-3299,S99996887,X55918789X,Mr.,Trinidad33,,Simonis280,,,S,asian,nonhispanic,M,Seymour  Connecticut  US,219 Hahn Lodge Apt 54,Stamford,Connecticut,Fairfield County,9001.0,6902,41.04705757365042,-73.58842014397804,207789.67,126898.45,58543
95f679c5-3ef8-61a3-f0a0-5adc3a85e138,1965-04-14,,999-93-4712,S99937354,X24628614X,Mrs.,Cassidy160,Leia529,Reichel38,,Dickinson688,D,black,nonhispanic,F,East Hartford  Connecticut  US,226 Donnelly Key Apt 15,Hebron,Connecticut,Tolland County,,0,41.6255252718403,-72.43160801605958,889696.18,496470.36,40114
02b9d98d-0573-fde4-5fcf-f989abc2d7ae,1945-05-30,,999-68-2508,S99982163,X29133619X,Mr.,Marcelino726,,Harris789,,,S,white,nonhispanic,M,Stamford  Connecticut  US,932 Quigley Trace Apt 8,Berlin,Connecticut,Hartford County,,0,41.653239146513435,-72.75394548203062,239796.38,212781.21,91872
80794f37-a59a-3dc8-5cbe-42e1f961e230,1926-10-20,,999-36-5763,S99944380,X88240348X,Mr.,José Eduardo181,Santiago500,Ramón841,,,D,white,hispanic,M,Buenos Aires  Ciudad de Buenos Aires  AR,1088 Weber Vale,Seymour,Connecticut,New Haven County,,0,41.39621793501603,-73.12635743484624,71846.63,1294477.94,17951
10bedbac-439f-e9de-e91b-a7f258e2c0d2,1972-10-27,,999-36-5960,S99980856,X28615803X,Mr.,Tracey100,Julian715,Dach178,,,D,white,nonhispanic,M,North Haven  Connecticut  US,273 Conroy Route Suite 36,Putnam,Connecticut,Windham County,9015.0,6277,41.89434873977673,-71.90097736648539,147868.79,69807.61,52390
46a7226a-aa98-c49b-cc72-2d5c2fb8a655,1943-09-03,,999-94-9890,S99933185,X74311084X,Mr.,Todd315,Emil691,Beer512,,,W,white,nonhispanic,M,Bristol  Connecticut  US,338 Kiehn Junction,Shelton,Connecticut,Fairfield County,9001.0,6484,41.31433414692919,-73.11625866577083,411355.25,831577.68,61452
c028d05e-f664-c7b4-1a0e-774b3d9bc6e9,1957-03-09,,999-42-4072,S99993415,X09231611X,Mr.,Bradly656,Giovanni385,Tromp100,,,S,white,nonhispanic,M,Newington  Connecticut  US,1050 Tromp Spur Unit 17,Bolton,Connecticut,Tolland County,,0,41.81231284606725,-72.42986013082682,580113.53,504758.79,40925
6ef37be6-6c04-2194-b449-70dec8282163,1959-05-08,2024-02-26,999-87-2935,S99982157,X34404592X,Mr.,Huey641,Arden380,Treutel973,,,M,white,nonhispanic,M,Greenwich  Connecticut  US,1062 Kohler Stravenue Unit 58,West Simsbury,Connecticut,Hartford County,9003.0,6092,41.91007619589278,-72.88071132017865,142880.97,161804.54,858108
0913d556-ebc5-f53d-d023-120576e3cff0,1928-12-18,2014-03-14,999-51-9076,S99984029,X88555265X,Mr.,Brooks264,Neville893,Hilll811,,,M,asian,nonhispanic,M,Danbury  Connecticut  US,389 Lang Wall Unit 65,Stamford,Connecticut,Fairfield County,9001.0,6831,41.01573178773374,-73.59083857047824,226603.41,340514.35,58543
cc3db2c2-a0c6-9313-0494-7479ed467309,1961-07-09,,999-76-1213,S99977831,X79791886X,Mr.,Roberto515,,Ebert178,,,D,white,nonhispanic,M,Bridgeport  Connecticut  US,424 Corwin Parade Unit 25,New Britain,Connecticut,Hartford County,9003.0,6051,41.71282564267929,-72.77363270815879,382560.01,42922.54,40627
d4e89123-1509-e67c-2e69-c93f885e5c7d,1948-01-21,,999-48-8922,S99994089,X04625675X,Ms.,Adelia946,Adrian111,Prohaska837,,,S,white,nonhispanic,F,Portland  Connecticut  US,653 Blick Esplanade,Clinton,Connecticut,Middlesex County,9007.0,6413,41.32607918307157,-72.52116320028796,35450.01,1252999.2,21536
1678f7f6-4dbc-c736-2306-8ec129670b3b,1943-10-31,,999-55-5670,S99938477,X33049856X,Mr.,Gaston250,Wyatt967,Wyman904,,,M,black,nonhispanic,M,Manchester  Connecticut  US,367 Schmidt Trail,Bloomfield,Connecticut,Hartford County,,0,41.868060537530816,-72.75445430433759,235494.75,1056454.12,122409
df65902d-ae88-e3c9-b977-4c6532eb6d7d,1945-04-20,,999-72-5630,S99955454,X69956365X,Mrs.,Bianca274,Milagro117,Hackett68,,Gorczany269,M,white,nonhispanic,F,Madison  Connecticut  US,948 Fisher Station,Shelton,Connecticut,Fairfield County,9001.0,6484,41.2569155706299,-73.10292444693509,233707.96,1507600.37,748449
4e401ce2-6963-07c4-53c0-80b84720e8be,1948-09-04,,999-66-9452,S99928126,X62646595X,Mr.,Donte636,,Zieme486,,,M,white,nonhispanic,M,Portland  Connecticut  US,532 Johns Alley Suite 39,Thompson,Connecticut,Windham County,,0,41.99792101237094,-71.87918330611119,614981.99,500744.72,83058
dfc9bc7c-1320-9ad6-af29-75b7e44e4446,1918-12-30,,999-85-6013,S99943793,X89198002X,Mr.,Theodore876,,Hahn503,,,S,white,nonhispanic,M,Mashantucket  Connecticut  US,450 Effertz Route,Southington,Connecticut,Hartford County,,0,41.628222602060816,-72.8716426265822,20388.45,621151.31,12046
87bd001b-2df9-a90d-926b-736894c3be75,1938-05-24,,999-41-2806,S99939114,X21579289X,Mr.,Royal919,Nathan164,Welch179,,,M,asian,nonhispanic,M,Clinton  Connecticut  US,190 Konopelski Glen,Stamford,Connecticut,Fairfield County,9001.0,6902,41.04191111167488,-73.54232270262716,298201.49,874351.71,58543
82629c66-e0f2-ab6b-6a60-6ae423693594,1950-10-08,,999-55-1543,S99945195,X26633496X,Mrs.,Isa815,,Huel628,,Boehm581,M,white,nonhispanic,F,New Britain  Connecticut  US,363 Waters Tunnel,Danbury,Connecticut,Fairfield County,9001.0,6811,41.40740799312327,-73.45502157134631,15414.44,663006.49,5337
c559b393-0903-80c9-4dea-32b1eee3b5fa,1968-01-24,,999-67-6350,S99969211,X73578616X,Mr.,Tony646,,Bruen238,,,D,white,nonhispanic,M,Norwalk  Connecticut  US,201 Connelly Arcade Apt 47,Meriden,Connecticut,New Haven County,9009.0,6451,41.529039482383645,-72.81176335550214,329341.15,212737.93,35488
c54f283c-c986-bd7a-e549-d73e0ef86448,1961-02-27,,999-69-6728,S99999117,X71414124X,Mr.,Bradley693,,Botsford977,,,M,white,nonhispanic,M,Simsbury  Connecticut  US,1021 Stokes Course Apt 69,Hampton,Connecticut,Windham County,,0,41.76210363289609,-72.0856305091757,590726.73,453754.21,42554
92378cb8-6bca-1980-decd-b22e2a3eba22,1921-04-26,2005-03-03,999-11-8729,S99935498,X97645595X,Mr.,Edgardo196,Simon598,Spinka232,,,D,white,nonhispanic,M,Wethersfield  Connecticut  US,302 Beatty Row,Somers,Connecticut,Tolland County,9013.0,6071,41.958352320279374,-72.43681702075456,411780.33,1456840.25,59393
cab0e93c-ca30-650f-0ccb-ec374861e047,1926-08-08,,999-30-8226,S99920819,X71623497X,Mr.,Allen322,Russel238,Brown30,,,M,white,nonhispanic,M,West Hartford  Connecticut  US,603 Hand Mill Unit 16,Preston,Connecticut,New London County,,0,41.51772217715656,-72.04285642768909,92092.48,1511138.41,151479
f07cbfa0-0d78-9945-8a3e-2c596822415f,1943-09-28,2017-09-10,999-26-1996,S99970341,X50585184X,Ms.,Tempie784,,Blick895,,,S,white,hispanic,F,Manchester  Connecticut  US,290 Wuckert Manor,Ansonia,Connecticut,New Haven County,9009.0,6418,41.32197052960411,-73.10922503025081,389857.94,1827560.56,34597
578c7090-aa0a-ae58-3c53-3a58efdd6839,1921-04-26,1969-07-14,999-10-8015,S99989983,X83075428X,Mr.,Garth972,Gonzalo160,Gutkowski940,,,M,white,nonhispanic,M,Waterbury  Connecticut  US,683 White Hollow Suite 78,Somers,Connecticut,Tolland County,9013.0,6071,42.00371190985556,-72.48484145792078,175559.91,0.0,59393
8e338410-9dfb-6d28-a5e8-6e11d20e11a4,1927-12-24,,999-11-9273,S99955313,X71811555X,Mrs.,Johana303,Reagan466,Hoppe518,,Larkin917,D,white,nonhispanic,F,Old Lyme  Connecticut  US,671 Mertz Wynd,Southbury,Connecticut,New Haven County,,0,41.479216464555755,-73.26707096114798,1733259.48,1717759.01,118128
ec1a8a53-47f2-2781-e147-8bc51cc1e1f5,1962-10-01,,999-45-1621,S99997418,X40772854X,Ms.,Fabiola106,Norma469,Dooley940,,,S,white,nonhispanic,F,Stamford  Connecticut  US,359 Abernathy Path Apt 28,Bethel,Connecticut,Fairfield County,9001.0,6810,41.3986490911232,-73.39185049788732,1314416.58,674114.73,44408
252c1b80-721b-f2b9-0fed-6177fdb9547a,1962-11-08,,999-44-1576,S99922205,X51088004X,Mr.,Garret233,Francesco636,Gleason633,,,W,black,nonhispanic,M,Stamford  Connecticut  US,189 Kassulke Approach,Rocky Hill,Connecticut,Hartford County,,0,41.693864834837406,-72.64563928663483,626574.37,355029.65,96515
16fa43ba-558e-ed22-71c9-1b06f8c8a21f,1965-12-01,,999-60-5334,S99979788,X52574692X,Mr.,Adan632,Clay913,Spencer878,,,D,black,nonhispanic,M,Bridgeport  Connecticut  US,432 Haley Rapid Suite 64,Avon,Connecticut,Hartford County,,0,41.8005055569943,-72.84055938916333,206940.42,53736.48,602768
b3f86e16-4b1f-63de-ab4d-55ddd6fd8148,1944-11-23,,999-13-7597,S99955294,X16960746X,Mrs.,Danielle72,Andree11,O'Conner199,,Abshire638,M,white,nonhispanic,F,East Granby  Connecticut  US,526 Swaniawski Throughway,Newington,Connecticut,Hartford County,9003.0,6111,41.68278366513394,-72.6987101980726,949680.64,691262.22,101887
74395b70-3af4-f480-2fae-64eaf687bdb6,1921-04-26,2003-07-26,999-75-5809,S99949442,X80256643X,Mr.,Dominic463,Russell422,Kuphal363,,,D,white,nonhispanic,M,Naugatuck  Connecticut  US,480 Hodkiewicz Course Unit 99,Somers,Connecticut,Tolland County,9013.0,6071,42.01638589937419,-72.41239130061167,694774.26,4119278.35,59393
eea0132a-bd87-249d-ebed-9cfe8e204466,1954-09-16,,999-28-9852,S99990760,X03853307X,Mr.,Newton741,,Smitham825,,,M,black,nonhispanic,M,Farmington  Connecticut  US,650 Murazik Mews Apt 75,Manchester,Connecticut,Hartford County,9003.0,6042,41.85160448492116,-72.47125569397154,251149.08,251459.8,48575
dee1b8d2-d30c-7a3e-4c48-2a167a280b0c,1963-07-14,2024-05-14,999-29-7392,S99959282,X61002971X,Mr.,Demarcus108,Minh326,Ratke343,,,M,native,nonhispanic,M,Norwalk  Connecticut  US,995 Satterfield Way,Southbury,Connecticut,New Haven County,,0,41.49315464274567,-73.2694441179211,296532.62,129911.1,170083
48dc9935-b1ee-9bc6-5265-fddf9c83b4df,1964-06-21,,999-45-1806,S99916314,X96663519X,Mr.,Salvador46,Andrés117,Arias66,,,D,black,hispanic,M,Roseau  Saint George  DM,987 Corwin Road Apt 45,Bristol,Connecticut,Hartford County,9003.0,6013,41.65736069397313,-72.95876334281783,12480.9,303510.81,22812
d05d3620-f6b9-5eaa-81b6-a659fe21dbf4,1941-08-04,,999-18-6156,S99983547,X80460699X,Mr.,Blair400,Lesley194,Lesch175,,,S,white,nonhispanic,M,East Lyme  Connecticut  US,1037 Brakus Rapid Unit 0,Bridgeport,Connecticut,Fairfield County,9001.0,6606,41.22452410334175,-73.15916240935886,136403.62,593765.95,29008
780e53f2-8a59-8c18-1ab5-1c9d5f3f08b3,1921-04-26,1987-11-06,999-68-8393,S99927780,X52444884X,Mr.,Robbie31,Dean966,Bechtelar572,,,D,white,nonhispanic,M,Hartford  Connecticut  US,573 Dibbert Walk,Somers,Connecticut,Tolland County,9013.0,6071,42.0324006443911,-72.4934492899589,204852.67,151817.72,59393
2aae4496-791f-c32d-6cfd-ed7ccdde63b0,1920-08-06,,999-26-2215,S99954205,X72459600X,Mr.,Rudolf736,Benton624,Hamill307,,,D,white,nonhispanic,M,Braga  Minho  PT,439 Koelpin Extension,Brookfield,Connecticut,Fairfield County,,0,41.43534212292432,-73.3574107298749,448785.42,272015.56,90617
e29d57ae-f55f-69ba-8212-5c592cd74b28,1954-02-27,,999-56-1041,S99983668,X03455583X,Mr.,Clinton763,James276,Mertz280,,,S,white,nonhispanic,M,South Windsor  Connecticut  US,632 Gislason Fork Suite 64,Stamford,Connecticut,Fairfield County,9001.0,6905,41.030424630488326,-73.54209630746931,263574.28,912222.54,142110
db08396f-e852-042b-e715-31a49287eb94,1955-02-27,,999-90-5718,S99973729,X98214994X,Mr.,Willard975,,Medhurst46,,,M,white,nonhispanic,M,New Canaan  Connecticut  US,343 Little Trace Unit 20,Avon,Connecticut,Hartford County,,0,41.75342818364492,-72.85405473453223,176633.92,132853.26,238461
398c7398-d79f-2b2f-800f-5e9679ffc642,1923-08-09,2015-02-02,999-76-3896,S99983557,X18924061X,Mrs.,Marketta481,Grazyna952,Wuckert783,,Pollich983,M,white,nonhispanic,F,Madison  Connecticut  US,633 Williamson Trail,Stamford,Connecticut,Fairfield County,9001.0,6903,41.04943476297912,-73.55801527672494,39407.17,922433.53,7715
bad5f7d3-715b-c1a1-803f-442a60c150e7,1954-06-05,2025-04-11,999-68-4807,S99934986,X57913379X,Mr.,Gilberto712,Jeramy610,Towne435,,,M,white,nonhispanic,M,Naugatuck  Connecticut  US,381 Parisian Rest,Norwich,Connecticut,New London County,9011.0,6334,41.57827052701837,-72.07541394309408,273454.71,1120206.82,116616
d9cd1c0c-522b-4f21-3ed5-02ce040b5e47,1923-08-09,,999-89-8346,S99978273,X92369923X,Mrs.,Shantay950,Merry217,Lowe577,,Gerlach374,D,white,nonhispanic,F,Southington  Connecticut  US,1053 Pfeffer Avenue Suite 78,Stamford,Connecticut,Fairfield County,9001.0,6906,41.02083379902332,-73.5071922744851,493025.3,2238539.09,7715
eab5b34b-c2b0-86f5-23bf-0792bbc4674c,1955-07-07,,999-90-3214,S99960993,X42638459X,Mr.,Jae222,Stan246,Ruecker817,,,M,black,nonhispanic,M,Killingworth  Connecticut  US,464 Bartoletti Row Apt 80,Montville,Connecticut,New London County,,0,41.45694500329318,-72.19899795766068,72642.9,363532.55,25933
fc6955bc-0bee-5811-1810-3b4e9c48554e,1957-09-11,,999-34-5762,S99913432,X12411049X,Mr.,Arnulfo253,Leonel449,Kunde533,MD,,D,white,nonhispanic,M,Haddam  Connecticut  US,739 Sipes Rapid Suite 57,New Haven,Connecticut,New Haven County,9009.0,6517,41.358686373444186,-72.90686842269979,211433.95,238573.2,40831
b9a71afc-8a5c-888e-228d-b1726f860368,1917-03-03,1996-01-23,999-84-7559,S99962615,X57365949X,Mrs.,Kit446,,Medhurst46,,Schoen8,D,other,hispanic,F,Shelton  Connecticut  US,775 McLaughlin Lodge,Greenwich,Connecticut,Fairfield County,9001.0,6830,41.06299734843589,-73.65864334919448,430294.81,1396556.64,151924
191e06cf-4ba6-dd99-9910-d455fceceb2e,1954-06-05,,999-12-1099,S99921827,X99447801X,Mr.,Devin82,Louie190,Pacocha935,,,M,white,nonhispanic,M,Danbury  Connecticut  US,1012 Gutkowski Course Apt 15,Norwich,Connecticut,New London County,9011.0,6389,41.60037200794263,-72.08200483633837,336428.67,529464.96,116616
889ded34-a3fb-b1e5-9c82-cd24880c5839,1955-06-15,,999-22-5948,S99963855,X74612313X,Mrs.,Luz785,,Kihn564,,Boehm581,M,white,nonhispanic,F,Ridgefield  Connecticut  US,301 Lynch Mill,Hartford,Connecticut,Hartford County,9003.0,6110,41.77549901855393,-72.7165892122078,23508.15,1781825.84,13777
8cc53e47-c156-0c17-43b5-4d0c19c575dc,1977-02-18,,999-16-5639,S99935238,X57914015X,Mr.,David908,Alfonso758,Maestas764,,,M,white,hispanic,M,Kingston  Kingston  JM,749 Bosco Approach,Waterbury,Connecticut,New Haven County,9009.0,6716,41.599606353943656,-73.0646008335617,141977.19,95312.64,47436
36823d1f-4ab1-ea8e-bd7a-e7f6f3f203d2,1954-01-20,,999-26-8055,S99998394,X71412610X,Mr.,Raymon366,Waldo53,Wolff180,,,M,white,nonhispanic,M,Avon  Connecticut  US,832 Schneider Fort Unit 73,East Hartford,Connecticut,Hartford County,9003.0,6042,41.755922079981325,-72.59208379961755,240511.49,411853.31,91912
1e39ae69-d24d-2661-acb3-bdd05a760382,1926-12-02,,999-28-9941,S99957810,X35012163X,Mrs.,Terisa250,Karima879,Douglas31,,Gerlach374,M,white,hispanic,F,Guilford  Connecticut  US,582 Koepp Park,Southington,Connecticut,Hartford County,,0,41.57726207137222,-72.92554370168496,858191.27,1406004.97,41913
4898cce8-f97b-ed92-efb6-45a7a86d3f53,1954-11-10,,999-51-4184,S99958443,X28937610X,Mr.,Shelby741,,Runolfsson901,,,S,white,nonhispanic,M,Naugatuck  Connecticut  US,295 Berge Meadow Suite 17,Washington,Connecticut,Litchfield County,,0,41.646797956704205,-73.31663813233574,11413.09,397405.66,9145
1c81ea8a-719f-3ede-0f5b-b5aab9b0ce48,1925-10-14,2013-09-13,999-99-6892,S99993985,X32152674X,Mrs.,Johnetta529,Hermina428,Kemmer137,,Runolfsson901,M,white,nonhispanic,F,Newington  Connecticut  US,516 Cummings Haven Apt 33,New Britain,Connecticut,Hartford County,9003.0,6052,41.642322874732315,-72.73734510999094,54342.99,2236433.03,14619
742edf9e-556a-1be7-cf67-120d0a0892e9,1946-09-23,,999-19-8384,S99965369,X46884077X,Mr.,Carlton317,Wilber603,Price929,,,M,white,nonhispanic,M,Shelton  Connecticut  US,957 Flatley Common,Shelton,Connecticut,Fairfield County,9001.0,6484,41.33918661075582,-73.18773859763861,256534.71,295797.97,50823
2d9017ae-5d67-b115-2b96-2e1cfe4250e0,1936-09-03,,999-21-9665,S99969365,X38555104X,Mrs.,Azzie965,Tracy345,Hickle134,,Okuneva707,M,white,nonhispanic,F,Easton  Connecticut  US,541 Hilpert Burg,Bridgeport,Connecticut,Fairfield County,9001.0,6605,41.16942675335374,-73.17381762745339,30321.7,2304551.28,16291
09c395eb-8d11-4f8e-f71b-99b8b9a68920,1954-02-09,,999-58-3768,S99996483,X55627226X,Mr.,Isaiah615,Hank686,Auer97,,,D,black,nonhispanic,M,Southbury  Connecticut  US,462 Hoppe Light Unit 43,Bristol,Connecticut,Hartford County,9003.0,6062,41.667001283960595,-72.91279232570471,296915.05,730618.66,139995
9262fe2b-8057-a270-fbb6-ffa62f31116a,1951-03-18,,999-33-7891,S99973821,X16307011X,Mrs.,Kellee902,Hedwig986,Heller342,,Purdy2,D,asian,nonhispanic,F,West Hartford  Connecticut  US,901 Medhurst Fork,Norwalk,Connecticut,Fairfield County,9001.0,6855,41.0660313800883,-73.40801822608996,214970.34,1682782.43,23465
fd922d08-e04a-94d6-8b09-525a81b5c5de,1964-02-18,,999-39-6939,S99970247,X11847605X,Mrs.,Leighann368,,Zieme486,,Medhurst46,M,white,nonhispanic,F,Stafford  Connecticut  US,299 Watsica Row Suite 3,Mansfield,Connecticut,Tolland County,,0,41.77018100637428,-72.22217142103518,17915.42,793955.93,3816
84b58cd5-967c-8d38-ef0c-38012f80d754,1959-06-29,,999-71-5339,S99914881,X71661020X,Mr.,Newton741,Thaddeus38,Casper496,,,M,white,nonhispanic,M,Oxford  Connecticut  US,217 Jones View Suite 78,East Lyme,Connecticut,New London County,,0,41.38891759236147,-72.26915052776273,156222.69,350907.66,23442
6174159f-c2e0-bfed-2131-46450e6084f7,1965-07-21,,999-76-4719,S99958053,X09938087X,Mrs.,Elanor679,Sabine292,Hartmann983,,Hirthe744,M,white,nonhispanic,F,Ledyard  Connecticut  US,456 Wisozk Green Suite 13,Bridgeport,Connecticut,Fairfield County,9001.0,6604,41.201381382497416,-73.23931488375402,29041.02,2329277.16,15741
b30d4c38-bca6-2676-f3ff-78bfda40042f,1935-05-29,2014-11-13,999-63-4628,S99973709,X96557049X,Mr.,Jimmy858,Jacques50,Hilpert278,,,M,white,nonhispanic,M,Heraklion  Heraklion Prefecture  GR,1047 Boyle Plaza,West Hartford,Connecticut,Hartford County,9003.0,6105,41.79617410711492,-72.70797560750692,309710.03,177524.37,35821
a42d9095-e1eb-b499-bca3-f7e97811130f,1975-04-01,2021-06-29,999-32-8490,S99973720,X35932769X,Mr.,Noah480,Bill567,Hahn503,,,M,black,nonhispanic,M,Branford  Connecticut  US,421 Durgan Row Suite 1,New Fairfield,Connecticut,Fairfield County,,0,41.481338014654355,-73.45187413689636,234057.71,75621.6,63639
b0e53ad3-c223-79e1-fc13-bbe7acd545e2,1935-05-29,,999-67-2157,S99936882,X43358527X,Mr.,Randy380,Richard937,Hills818,,,M,white,nonhispanic,M,Athens  Athens Prefecture  GR,355 Altenwerth Green Apt 89,West Hartford,Connecticut,Hartford County,9003.0,6107,41.77805450965957,-72.74084164754561,453688.9,290644.6,35821
9a753be8-aec8-1633-b4bd-f8ae7c5128d1,1960-03-11,,999-12-6292,S99945290,X11207519X,Mr.,Russel238,,Sauer652,,,M,white,nonhispanic,M,Glastonbury  Connecticut  US,892 Pouros Rest,New Haven,Connecticut,New Haven County,9009.0,6517,41.31809934795745,-72.96682786409283,18534.69,512291.02,4304
c67ef170-bcc4-20ba-4535-a1cdfa76fc47,1918-06-04,2006-11-21,999-12-9049,S99976243,X81617108X,Mr.,Elmer371,Denver542,Prohaska837,,,D,white,nonhispanic,M,Manchester  Connecticut  US,793 McGlynn Wall,West Haven,Connecticut,New Haven County,9009.0,6516,41.234075705533655,-73.01429818697024,299107.27,254966.95,86700
a210029c-cd51-4d68-0a1a-43c93718ed3c,1955-05-08,,999-78-5484,S99935002,X58125386X,Mr.,Aldo414,Marcos263,Hickle134,,,M,asian,nonhispanic,M,Naugatuck  Connecticut  US,339 Little Bypass Suite 74,Norwalk,Connecticut,Fairfield County,9001.0,6853,41.09278860822264,-73.37367024889265,12507.93,298462.89,10773
35ecfa5d-1f61-1ef6-0d10-33c4e3f439f5,1921-12-21,2004-09-17,999-73-1107,S99952475,X74712119X,Mr.,Franklin857,,Hane680,,,M,white,nonhispanic,M,Georgetown  Connecticut  US,784 Davis Stravenue Apt 36,Greenwich,Connecticut,Fairfield County,9001.0,6831,41.00086801942796,-73.67139850778584,202767.82,3258326.26,163881
4341ce9f-0a33-21d0-799e-7292de392459,1944-07-01,2025-06-28,999-21-8802,S99952816,X21253185X,Mr.,Stanton715,Kristopher775,Schultz619,,,M,white,nonhispanic,M,New Britain  Connecticut  US,202 Berge Key,Plainville,Connecticut,Hartford County,,0,41.68563884543913,-72.90134547417954,88509.28,499915.2,24054
604f51b6-c796-6109-9b8a-5b37a2267637,1918-06-04,1982-07-05,999-25-2649,S99954817,X58505359X,Mr.,Albert312,Ellis535,Kertzmann286,,,D,white,nonhispanic,M,Georgetown  Connecticut  US,914 Bauch Parade Suite 35,West Haven,Connecticut,New Haven County,9009.0,6516,41.223201183801606,-73.00428984145454,279124.27,46946.24,86700
994690cc-89d4-a39e-a705-9c62e0e769a5,1937-05-20,,999-47-5518,S99921774,X92301316X,Mr.,Vito638,Odis959,Willms744,,,M,white,nonhispanic,M,Bridgeport  Connecticut  US,705 Erdman Divide Apt 70,Norwalk,Connecticut,Fairfield County,9001.0,6851,41.127183617149925,-73.44326262415315,251392.13,249527.04,76963
b65d7581-7c8c-3888-e43f-4318fda02d9f,1918-06-04,,999-53-1848,S99920503,X92871139X,Mr.,Emil691,Landon622,Blick895,,,S,white,nonhispanic,M,North Haven  Connecticut  US,437 Hauck Promenade,West Haven,Connecticut,New Haven County,9009.0,6516,41.26910617905355,-72.95558924184006,321637.86,309574.34,86700
dfa9e3f0-7064-4927-7204-031733fb88a8,1921-12-21,2018-11-06,999-88-1473,S99910875,X22509929X,Mr.,Edwin773,Alvin56,Ernser583,,,M,white,nonhispanic,M,Glastonbury  Connecticut  US,707 Kiehn Course Suite 57,Greenwich,Connecticut,Fairfield County,9001.0,6830,41.133859366713395,-73.6093681301453,210330.28,495036.57,163881
ea9d1139-0b61-f91b-3389-b9f2d69fc545,1943-05-08,,999-58-7863,S99980505,X12624386X,Mrs.,Carmela47,Tana168,Haley279,,Armstrong51,M,white,nonhispanic,F,Hamden  Connecticut  US,432 Fadel Arcade,Wallingford,Connecticut,New Haven County,,0,41.46000027364093,-72.83640050813985,181833.92,892551.78,902931
b20b0688-1dfa-4c93-a6c4-fc48e79943b7,1944-07-30,,999-41-5062,S99922153,X09500410X,Mr.,Walton167,Gustavo235,Wyman904,,,D,white,nonhispanic,M,East Lyme  Connecticut  US,177 Wyman Flat,Bridgeport,Connecticut,Fairfield County,9001.0,6608,41.26103328845188,-73.17611390393805,99958.06,675312.05,32312
e67d545d-ffff-329a-8c59-d9c70cfe99bf,1951-09-25,,999-51-2950,S99962780,X54825054X,Mr.,German382,,Aufderhar910,,,M,white,nonhispanic,M,Warren  Connecticut  US,149 Harris Alley,New Haven,Connecticut,New Haven County,9009.0,6511,41.31304640332857,-72.88694091274492,88812.48,1607439.52,9158
43759e3b-043a-b44d-c177-e8a01cfe86a2,1951-03-29,2022-01-21,999-22-5933,S99981520,X99234560X,Mr.,King743,,Rohan584,,,S,white,nonhispanic,M,Windsor  Connecticut  US,216 Gleason Fork Apt 87,Pemberwick,Connecticut,Fairfield County,,0,41.012138554418584,-73.69715685570702,79238.91,1406351.02,801808
d7fc0c15-cf81-7b8d-ab40-bf72110f7924,1944-03-06,,999-78-8126,S99937738,X59741185X,Mr.,Lino542,Jerrod232,Oberbrunner298,,,S,white,nonhispanic,M,Norwalk  Connecticut  US,889 Nolan Port,Windsor,Connecticut,Hartford County,,0,41.85657428741424,-72.6313082703788,203037.76,1025642.88,196211
937edb91-d74f-a45b-030b-5e2c951453be,1964-11-05,2017-11-27,999-87-5478,S99988059,X01269292X,Mr.,Julio255,Sebastian508,DuBuque211,,,M,white,nonhispanic,M,Norwalk  Connecticut  US,1016 McCullough Lock Suite 19,Ellington,Connecticut,Tolland County,,0,41.95768925751507,-72.4096908026208,10627.91,179676.41,18937
6a5d7b81-82aa-ef4c-89d1-b9fa4e8b51ed,1976-02-02,2018-03-24,999-93-2010,S99937396,X57864735X,Mr.,Porter490,Glen190,Farrell962,,,M,other,nonhispanic,M,Enfield  Connecticut  US,876 Goldner Rapid Suite 76,Bridgeport,Connecticut,Fairfield County,9001.0,6605,41.24107706211193,-73.25282890715017,15674.88,310740.07,15567
56ee6ff1-d3f6-8d12-8a1d-3a241adacf10,1928-09-23,2025-04-24,999-21-4707,S99977874,X74681828X,Mr.,Ahmed109,Tobias236,Zemlak964,,,M,white,nonhispanic,M,Trumbull  Connecticut  US,805 Schinner Ville,Deep River Center,Connecticut,Middlesex County,,0,41.413601750987034,-72.41491848720467,597284.75,898060.22,85238
9cd3a144-2aa7-28c3-f94d-e3083ec02a62,1955-10-16,,999-89-9557,S99990389,X47171547X,Ms.,Angela104,Sharonda198,Champlin946,,,S,black,nonhispanic,F,Storrs  Connecticut  US,355 MacGyver Byway Unit 56,Stamford,Connecticut,Fairfield County,9001.0,6906,41.02204619700209,-73.53356841938923,344969.72,714954.39,134822
886faebc-7b9c-9b91-78e3-75dd4a7e49e7,1949-02-08,,999-86-9991,S99951534,X56327816X,Mr.,Steve819,Stanton715,Carroll471,,,S,white,nonhispanic,M,Ansonia  Connecticut  US,277 Ernser Throughway Suite 93,Chester,Connecticut,Middlesex County,,0,41.41243719097636,-72.4732235393271,14906.04,436454.55,17028
4475609e-b3cd-b225-4596-23f228d4b17e,1923-04-02,,999-83-7605,S99931748,X41916895X,Mr.,Graham902,Raymond398,Nolan344,,,M,white,hispanic,M,New Hartford Center  Connecticut  US,742 Weber Row,Farmington,Connecticut,Hartford County,,0,41.689185151415735,-72.80199937808959,197061.17,1070969.17,703417
158d105e-ba95-270e-8c77-711a5834a7f9,1947-07-31,,999-33-1248,S99984722,X00100263X,Ms.,Refugia211,Shalon513,Hoppe518,,,S,white,nonhispanic,F,West Haven  Connecticut  US,592 Smitham Center Apt 96,Mansfield,Connecticut,Tolland County,,0,41.75344338812783,-72.25713212068852,634840.3,385653.3,75069
3707bb64-afa9-f80a-5168-71715a078f59,1964-01-31,,999-68-2008,S99931699,X01162394X,Mr.,Sylvester827,,Rohan584,,,M,white,nonhispanic,M,Waterbury  Connecticut  US,246 Kunze Parade Unit 2,Stamford,Connecticut,Fairfield County,9001.0,6905,41.03839197289127,-73.52076200482577,19165.89,973653.19,15067
ca70e348-e993-0a6c-62e4-7aac1ce6f157,1957-09-22,,999-60-1972,S99986169,X40549986X,Mr.,Israel728,Waylon572,Bode78,,,S,white,nonhispanic,M,Clinton  Connecticut  US,344 Carroll Terrace Suite 90,Hartford,Connecticut,Hartford County,9003.0,6103,41.719379484008215,-72.73831792050673,249186.95,18704.9,62998
07660b9b-55d1-9309-e190-f5051359ade7,1928-09-23,2018-04-29,999-35-3025,S99984318,X07442747X,Mr.,Jacques50,Ezequiel972,Durgan499,,,W,white,nonhispanic,M,Waterbury  Connecticut  US,366 Gutkowski Orchard,Deep River Center,Connecticut,Middlesex County,,0,41.427711045985944,-72.46799289653818,275138.55,290276.81,85238
e844c725-105b-006b-1c9d-3239ce40274a,1957-07-23,,999-65-5061,S99952012,X33795356X,Mr.,Armando772,Jacobo456,Arce139,,,M,white,hispanic,M,Santiago de los Caballeros  Santiago  DO,1054 Yundt Way Apt 88,Danbury,Connecticut,Fairfield County,9001.0,6811,41.40683869296815,-73.46988912931714,10825.97,269303.71,20146
70a75dd7-6f61-c476-1c04-91971c2f8f84,1971-10-30,,999-56-9302,S99915208,X39458108X,Ms.,Carie544,Alba338,Kreiger457,,,S,white,nonhispanic,F,East Windsor  Connecticut  US,779 Ondricka Club Unit 2,Bridgeport,Connecticut,Fairfield County,9001.0,6604,41.156903090050776,-73.13861437351575,208977.64,1675939.12,91147
648d236b-4f45-9e03-3c52-d66b83c5853c,1916-03-02,2002-05-30,999-20-2351,S99914057,X46145226X,Mr.,Tony646,Leopoldo762,Morar593,,,M,white,nonhispanic,M,Hamden  Connecticut  US,502 Reilly Light,Naugatuck,Connecticut,New Haven County,9009.0,6770,41.4483068672571,-73.06790810686553,190781.52,560451.4,26325
231daff9-c93a-1537-a102-de37a887ab70,1954-07-13,,999-39-9185,S99965208,X32760131X,Mrs.,Lashaunda155,Cherry401,Blanda868,,Torphy630,M,white,nonhispanic,F,Canton  Connecticut  US,502 Cronin Lodge Apt 20,Shelton,Connecticut,Fairfield County,9001.0,6484,41.289784754379475,-73.16105832839293,359924.8,1002865.82,147381
9de6ce34-42e7-8f80-26b0-3600ee2eb1fa,1958-08-07,,999-99-6191,S99974317,X79503368X,Mr.,Roland928,,Wilkinson796,,,M,white,nonhispanic,M,Ashford  Connecticut  US,446 Shanahan Trafficway,Somers,Connecticut,Tolland County,9013.0,6071,41.972120783820664,-72.42991992658854,229220.65,151351.96,250879
66c231c4-1d3f-a989-a2e5-31c5cca5101e,1957-03-24,,999-31-5074,S99913431,X12493473X,Mr.,Dion244,Avery919,Kohler843,,,M,white,nonhispanic,M,Stamford  Connecticut  US,218 Bednar Neck Unit 59,Waterbury,Connecticut,New Haven County,9009.0,6708,41.54809843559492,-72.9476095143131,17948.82,307173.33,11194
d7a733e3-7e95-3dbf-a88b-9a5c5f0d49c0,1962-02-03,,999-89-2331,S99910287,X25344986X,Mr.,Newton741,Jessie665,Hirthe744,,,W,asian,nonhispanic,M,Southington  Connecticut  US,489 Zboncak Crossing Suite 88,Oxford,Connecticut,New Haven County,,0,41.41744720062648,-73.1542388465029,230794.24,0.0,93452
807acfaa-6abb-cdf9-5a2d-bff7dec1ca5a,1959-09-30,,999-60-6852,S99995558,X07562015X,Mrs.,Viviana350,Calista635,Rodriguez71,,Kuphal363,D,white,nonhispanic,F,Norwalk  Connecticut  US,953 Dach Haven,New Haven,Connecticut,New Haven County,9009.0,6510,41.34262694135304,-72.88957105011646,510543.82,1460846.43,138765
f4f5de2e-1657-5b64-499b-6cf4fb30d161,1926-04-01,2018-08-12,999-37-5353,S99983814,X05506869X,Mr.,Arron144,Jospeh459,Abbott774,,,S,black,hispanic,M,Darien  Connecticut  US,507 Witting Lock,Windsor,Connecticut,Hartford County,,0,41.87331885812165,-72.67900011765609,332379.12,2056555.44,46988
f7ef98ee-46df-6909-de85-4ad83d26ce22,1945-11-04,,999-75-5305,S99950660,X21190968X,Mr.,Tim88,Ian270,Walsh511,,,M,white,nonhispanic,M,New Britain  Connecticut  US,1035 Schowalter Hollow,Middletown,Connecticut,Middlesex County,9007.0,6457,41.55052890652617,-72.68879049608861,217715.3,186301.1,98428
fe5eb949-f6c2-1781-1469-1144b409eb0e,1950-03-22,,999-27-7219,S99961468,X51034415X,Mrs.,Magen68,Shalon513,Daniel959,,Swaniawski813,D,white,nonhispanic,F,Branford  Connecticut  US,956 Metz Club,Danbury,Connecticut,Fairfield County,9001.0,6804,41.32522187865818,-73.48335393981353,910319.91,392990.27,61675
3c4d8819-8a32-99da-3b4b-c621d6508845,1935-07-06,,999-57-9574,S99947748,X96101375X,Mr.,Jorge203,Frankie174,Nitzsche158,,,S,black,nonhispanic,M,Bridgeport  Connecticut  US,406 Rogahn Throughway,Branford Center,Connecticut,New Haven County,,0,41.27536011909872,-72.81160116428657,387822.95,970814.53,97516
f8e7ab85-b498-8c6c-3aba-0f4e7125e883,1943-06-19,,999-43-4198,S99917482,X99106166X,Mrs.,Cheryle584,,Stracke611,,Botsford977,W,white,nonhispanic,F,Cornwall  Connecticut  US,504 Rowe Camp,Waterbury,Connecticut,New Haven County,9009.0,6770,41.50088183076238,-72.9803193931787,317622.94,908841.07,35402
5c64e971-14bb-bfb5-5772-ceaf9ef424da,1959-01-27,,999-91-3160,S99992518,X41610316X,Mr.,Rigoberto443,Randall756,Johns824,,,M,black,nonhispanic,M,Naugatuck  Connecticut  US,680 Lockman Haven,Guilford,Connecticut,New Haven County,,0,41.32006775384566,-72.70031553850565,252131.42,266872.41,275517
b168a212-c8bc-7c3d-f08b-6e8ef97f8e31,1942-09-29,2012-02-08,999-66-6007,S99948275,X76954768X,Ms.,Maryellen651,Vivan376,Lind531,,,S,white,nonhispanic,F,Meriden  Connecticut  US,799 Rogahn Estate,Plainfield,Connecticut,Windham County,9015.0,6374,41.68794938821902,-71.8714908003346,567151.49,287120.93,67129
ed1f4413-7959-e028-395e-0b7e1d6d2fb9,1939-10-19,,999-28-8170,S99938224,X96932615X,Mrs.,Takisha161,Jenna662,O'Keefe54,,Schmitt836,M,white,nonhispanic,F,East Hartford  Connecticut  US,355 Leannon Rapid,Long Hill,Connecticut,New London County,,0,41.305923023688344,-72.04751355989325,960036.25,631824.31,114536
8b771431-4b01-9f3a-f92d-c02b9b32c1f5,1926-04-01,,999-24-8008,S99996189,X54717422X,Mr.,Martin117,,Heller342,,,M,black,hispanic,M,Wilton  Connecticut  US,232 Rau Promenade,Windsor,Connecticut,Hartford County,,0,41.87096954436848,-72.62762283812239,837972.04,1370411.26,46988
7599f4a4-3c7b-78ee-38e9-390b4e926e5a,1966-06-25,,999-26-2373,S99963879,X08732125X,Mrs.,Giuseppina753,Eun46,Johnson679,,Wilderman619,M,white,hispanic,F,Essex  Connecticut  US,265 Yost Road Unit 20,Canterbury,Connecticut,Windham County,,0,41.70546291007818,-71.96165407949879,621671.67,416534.27,107206
a2ce83f5-0b31-2a8c-9398-6cc4e31eb905,1966-11-07,,999-49-4156,S99986453,X42128248X,Mrs.,Mignon230,Eleonor544,Mayert710,,Lehner980,M,white,nonhispanic,F,Waterbury  Connecticut  US,974 Kshlerin Loaf,Byram,Connecticut,Fairfield County,,0,41.02448590484576,-73.64263988725004,979268.21,551391.08,69064
89001b1b-6aa2-8b7f-4859-be47ca2b9174,1921-01-27,2001-12-15,999-87-4006,S99994862,X23992427X,Mr.,Ned189,,Kessler503,,,D,white,nonhispanic,M,Heritage Village  Connecticut  US,768 Reinger Walk,Newington,Connecticut,Hartford County,9003.0,6111,41.697594811605335,-72.68808622284497,17043.67,492219.95,13311
b09dfee6-5581-0cea-40da-45dd24435e02,1959-09-28,,999-29-5480,S99917597,X67218121X,Mr.,Ike571,,Lemke654,,,S,asian,nonhispanic,M,Haiphong  Kiến An  VN,167 Cruickshank Meadow,Wallingford,Connecticut,New Haven County,,0,41.487761424057986,-72.83656628567417,157788.89,211931.81,81629
5e01e4f5-d521-ddf0-431f-c009d2f3eef2,1964-05-13,,999-28-1428,S99922879,X27911798X,Mrs.,Nelia669,Brett333,Zemlak964,,Rosenbaum794,M,white,nonhispanic,F,Winsted  Connecticut  US,592 Stamm Key Unit 77,Woodbury,Connecticut,Litchfield County,,0,41.58052078463559,-73.19146688123907,579468.42,4140321.11,86767
880dcf77-5897-995f-67fd-4a446a4e61ce,1921-01-27,,999-26-8324,S99999403,X95166181X,Mr.,Hoyt490,Darwin703,West559,,,S,white,nonhispanic,M,Greenwich  Connecticut  US,536 Kuhlman Extension,Newington,Connecticut,Hartford County,9003.0,6111,41.71086368169224,-72.77973950005233,23397.59,537949.99,13311
d918f52e-7833-88d8-efa9-b1d9be23d432,1959-03-07,2014-12-13,999-37-2340,S99958482,X92640895X,Mr.,Edmundo94,Bill567,Haag279,,,D,hawaiian,nonhispanic,M,Storrs  Connecticut  US,405 Rice Path Unit 35,Salem,Connecticut,New London County,,0,41.50585997137008,-72.25715025446269,165989.25,49536.48,39302
943d086f-cb38-5ed7-adf9-f722ad23a661,1953-03-24,,999-93-2775,S99952496,X57828371X,Mr.,Alexis664,Bruce167,Rippin620,,,S,other,nonhispanic,M,New Haven  Connecticut  US,1087 Friesen Flat Unit 49,Enfield,Connecticut,Hartford County,,0,41.96534851543115,-72.56226197087375,61829.73,2188960.44,19884
95fc08fe-2fce-bd4f-57be-66465f1ffaf1,1965-09-04,,999-12-3555,S99996771,X90799879X,Mrs.,Carry843,Odette203,Will178,,Marks830,M,white,nonhispanic,F,Thompsonville  Connecticut  US,471 Klocko Promenade Apt 92,Moosup,Connecticut,Windham County,9015.0,6354,41.750826590680454,-71.8096806796929,225753.37,900528.64,31886
20197d94-b294-23b9-5be0-7e6d6ca9141c,1953-11-05,2024-12-01,999-71-2248,S99928845,X12667266X,Mr.,Heriberto162,,Carter549,,,M,white,nonhispanic,M,Collinsville  Connecticut  US,141 Mills Ferry,Hamden,Connecticut,New Haven County,,0,41.42810410228187,-72.89038320422351,195352.54,298125.43,166731
a8763e72-3191-d488-76d4-2679636b544b,1943-12-04,,999-23-3570,S99948327,X20467527X,Mr.,Ben667,Renato359,Hahn503,,,M,white,nonhispanic,M,Middletown  Connecticut  US,804 Schaden Bridge Unit 15,Enfield,Connecticut,Hartford County,,0,41.98439993629426,-72.57823384334702,388934.2,227875.38,45183
59bc7781-a017-1a87-a513-926a3b6318cc,1971-03-31,,999-93-5224,S99978121,X74794170X,Mrs.,Dixie159,Lashay246,Rempel203,,O'Keefe54,M,asian,nonhispanic,F,Tokyo  Tokyo  JP,860 Pagac Corner,Westport,Connecticut,Fairfield County,9001.0,6880,41.084427309843875,-73.33454585138982,399467.09,1183779.61,353269
f7929bef-96b0-7619-6e83-b2c775fb9258,1952-04-22,,999-87-3903,S99988869,X26947255X,Mr.,Keneth579,Kent912,Ondricka197,,,M,white,nonhispanic,M,Bridgeport  Connecticut  US,261 Vandervort Gardens Suite 14,Enfield,Connecticut,Hartford County,,0,41.94132652687179,-72.54295043138973,280306.04,214460.34,36627
98ee8e82-b37c-cbf9-9ad7-c770e172ffe3,1944-06-19,2024-05-13,999-91-8845,S99968731,X18336802X,Mr.,Mariano761,Joe656,Bauch723,,,M,white,nonhispanic,M,Norwalk  Connecticut  US,865 Greenholt Terrace,South Windsor,Connecticut,Hartford County,,0,41.8290817796398,-72.57783180823078,17267.45,390949.14,22548
4f3c231e-dedb-3f15-ef53-6feffe11c784,1944-06-19,,999-80-9301,S99923321,X37099203X,Mr.,Burt293,,Reichert620,,,M,white,nonhispanic,M,Stratford  Connecticut  US,348 Walsh Ranch Unit 81,South Windsor,Connecticut,Hartford County,,0,41.86337037158806,-72.58359960809874,16164.57,465928.31,22548
ef482307-dda7-9d2e-2297-1b800e2d1e23,1952-01-03,2010-11-28,999-34-1263,S99942152,X54590764X,Mr.,Henry768,,Hammes673,,,M,white,nonhispanic,M,Branford  Connecticut  US,709 Dicki Way,Bloomfield,Connecticut,Hartford County,,0,41.8629657472908,-72.72976019472704,132702.84,133498.38,35022
4c19820d-24f4-35fc-e457-ba0a3ccd9441,1942-08-29,,999-27-3503,S99986671,X06169583X,Mrs.,Maricarmen445,Eloisa55,Porras535,,Alaniz897,D,white,hispanic,F,Mexico City  Mexico City  MX,724 Littel Ferry,Manchester,Connecticut,Hartford County,9003.0,6040,41.841640239590426,-72.55100677391627,1143437.67,567017.57,56231
a6cadbb8-2318-aad3-1290-74f99285fd8f,1950-08-03,,999-67-2275,S99911402,X05567751X,Mr.,Wilton999,Tyrone215,Hamill307,,,M,white,nonhispanic,M,Burlington  Connecticut  US,506 O'Conner Grove,Fairfield,Connecticut,Fairfield County,,0,41.13567870520513,-73.27534598582938,253262.24,193277.13,63923
2af76156-01b6-a1ab-5259-d1bf4971a7cb,1957-12-21,,999-28-9499,S99994677,X97075407X,Mrs.,Adeline686,Shara355,Hermann103,,Borer986,M,white,nonhispanic,F,Rocky Hill  Connecticut  US,863 Graham Tunnel Apt 39,Windham,Connecticut,Windham County,,0,41.71959165020332,-72.12499188384568,18411.29,1168584.42,21083
eb7315b4-6db3-f3d3-2aeb-c0e534e67250,1963-07-19,,999-25-7614,S99964984,X89022957X,Mr.,Vince741,Abram53,Adams676,,,M,white,nonhispanic,M,Seymour  Connecticut  US,738 Carroll Parade Suite 15,Brooklyn,Connecticut,Windham County,9015.0,6234,41.77722774133098,-71.98034460446436,212545.66,167695.65,69541
98c7f5ac-792f-55af-191c-e764b0f16ad5,1952-12-12,,999-47-5260,S99928608,X12501149X,Mr.,Franklyn361,Herb645,Green467,,,M,white,nonhispanic,M,Manchester  Connecticut  US,348 Hane Rest Suite 29,Stamford,Connecticut,Fairfield County,9001.0,6906,41.02345117265433,-73.50899747533033,68123.48,2082839.63,12848
bb7e2fc5-206b-2c0d-9359-338ddc07db4e,1939-11-03,2024-12-14,999-96-9854,S99925378,X23938047X,Mrs.,Lila466,,Auer97,,Hayes766,M,white,nonhispanic,F,Meriden  Connecticut  US,305 Berge Corner Unit 35,Harwinton,Connecticut,Litchfield County,,0,41.76138961171072,-73.08643064935559,197518.16,950243.24,351721
a0b7b927-203e-316b-0760-39922e5df842,1939-11-03,,999-49-1461,S99952609,X12568491X,Mrs.,Helga481,Talitha643,Tremblay80,,Kovacek682,W,white,nonhispanic,F,Sharon  Connecticut  US,658 Runte Wall,Harwinton,Connecticut,Litchfield County,,0,41.77373524166066,-73.0517165354011,383472.2,1142086.6,351721
fd28d2d8-0ca6-f607-35e1-226afa83be96,1927-08-29,2020-10-10,999-44-5343,S99991499,X84015445X,Mrs.,Concepcion673,Tandra334,Streich926,,Casper496,M,white,nonhispanic,F,Bridgeport  Connecticut  US,504 Pacocha Frontage road Unit 76,Windsor Locks,Connecticut,Hartford County,9003.0,6095,41.89208398916253,-72.6474618400775,338086.76,2084077.58,265226
bee91596-ffa6-7913-6f60-aea39b03fe51,1961-05-18,,999-68-1567,S99995353,X10431421X,Mr.,Nicolas769,Joesph309,Heathcote539,,,M,white,nonhispanic,M,Oxford  Connecticut  US,951 Hartmann Loaf,New Britain,Connecticut,Hartford County,9003.0,6051,41.719236867968384,-72.74643132070277,296690.44,648208.73,38055
a6220e25-ea14-d162-2d75-41b99a7ead69,1952-02-14,,999-74-6607,S99949442,X86147080X,Mr.,Hung902,Sonny285,Wilkinson796,,,M,white,nonhispanic,M,Bridgeport  Connecticut  US,925 Kris Avenue,Torrington,Connecticut,Litchfield County,9005.0,6790,41.820292970592945,-73.13756062991624,147513.98,860532.08,25124
6a5f4a37-582f-3c84-d81d-65c18fb15235,1946-03-24,,999-46-1383,S99993673,X55026886X,Mrs.,Eulalia351,Ludie599,Kuhic920,,Wuckert783,D,asian,nonhispanic,F,South Windsor  Connecticut  US,945 Labadie Manor,Rocky Hill,Connecticut,Hartford County,,0,41.62120855178656,-72.65062631706617,1185587.69,840690.93,73320
35aa2252-119e-5d60-c317-5f0e7b1b39ab,1953-10-04,2005-12-30,999-27-3266,S99962955,X01054456X,Mrs.,Berenice603,,Turcotte120,,Lynch190,M,white,nonhispanic,F,Bridgeport  Connecticut  US,1089 Lesch Forge Unit 44,Stamford,Connecticut,Fairfield County,9001.0,6906,41.08385772810894,-73.57592760963885,373995.01,814071.47,183731
6e90f07a-a455-9f3f-eef0-f94bcc0133e5,1969-10-06,,999-23-7740,S99977766,X49595655X,Mr.,Travis723,Shirley182,Streich926,,,M,white,nonhispanic,M,Danbury  Connecticut  US,696 Kozey Landing,Plainville,Connecticut,Hartford County,,0,41.71606938931262,-72.88998751446123,536285.26,467543.73,50581
6e9a8825-ad63-2329-3c1f-4b20d4f47f8e,1955-11-15,,999-28-8140,S99917382,X09753519X,Mr.,Oswaldo857,Roosevelt595,Turner526,,,D,white,nonhispanic,M,New Milford  Connecticut  US,190 Hyatt Lane Apt 37,Granby,Connecticut,Hartford County,,0,41.9778746935239,-72.80471827522533,237478.36,109795.15,129071
a062666a-fe09-7128-7839-10c4112b8fd4,1978-10-20,,999-36-2867,S99966210,X92966965X,Mr.,Donnell534,,Strosin214,,,S,white,nonhispanic,M,Enfield  Connecticut  US,961 Dicki Flat Suite 72,Waterbury,Connecticut,New Haven County,9009.0,6710,41.631815364433734,-73.06069760705822,8977.69,161776.23,9598
32f52cdc-6a1e-dde9-a4ac-e64807f1e17b,1962-02-22,2006-03-03,999-40-9317,S99933361,X18172417X,Mr.,Doyle959,,Mertz280,,,M,black,nonhispanic,M,Torrington  Connecticut  US,276 Walker Heights Suite 28,Bristol,Connecticut,Hartford County,9003.0,6010,41.67714653775191,-72.85112815027723,153180.92,24073.47,40815
2356fbf9-18a4-3224-347e-32c93d271246,1922-09-09,,999-90-3136,S99986586,X90077081X,Mrs.,Necole468,Liliana922,Witting912,,Dietrich576,M,white,nonhispanic,F,Windsor Locks  Connecticut  US,823 Goldner Gardens,Cheshire,Connecticut,New Haven County,9009.0,6410,41.544046003276144,-72.87797890010684,1209433.97,464562.7,74702
40369320-b3d1-8734-48ed-9a95bdb01532,1941-08-11,2007-04-16,999-51-1905,S99969159,X86438479X,Mr.,Jospeh459,Maurice742,Erdman779,,,D,white,nonhispanic,M,Conning Towers Nautilus Park  Connecticut  US,978 Bergstrom Forge,Old Lyme,Connecticut,New London County,,0,41.3066750978141,-72.25958341658051,277700.03,723610.84,311505
aeaccf38-56d1-b79b-d62f-2181ad882e07,1943-05-15,,999-86-5177,S99971302,X21629137X,Mr.,Leland44,Leo278,Rohan584,,,M,white,nonhispanic,M,Enfield  Connecticut  US,748 Grant Village,Stamford,Connecticut,Fairfield County,9001.0,6903,41.15570807097279,-73.61123427967365,16239.71,508458.12,13051
13ec379a-5338-d352-0f33-ebde290b888c,1941-08-11,2020-10-26,999-52-5484,S99961822,X18568870X,Mr.,Jae222,Whitney250,Hagenes547,,,M,white,nonhispanic,M,Kensington  Connecticut  US,1049 Ferry Village,Old Lyme,Connecticut,New London County,,0,41.34480927279518,-72.34910999635616,298096.44,395551.8,311505
8f04823f-c8ef-2f74-6c8b-eab494de4978,1922-01-16,1992-06-12,999-80-5446,S99973288,X88161009X,Ms.,Julia241,Caroyln232,Labadie908,,,S,white,nonhispanic,F,West Haven  Connecticut  US,781 Bernier Wall,Oakville,Connecticut,Litchfield County,9005.0,6779,41.55162490222318,-73.0717517750245,20624.57,1437608.9,10809
a4e1a74a-5ac3-b993-e388-4d7b0a92e482,1941-08-11,2009-09-26,999-61-7362,S99970107,X23821186X,Mr.,Jc393,Charley358,Sauer652,,,W,white,nonhispanic,M,Clinton  Connecticut  US,1093 Runolfsson Orchard,Old Lyme,Connecticut,New London County,,0,41.323105381180014,-72.28708981300066,112043.47,344956.1,311505
860ef56d-f973-b019-a0a4-c916f664df00,1922-01-16,1991-01-15,999-70-3816,S99989546,X75858990X,Mrs.,Takisha161,Dennis979,Legros616,,Marks830,M,white,nonhispanic,F,Weston  Connecticut  US,388 O'Reilly Throughway Apt 17,Oakville,Connecticut,Litchfield County,9005.0,6779,41.64014816392397,-73.03546857930407,54384.95,1594568.58,10809
e436e39d-c8ce-b0a2-3056-ab456e8bf245,1942-05-28,2024-07-22,999-27-4657,S99970880,X77541592X,Mr.,Benjamín452,Rubén780,Henríquez109,,,S,white,hispanic,M,Juarez  Chihuahua  MX,963 Torphy Club Unit 74,Rockville,Connecticut,Tolland County,,0,41.893873012738176,-72.43503763440766,459706.61,198145.57,44121
111f87fe-f0a0-2f3b-f5ec-a7f8f4c0a4fb,1949-12-22,,999-26-6619,S99980564,X04351723X,Mrs.,Cathern761,Vickey217,Russel238,,Connelly992,M,white,nonhispanic,F,Bridgeport  Connecticut  US,461 Hane Highlands,New Britain,Connecticut,Hartford County,9003.0,6052,41.70104673166123,-72.80273259307545,747392.0,541734.82,51712
fad648fc-3589-44aa-b8cf-e99f36035020,1941-08-11,,999-79-5802,S99968348,X99062985X,Mr.,Vern731,Thomas756,Bartell116,,,D,white,nonhispanic,M,Southwood Acres  Connecticut  US,522 Murazik Key Unit 8,Old Lyme,Connecticut,New London County,,0,41.3297962924791,-72.31502009529078,94444.98,2653948.76,311505
c0194262-9009-5bf8-baa2-2df312365e7d,1967-07-15,,999-30-4478,S99965195,X59231091X,Mrs.,Misti388,Caron739,Dickinson688,,Effertz744,M,white,nonhispanic,F,Ridgefield  Connecticut  US,484 Pouros Quay,West Hartford,Connecticut,Hartford County,9003.0,6105,41.735597633180184,-72.761405622121,619919.55,367290.47,70523
1b3aeb4b-ef70-07b7-99ad-6f677da7981b,1949-11-06,,999-70-5495,S99954786,X29040058X,Mr.,Corey514,Lou594,Konopelski743,,,M,white,nonhispanic,M,Stratford  Connecticut  US,261 Kirlin Haven,West Haven,Connecticut,New Haven County,9009.0,6516,41.252251506129056,-72.98185409911544,351723.17,893100.89,75755
95c12cea-496c-e24a-8fd2-12b09570fd4b,1962-12-25,,999-98-3306,S99974155,X30409966X,Mrs.,Kathline630,,Cremin516,,Considine820,M,white,nonhispanic,F,Bridgeport  Connecticut  US,377 Keebler Hollow,Redding,Connecticut,Fairfield County,,0,41.26025687447801,-73.37365500718293,313839.86,987839.58,163779
d157f34e-87b2-d5e5-76e9-ded475993489,1957-09-21,,999-50-7489,S99947456,X54472344X,Mr.,Jason347,,Gerhold939,,,M,other,nonhispanic,M,Southwood Acres  Connecticut  US,840 Marquardt Run,Watertown,Connecticut,Litchfield County,9005.0,6779,41.64691459043149,-73.13064814961983,16080.72,348125.67,370
d52e9967-1a4f-d29a-2210-0ca08d496630,1935-05-12,2020-12-01,999-68-6173,S99950932,X41823512X,Mrs.,Bertie593,Mui729,O'Kon634,,McDermott739,M,white,nonhispanic,F,Waterford  Connecticut  US,539 Parisian Lodge,Berlin,Connecticut,Hartford County,,0,41.55644067576425,-72.81582004366561,720624.74,2948104.1,98588
6486dc88-240c-3d60-92b1-f75f39da03bf,1939-07-27,2017-04-29,999-79-8797,S99925435,X87492798X,Mrs.,Marylin690,Maryanna659,Bartell116,,Reinger292,D,white,nonhispanic,F,Rocky Hill  Connecticut  US,844 Schuppe Arcade,Westbrook Center,Connecticut,Middlesex County,,0,41.26540297313512,-72.47730437526413,19073.0,1301664.22,16155
77a66110-a387-a02b-55c0-de3a6f5263d4,1939-07-27,2004-05-17,999-48-7483,S99963832,X31363305X,Mrs.,Minda79,Lilliam592,Skiles927,,Von197,M,white,nonhispanic,F,Vernon  Connecticut  US,289 Kutch Landing,Westbrook Center,Connecticut,Middlesex County,,0,41.28418985155199,-72.47366387838504,18583.46,1242411.5,16155
3b3ff509-fea2-a3ad-4be7-3ae107c2938a,1966-09-01,,999-64-5583,S99912011,X78671361X,Mr.,Burton124,,Jakubowski832,,,W,white,nonhispanic,M,Waterbury  Connecticut  US,238 Hyatt Flat,Colchester,Connecticut,New London County,9011.0,6415,41.57259778230192,-72.32786704802727,194162.78,64583.09,167011
533f12f4-684b-e632-855a-61f5d6fc0cef,1949-12-03,,999-25-2871,S99968057,X73798120X,Mr.,Santiago500,Germán350,Tapia475,,,S,white,hispanic,M,Ponce  Puerto Rico  PR,391 Bergstrom Drive,New Milford,Connecticut,Litchfield County,9005.0,6776,41.65016211363896,-73.42006663811661,130167.84,256641.73,29112
a08f7ced-4d14-4bcb-aeb2-a621811835e2,1963-02-18,,999-97-7439,S99997706,X66179820X,Mrs.,Caren429,,Gerhold939,,Howe413,M,white,nonhispanic,F,New Hartford  Connecticut  US,386 Mertz Annex Apt 56,Middletown,Connecticut,Middlesex County,9007.0,6457,41.56360925704727,-72.64853847967768,302318.74,1050423.09,577929
87bf6a9f-deba-d053-b587-4e1667111405,1972-11-29,,999-38-8410,S99991439,X03748571X,Mr.,Adán600,Gabriel934,Escobar593,,,M,white,hispanic,M,Marigot  Saint Andrew Parish  DM,723 Windler Union Suite 74,Hartford,Connecticut,Hartford County,9003.0,6160,41.75275761278312,-72.70635864985486,181490.97,54120.73,63561
f4dfd7d2-2711-c3fb-48c6-bee13d451ab0,1953-06-03,,999-59-4679,S99932249,X73029638X,Mr.,Neal874,Roscoe437,Hegmann834,,,S,white,nonhispanic,M,East Granby  Connecticut  US,818 Gulgowski Terrace,Bridgeport,Connecticut,Fairfield County,9001.0,6607,41.1217209699802,-73.1785312121603,281658.0,235099.55,49572
ba12cdad-f15e-c0e6-0154-55d04fdc40b5,1967-12-26,,999-78-9574,S99999280,X76790553X,Mr.,Gerald181,,Gutmann970,,,W,white,nonhispanic,M,Marlborough  Connecticut  US,434 Stamm Ville,Hartford,Connecticut,Hartford County,9003.0,6110,41.74163073675489,-72.76656457677615,9731.32,181915.18,7799
2d2721f2-aaf5-5157-ea10-0ce1ba8e6c5e,1955-08-08,,999-43-1867,S99934633,X82257294X,Mrs.,Garnett735,Jeni110,O'Connell601,,Ortiz186,M,white,nonhispanic,F,Southington  Connecticut  US,595 Bernhard Union,New Britain,Connecticut,Hartford County,9003.0,6053,41.64291852882698,-72.7721146454911,443303.89,527942.06,42901
7fe57393-27c2-c09d-881a-8fe26407bfdb,1946-10-16,,999-46-2590,S99944613,X63341826X,Mr.,Russell422,,Krajcik437,,,M,white,nonhispanic,M,East Hartford  Connecticut  US,209 Adams Annex Apt 13,Farmington,Connecticut,Hartford County,,0,41.71614079323495,-72.79519149457013,359779.21,172143.13,86898
862be850-9a52-c1f7-54ac-e76663168c25,1956-09-29,,999-48-9994,S99929320,X44485858X,Mr.,Sidney996,Tyler508,Romaguera67,,,M,white,nonhispanic,M,Wallingford  Connecticut  US,870 Fadel Village Unit 42,Enfield,Connecticut,Hartford County,,0,42.033400092299374,-72.57340194458797,238372.88,151380.27,134497
2bf83fc2-73a3-668e-672f-162f49c2287a,1924-11-11,2006-04-12,999-79-3266,S99934090,X73467772X,Mr.,Kendall673,Clifford177,Hoeger474,,,M,hawaiian,nonhispanic,M,Weatogue  Connecticut  US,654 Dietrich Parade,Danbury,Connecticut,Fairfield County,9001.0,6810,41.40914096830939,-73.4829376550591,126893.52,999992.33,111415
aad6c320-802d-6929-f3b9-14e48f122836,1927-12-25,2004-09-30,999-59-6553,S99970983,X82483634X,Mr.,Scottie437,Mauro926,Thiel172,,,M,white,nonhispanic,M,Conning Towers Nautilus Park  Connecticut  US,769 Schuppe Drive,Meriden,Connecticut,New Haven County,9009.0,6451,41.54899142790679,-72.80771991125259,126433.4,247874.07,24191
4bbe9cf3-d660-3965-485f-e5f827542bd0,1947-10-22,,999-26-5319,S99933987,X52359505X,Mr.,Sheldon401,Moses679,Ratke343,,,M,white,nonhispanic,M,Enfield  Connecticut  US,663 Schumm Vista,Plainville,Connecticut,Hartford County,,0,41.712678897792,-72.82258524118006,21226.39,600462.56,13584
32481f5c-e4fa-6076-f746-0a8d51cd3310,1956-01-04,,999-13-6991,S99928242,X98053564X,Ms.,Mike230,Haley279,Beatty507,,,S,white,hispanic,F,Canton  Connecticut  US,495 Fadel Mews Unit 8,Orange,Connecticut,New Haven County,9009.0,6477,41.26842646831002,-73.0704003941889,357214.31,805736.94,144021
b3eaec75-2fa5-65e7-31b0-9f47596c6a05,1922-05-01,,999-33-4076,S99986039,X27656953X,Ms.,Mariam937,Fonda178,Ernser583,,,S,white,nonhispanic,F,Stamford  Connecticut  US,1005 Wyman Harbor,Stamford,Connecticut,Fairfield County,9001.0,6902,41.05016322534355,-73.58413748005006,688536.58,420345.86,60823
6560e01d-cc7d-527b-766d-ba6c1b2daee8,1954-07-30,,999-37-6155,S99986288,X95158196X,Mr.,Rico947,,Schumm995,,,M,white,nonhispanic,M,Wallingford  Connecticut  US,369 Bechtelar Rue,Blue Hills,Connecticut,Hartford County,,0,41.81071001375947,-72.65543269547285,245620.49,132995.51,652722
4b7bcdca-9c03-b6d3-d2ad-616b5fa904db,1924-11-11,,999-53-1150,S99987985,X19639312X,Mr.,Whitney250,Vance413,Hane680,,,D,hawaiian,nonhispanic,M,Bridgeport  Connecticut  US,636 Gerhold Bridge Unit 10,Danbury,Connecticut,Fairfield County,9001.0,6810,41.39888791078531,-73.46159634824868,247510.96,215207.7,111415
8d902ecb-c900-8e8e-50e4-97b845aecd03,1946-03-30,,999-26-3548,S99932486,X59650794X,Mr.,Denny560,Scott935,Cronin387,,,M,white,nonhispanic,M,Glastonbury  Connecticut  US,750 Kris Street,East Hampton,Connecticut,Middlesex County,9007.0,6424,41.58802361623607,-72.520549754234,179342.31,103981.19,129459
f9d79b1b-e59b-d1ad-a0b7-daa5e52ffb00,1962-02-26,,999-49-2051,S99979612,X98949021X,Mrs.,Louvenia131,Margarette462,King743,,O'Conner199,M,white,nonhispanic,F,North Branford  Connecticut  US,329 MacGyver Flat Suite 52,Naugatuck,Connecticut,New Haven County,9009.0,6770,41.5140851239007,-73.02700781992473,1069399.2,1135112.08,65411
39187731-ae81-e019-e76e-8b82f5246d5f,1956-12-20,,999-29-2222,S99928825,X19086412X,Mrs.,Shawnee493,Jaquelyn689,Hamill307,,Padberg411,W,white,nonhispanic,F,South Windsor  Connecticut  US,754 Mueller Stravenue Apt 32,East Windsor,Connecticut,Hartford County,,0,41.888662246486824,-72.5849474358602,295361.88,644476.76,127277
6977f16a-5a34-8a8e-fbfb-2d2d93954970,1979-11-12,,999-74-4590,S99961891,X71945909X,Mrs.,Christiane220,Liliana922,Mitchell808,,Franecki195,M,white,nonhispanic,F,Newington  Connecticut  US,716 Beahan Haven,Wolcott,Connecticut,New Haven County,,0,41.638129542645466,-73.00377848117996,440860.7,588812.8,56831
d07f74b8-fb4b-5cf6-fe62-cc5ea292c083,1958-10-12,,999-90-8030,S99910933,X28686124X,Mr.,Sung603,Maximo817,Runolfsdottir785,,,M,black,nonhispanic,M,Wallingford  Connecticut  US,527 Spinka Crossroad Apt 15,Westport,Connecticut,Fairfield County,9001.0,6880,41.15890004003531,-73.32045552699658,87280.42,1458530.74,22170
0ff41810-7068-453d-fd51-aecb943eef77,1964-10-25,,999-70-1247,S99911552,X89595147X,Mrs.,Maricela194,Thresa531,Zieme486,,Fisher429,M,white,hispanic,F,Bridgeport  Connecticut  US,966 Boyle Neck Apt 2,Waterbury,Connecticut,New Haven County,9009.0,6704,41.53729908411737,-72.95069494616845,1084898.89,955685.49,54667
68eb9451-7c7a-9fca-111d-1406e968100f,1942-06-05,2020-06-09,999-46-8551,S99978580,X23808462X,Mr.,Maxwell782,Wayne846,Morar593,,,M,white,nonhispanic,M,Stafford  Connecticut  US,669 Lebsack Row,New Haven,Connecticut,New Haven County,9009.0,6510,41.34647638394913,-72.93785586561528,304811.27,115906.45,38021
973d6feb-6f22-ec05-1753-4d27a8b00187,1945-09-30,,999-10-6014,S99921474,X82129246X,Ms.,Leeann571,Awilda854,Deckow585,,,S,white,nonhispanic,F,Cromwell  Connecticut  US,481 Kohler Ramp,Stamford,Connecticut,Fairfield County,9001.0,6831,41.039143450166186,-73.57399851454542,937398.8,841747.32,58723
e3f494e3-6140-b4ff-6023-97f603703ce5,1953-07-05,,999-78-6971,S99952876,X64222382X,Mr.,Phillip440,Stan246,Champlin946,,,M,white,nonhispanic,M,New Britain  Connecticut  US,808 Kuhn Grove Apt 89,Branford,Connecticut,New Haven County,,0,41.24977150482528,-72.77471818901945,264073.11,640859.39,144613
11c4b5af-4e9b-de6b-f8b5-702b97d39f89,1952-04-08,,999-94-2561,S99955736,X61289840X,Mr.,Diego848,,Galindo802,,,M,asian,hispanic,M,Caguas  Puerto Rico  PR,130 Medhurst Skyway Unit 58,Colchester,Connecticut,New London County,9011.0,6415,41.568634587272555,-72.37797351739748,251697.07,383659.75,789707
560c0dcb-a111-7247-c40c-98ec1ccdaafe,1916-08-28,,999-46-6587,S99942157,X60236330X,Mr.,Justin359,Wilfredo622,Daniel959,,,M,asian,nonhispanic,M,Cantho  Cần Thơ  VN,561 Larkin Meadow,Wilton,Connecticut,Fairfield County,,0,41.174805076276954,-73.45093202086503,222026.72,552734.02,655394
48fd6989-0fe9-40ff-2fb2-d1972b3c833e,1929-10-20,,999-72-7835,S99924032,X32667209X,Mr.,Darrin898,,Schinner682,,,S,white,nonhispanic,M,Toulouse  Occitanie  FR,519 Tillman Knoll Unit 49,Mansfield,Connecticut,Tolland County,,0,41.79441307618733,-72.21546404625848,220123.07,983268.75,63794
f7c1dfeb-fb57-fe6a-a23e-66adb17f8fc0,1916-01-29,2000-12-11,999-97-1999,S99942002,X81210656X,Mrs.,Valarie790,Madeleine482,Goyette777,,Schneider199,M,white,nonhispanic,F,New Haven  Connecticut  US,221 Hickle Meadow,Danbury,Connecticut,Fairfield County,9001.0,6804,41.43128347230852,-73.46152012714676,1966953.5,5117333.73,84241
aa3da111-0637-855f-ba40-ae725c27ef69,1968-09-24,2023-11-04,999-74-8346,S99922795,X55743960X,Mr.,Joaquin141,Harry448,Hansen121,,,D,white,nonhispanic,M,Willimantic  Connecticut  US,893 Simonis Way,Mansfield,Connecticut,Tolland County,,0,41.77876205657905,-72.2445604971053,279602.05,49642.98,111529
5aaed836-c955-45c5-c07c-42e8a8a67623,1954-02-24,,999-88-9895,S99979688,X58687399X,Mrs.,Graciela518,Beatriz277,Ferrer164,,Pagan507,M,black,hispanic,F,Lima  Lima Province  PE,547 Farrell Glen Apt 78,East Haven,Connecticut,New Haven County,9009.0,6512,41.3530882994331,-72.81820029395604,717291.04,403501.79,86576
d6f870b8-3d93-3f96-df9d-2a64c59a8d5f,1945-05-09,,999-41-7146,S99971654,X26299695X,Mrs.,Berneice173,,Padberg411,,Johnston597,M,white,nonhispanic,F,East Windsor  Connecticut  US,256 Jacobson Village Unit 19,East Haven,Connecticut,New Haven County,9009.0,6473,41.28143030569234,-72.86558051341238,309092.46,1043908.16,212688
cd0f2058-1ef1-bd02-3287-f43133e97213,1953-08-18,,999-81-4334,S99984968,X24777593X,Mr.,Emanuel231,Reyes140,Leuschke194,,,D,white,nonhispanic,M,New Canaan  Connecticut  US,852 Schuppe Common,Norwich,Connecticut,New London County,9011.0,6334,41.61326136140384,-72.0092827145372,17702.86,310289.51,14722
4c3f19d2-07d1-63d7-ecdd-3f7cc9b00c00,1949-06-19,2018-09-18,999-66-1024,S99995613,X68526815X,Mr.,Gordon377,Quinton758,Batz141,,,M,white,nonhispanic,M,Brookfield  Connecticut  US,822 Schaefer Orchard,Woodbury,Connecticut,Litchfield County,,0,41.55034906257594,-73.18251332763835,75143.78,1368418.76,707649
aca876c1-1662-69fe-c11f-45fb5a9951fb,1973-06-25,,999-16-8769,S99965302,X48314624X,Mrs.,Laine739,Marisa391,Ziemann98,,Schulist381,M,white,nonhispanic,F,Waterbury  Connecticut  US,503 Baumbach Tunnel Suite 27,Bristol,Connecticut,Hartford County,9003.0,6013,41.64609158764326,-72.97355524656125,1060813.9,388904.55,81981
c7ed2fe0-b550-95e7-a73e-ad1113d9bd05,1951-04-01,,999-86-4916,S99976053,X05340515X,Mr.,Efrain317,Matthew562,Schmitt836,,,M,black,nonhispanic,M,Westport  Connecticut  US,265 Walter Promenade Apt 11,Sherwood Manor,Connecticut,Hartford County,,0,41.99594307977061,-72.53659360515461,138399.36,394239.33,927682
00825db6-e8e4-0992-c73d-07d14cdc6c5f,1920-09-10,1976-11-15,999-11-4166,S99995953,X59981702X,Mr.,Manuel446,,Campos61,,,D,white,hispanic,M,Tegucigalpa  Francisco Morazán  HN,431 Powlowski Landing,Hebron,Connecticut,Tolland County,,0,41.61698379860855,-72.42300721956994,249728.1,176818.7,353680
e26d6175-b08d-f8be-8ff7-e5af9c9479ad,1958-09-30,2009-05-23,999-80-9428,S99959789,X04296398X,Mr.,Devon268,Ian270,Cummerata161,,,M,white,nonhispanic,M,Hartford  Connecticut  US,159 Miller Parade Apt 12,Newington,Connecticut,Hartford County,9003.0,6111,41.69021218612208,-72.76490612986845,50474.29,133528.82,87141
4099c875-d6f4-360d-cb83-db58c657d4f0,1964-02-15,,999-86-9546,S99958598,X18844640X,Mr.,Ashley34,Dominic463,Marks830,,,M,white,nonhispanic,M,New Haven  Connecticut  US,1022 Block Junction Apt 35,Danielson,Connecticut,Windham County,9015.0,6241,41.79445727137856,-71.82596546563462,258584.01,111409.36,36022
71a262f4-a6e9-7d64-f13b-522ecc2bf2e4,1920-09-10,1995-05-04,999-86-3026,S99959065,X65822366X,Mr.,Cristian531,Santiago500,Grijalva82,,,M,white,hispanic,M,Puebla  Puebla  MX,1012 Jones Center,Hebron,Connecticut,Tolland County,,0,41.64623779988871,-72.43567182362717,123391.75,317828.24,353680
3dc7e9fb-8654-0507-9fb4-24690f5dad3c,1979-03-10,,999-94-1888,S99994073,X57138255X,Mr.,Lane844,,Herzog843,,,M,hawaiian,nonhispanic,M,Bridgeport  Connecticut  US,862 Schroeder Wynd Unit 71,Hamden,Connecticut,New Haven County,,0,41.37813044031755,-72.97062111660269,13096.07,993332.12,1550
3d90f25a-e582-330d-e9fb-06c73ebfa477,1917-02-17,1961-11-24,999-52-6076,S99996383,X17782591X,Mr.,Tomás404,Ricardo560,Tapia475,,,M,black,nonhispanic,M,Guatemala City  Guatemala  GT,534 Bernhard Port,Monroe,Connecticut,Fairfield County,,0,41.3381548677407,-73.17784632012784,145503.09,456745.32,172555
d47abf7c-2e43-5a05-c507-adc39dbd5b5a,1943-09-05,,999-86-6849,S99993750,X86208927X,Ms.,Chia293,Patty600,Hegmann834,,,S,white,nonhispanic,F,Thompson  Connecticut  US,578 Prohaska Junction,Bethlehem,Connecticut,Litchfield County,9005.0,6751,41.66389776897829,-73.16823462994572,859791.81,717542.87,41628
36a54f07-58a3-8778-af7d-4c7af5d1928d,1923-04-01,,999-45-6761,S99929449,X72468348X,Mrs.,Shella455,,Littel644,,Bruen238,M,white,nonhispanic,F,Meriden  Connecticut  US,435 Wolf Rest,Branford,Connecticut,New Haven County,,0,41.23877503541608,-72.82814823401648,303198.73,880313.45,199405
3c4244ff-8e61-c456-40c3-53af877c059e,1917-02-17,,999-57-9632,S99974099,X81336708X,Mr.,Timoteo39,Andrés117,Zelaya592,,,D,black,nonhispanic,M,Caguas  Puerto Rico  PR,1037 Heller Ramp Unit 98,Monroe,Connecticut,Fairfield County,,0,41.36347241534508,-73.25108980714128,236020.04,1372996.49,172555
f209630d-064a-10ef-831b-2279cd330691,1964-08-24,,999-79-5915,S99935980,X48107977X,Mr.,Mickey576,Jasper743,McDermott739,,,M,white,nonhispanic,M,Plymouth  Connecticut  US,922 Quigley Parade Unit 92,New Milford,Connecticut,Litchfield County,9005.0,6776,41.567394630078184,-73.45935738010243,96925.87,1101629.91,62460
9898d032-b6dc-dcfc-a5ab-6978e4ca326b,1976-05-30,,999-71-3933,S99957426,X73233511X,Mrs.,Evangelina20,Xochitl483,Rowe323,,Ortiz186,M,white,nonhispanic,F,Bridgeport  Connecticut  US,995 Beer Walk Suite 5,Westport,Connecticut,Fairfield County,9001.0,6880,41.091695431595184,-73.37569841472214,363934.59,786425.78,569911
4a46123f-2170-c50d-a1a0-4426422e1083,1920-09-10,1997-06-11,999-80-8553,S99963028,X43478343X,Mr.,José Emilio366,,Lovato727,,,D,white,hispanic,M,La Paz  Baja California  MX,602 Crist Rest Apt 59,Hebron,Connecticut,Tolland County,,0,41.635303314246045,-72.38084396643364,264184.83,1008188.98,353680
257469e3-f838-9e0e-8a30-aac2198d9806,1942-10-05,,999-39-9885,S99930637,X56684172X,Ms.,Margy712,Heidi513,Boehm581,,,S,asian,nonhispanic,F,Mumbai  Maharashtra  IN,294 Lindgren Annex,Wolcott,Connecticut,New Haven County,,0,41.63524781611222,-72.93313492198034,183022.94,1159318.27,29995
3c6d06bd-9585-a578-42d2-32df4edac421,1938-10-17,,999-57-1522,S99965420,X92972895X,Mr.,Dennis979,Rick943,Lehner980,,,M,white,hispanic,M,Farmington  Connecticut  US,394 McGlynn Junction,Shelton,Connecticut,Fairfield County,9001.0,6484,41.30672618919982,-73.09613736682527,181518.29,1399631.34,91786
55aac6d9-40fb-8ab7-475f-239a7944547f,1942-08-23,2025-01-02,999-24-2145,S99959245,X93207988X,Mrs.,Joetta231,,Blanda868,,Beier427,M,white,nonhispanic,F,Naugatuck  Connecticut  US,347 Lueilwitz Flat Suite 22,Preston,Connecticut,New London County,,0,41.55603235460356,-72.04829389127372,19965.55,1351197.17,2152
b944eaae-3a23-91d6-5238-cfd71225ffc8,1955-07-22,,999-85-8085,S99914151,X78806205X,Mrs.,Reta616,Amira620,Stroman228,,Marks830,M,white,nonhispanic,F,Storrs  Connecticut  US,481 Hintz Promenade Suite 23,Norwich,Connecticut,New London County,9011.0,6334,41.54290859724672,-72.09209044816014,1399928.59,610391.06,81653
e6ff4a5a-f9c4-c5f8-52f3-a6e2f5330612,1943-05-26,,999-25-9876,S99941316,X36908470X,Mr.,Darron84,Lowell343,Ward668,,,S,white,hispanic,M,Sherwood Manor  Connecticut  US,344 Reynolds Gateway,Stamford,Connecticut,Fairfield County,9001.0,6906,41.05165131568341,-73.58602416862897,640705.9,526914.29,63152
104ec255-3d89-f354-0816-f3e4198a4df2,1920-09-10,1994-11-22,999-90-6155,S99952642,X42274555X,Mr.,Alejandro916,Federico589,Véliz274,,,M,white,hispanic,M,Salisbury  Saint Joseph Parish  DM,508 Labadie Walk,Hebron,Connecticut,Tolland County,,0,41.61755160045948,-72.37223408028854,97122.31,1012448.49,353680
0ec81db5-4fc5-1c48-90a7-6cf1f5003e41,1966-03-11,2018-10-04,999-16-4296,S99960024,X44586624X,Mr.,Titus37,Lonnie913,Koepp521,,,M,white,nonhispanic,M,Hartford  Connecticut  US,855 Hirthe Byway Apt 30,Simsbury,Connecticut,Hartford County,,0,41.872852266157565,-72.78401058272983,570356.97,350912.96,53053
e5361267-ec4b-ba38-1380-e805645e0188,1923-09-22,2002-07-02,999-39-2729,S99914448,X79274171X,Mrs.,Mark765,Lavonna163,Weimann465,,Kerluke267,M,white,nonhispanic,F,Oakville  Connecticut  US,811 Gusikowski Tunnel Unit 7,Bridgeport,Connecticut,Fairfield County,9001.0,6611,41.14949826589613,-73.17408494764824,926354.37,299505.42,42494
5feb78b1-bf09-b7a8-0894-fbec23f9944f,1940-12-07,,999-16-2057,S99979429,X19698595X,Mr.,Cristobal567,David908,Fuentes250,,,M,white,hispanic,M,Lima  Lima Province  PE,998 Barton Approach,Woodbury,Connecticut,Litchfield County,,0,41.58653389630677,-73.21379230694257,110631.81,435696.03,452069
49a86c5e-a68f-de8b-5fbd-bb361070f56b,1967-11-30,,999-29-8896,S99915169,X89784834X,Mr.,Clyde817,,Gutkowski940,,,D,black,nonhispanic,M,Vernon  Connecticut  US,160 Ortiz Byway Suite 78,Branford,Connecticut,New Haven County,,0,41.245119660800064,-72.76227609667457,249789.15,365691.81,317457
8cc9afd4-4f52-a1d9-2aa7-19f4895618f0,1968-11-28,,999-81-2011,S99952005,X80733690X,Mr.,Cory323,Roderick835,Zemlak964,,,W,white,nonhispanic,M,West Hartford  Connecticut  US,557 Glover Overpass,Stamford,Connecticut,Fairfield County,9001.0,6901,41.172165020845085,-73.53111018139286,589728.48,402125.67,69161
ee106bcb-0d97-6bc2-461a-1b553ae3adef,1943-12-28,,999-60-1846,S99999159,X85653376X,Mr.,Morton637,Irving123,Daugherty69,,,M,white,nonhispanic,M,West Haven  Connecticut  US,492 Jones Loaf,Middletown,Connecticut,Middlesex County,9007.0,6457,41.52187526926682,-72.6642264679852,255735.12,821002.48,89823
3a4258ee-74ed-077b-590b-1d793d1aa7f0,1957-03-08,,999-11-2241,S99988678,X35518808X,Mr.,Andre610,Kelly223,Bode78,,,M,white,nonhispanic,M,Glastonbury  Connecticut  US,259 Wolff Trailer Suite 8,Rocky Hill,Connecticut,Hartford County,,0,41.61122333698918,-72.68660335341826,17497.65,354361.6,22538
38d841e5-3d42-be74-cf9f-e6f03b7d834d,1968-05-09,,999-28-6626,S99945451,X82818334X,Mr.,Dong972,Clayton230,Lowe577,,,M,white,nonhispanic,M,West Haven  Connecticut  US,958 Lang Lane,Stamford,Connecticut,Fairfield County,9001.0,6906,41.150058562622775,-73.54176458498091,170602.9,209017.65,52797
28761af5-1a67-dacb-a95b-e9653b77de20,1918-02-05,2000-07-23,999-31-4233,S99967225,X88264259X,Mrs.,Dortha70,Jayme42,Gleichner915,,Bogan287,W,white,nonhispanic,F,Middlebury  Connecticut  US,1029 Boyer Gate,Stamford,Connecticut,Fairfield County,9001.0,6905,41.05891840375955,-73.58648174411796,1067921.61,1000567.81,53301
36e0ce8e-e058-d577-2325-f6fd50d9d195,1971-03-08,,999-33-6047,S99941282,X89044302X,Mr.,Andrew29,Wiley422,Streich926,,,D,white,nonhispanic,M,Wallingford  Connecticut  US,245 Mueller Glen,Easton,Connecticut,Fairfield County,,0,41.26681015504549,-73.32758044492256,264337.98,167982.86,550336
1b6a9c2c-3dd1-f4a3-8480-aad46676d4ea,1949-02-25,,999-80-9621,S99968761,X17291858X,Mr.,Gregorio366,Gilberto712,Guerrero997,,,M,black,hispanic,M,Portsmouth  Saint John Parish  DM,145 Kessler Rest Suite 57,Meriden,Connecticut,New Haven County,9009.0,6450,41.53528926393808,-72.81327858507649,72276.33,313042.61,27437
b3085215-c399-8043-0131-1d0383e4fa70,1943-07-14,2020-10-16,999-34-4838,S99939735,X67055856X,Mr.,Eddy900,Wilford267,Haag279,,,M,asian,nonhispanic,M,Cantho  Cần Thơ  VN,503 Reinger Neck,North Haven,Connecticut,New Haven County,9009.0,6473,41.38018252901481,-72.88224224885467,232721.82,1277656.23,53263
d7ee948a-af72-74e8-fa0e-4682a15e4560,1944-08-25,,999-48-5291,S99916203,X92186287X,Mr.,Gale827,Norris589,Krajcik437,,,S,white,nonhispanic,M,Hartland  Connecticut  US,927 Ritchie Burg,Ellington,Connecticut,Tolland County,,0,41.88700823473137,-72.42535692615282,47435.59,536895.92,138577
731ff445-dfef-1ca9-dbce-1817a10cb245,1969-11-25,,999-67-8058,S99913154,X78031869X,Mr.,Ellsworth48,,Koch169,,,M,black,nonhispanic,M,Hartford  Connecticut  US,341 Toy Gateway,Danbury,Connecticut,Fairfield County,9001.0,6810,41.36029394831085,-73.4440262070369,143775.8,144396.62,169995
9f973dde-7fb8-d1ea-232c-02e2dac385a7,1946-07-17,,999-85-9129,S99956579,X95433953X,Mr.,Jere230,Lynn917,Blick895,,,W,white,nonhispanic,M,Guilford  Connecticut  US,1035 Schowalter Ferry,Naugatuck,Connecticut,New Haven County,9009.0,6770,41.53459306451671,-73.02026830697253,15108.26,306282.67,13640
609e84cf-feef-b5f6-5139-bd1e49fa905b,1951-10-28,,999-68-4692,S99991280,X39841825X,Mr.,Buddy254,Alan320,Roob72,,,M,white,nonhispanic,M,Greenwich  Connecticut  US,534 Funk Path Apt 91,Prospect,Connecticut,New Haven County,,0,41.5219178139845,-72.95543747986092,23017.47,612819.49,11652
77facf67-c1fe-7401-9e16-f4fbe1be3b08,1933-09-04,2016-08-05,999-58-1348,S99942337,X46440944X,Mr.,Johnathon489,Roger751,Daniel959,,,D,white,nonhispanic,M,New Britain  Connecticut  US,938 Hirthe Corner,Hazardville,Connecticut,Hartford County,,0,41.99445483060153,-72.53330337992048,138263.75,253535.98,24174
ead415d4-5418-ba65-184b-1502f9478f2e,1925-06-13,2004-05-21,999-88-9563,S99995528,X16264810X,Mrs.,Marica887,Bronwyn77,Rau926,,Wisozk929,W,white,nonhispanic,F,Ridgefield  Connecticut  US,1057 Wolff Wall Apt 76,Windham,Connecticut,Windham County,,0,41.68466953613772,-72.19128452998923,210633.6,1741297.04,26012
2e167532-2403-c28f-f57f-4d4f80826110,1963-09-16,,999-59-1106,S99917653,X68066014X,Mrs.,Margie619,Audry167,Moen819,,Fadel536,D,white,nonhispanic,F,Bridgeport  Connecticut  US,1088 Hermann Byway Suite 76,Bridgeport,Connecticut,Fairfield County,9001.0,6606,41.20823494023044,-73.17842763280088,708812.03,396755.37,67310
a338e992-f22f-400b-b430-67eb5278c8d8,1918-12-29,,999-95-2042,S99971737,X34783961X,Mr.,Esteban536,,Kovacek682,,,S,white,nonhispanic,M,Guilford  Connecticut  US,575 Brown Ferry Unit 11,East Haven,Connecticut,New Haven County,9009.0,6512,41.29937880187087,-72.82082912311228,53149.01,892829.64,1830
6487e781-9e8d-989c-0001-11b6e6639067,1925-06-13,,999-17-3588,S99911320,X84173867X,Mrs.,Mamie949,,Bode78,,Stiedemann542,M,white,nonhispanic,F,New Milford  Connecticut  US,1006 Quitzon Flat Suite 55,Windham,Connecticut,Windham County,,0,41.66561590559737,-72.217148485162,282351.58,1681591.45,26012
df7ce238-264a-2261-5829-dc91ff6123b8,1933-09-04,,999-95-8092,S99948045,X37194575X,Mr.,Willy639,Franklyn361,Kemmer137,,,D,white,nonhispanic,M,Danbury  Connecticut  US,237 Bahringer Run Suite 37,Hazardville,Connecticut,Hartford County,,0,41.99164066655962,-72.56669208742345,475328.52,1269624.55,24174
c77feda7-0fb4-d248-694a-2d281550c63a,1953-03-17,2023-01-13,999-93-8691,S99991800,X22469331X,Mrs.,Delaine470,Oleta341,Rice937,,Russel238,M,white,nonhispanic,F,Greenwich  Connecticut  US,125 Koch Green,Woodbury,Connecticut,Litchfield County,,0,41.51566640775776,-73.21073749800982,182065.34,1241875.71,34097
6dd13ba7-707c-6a12-1ca8-ebe33f86e97c,1950-07-17,,999-92-9620,S99967046,X81184849X,Mr.,Lyman173,Lindsay928,Ritchie586,,,D,white,nonhispanic,M,Glastonbury  Connecticut  US,496 Dare Quay Suite 63,Torrington,Connecticut,Litchfield County,9005.0,6790,41.84110438292286,-73.11946752966217,349509.6,226904.32,37426
a81192e8-fd28-d53a-1654-9c54276d0f2f,1945-08-16,,999-32-7582,S99937087,X84755507X,Mr.,Walton167,Merle11,Crona259,,,D,white,nonhispanic,M,Waterbury  Connecticut  US,596 Bogisich Row,Greenwich,Connecticut,Fairfield County,9001.0,6831,41.08462941564521,-73.63780282548221,207119.63,590297.52,407932
a2199233-faef-f494-f9b6-3c9c3bfd8c5b,1948-09-12,2026-01-26,999-53-5791,S99991554,X54340427X,Mr.,Delmar187,Xavier983,Robel940,,,S,white,nonhispanic,M,Farmington  Connecticut  US,863 Nolan Lodge,Haddam,Connecticut,Middlesex County,,0,41.46517779055522,-72.53533614048575,219741.61,337349.52,75811
1f143f2e-3053-7575-74fc-6791bae95151,1942-03-18,,999-22-5880,S99938336,X17153670X,Mrs.,Glenna97,,Thiel172,,Sauer652,M,black,nonhispanic,F,Glastonbury Center  Connecticut  US,630 Jacobi Row Unit 21,Southington,Connecticut,Hartford County,,0,41.63192694771611,-72.87634892659763,526466.89,2566431.27,154981
e9af3249-ea12-52c7-96eb-6d6f6149569d,1958-09-30,,999-90-3777,S99994062,X15894420X,Mr.,Nathanial472,Josiah310,Wolf938,,,M,white,nonhispanic,M,Wethersfield  Connecticut  US,695 Beier Divide Apt 44,Stamford,Connecticut,Fairfield County,9001.0,6906,41.072382687361,-73.49571569053246,543807.6,730149.0,46513
0feb71f5-7575-f20d-c33c-3987ffbe37bd,1950-04-29,,999-87-6444,S99949771,X73845654X,Mr.,Renato359,Matthew562,Dickinson688,,,D,white,nonhispanic,M,Newington  Connecticut  US,286 Koss Well,Sherwood Manor,Connecticut,Hartford County,,0,41.984277193974194,-72.56654695258393,48929.08,395392.93,65441
3370b493-7b4e-33d4-a092-1147f454c42c,1948-08-15,,999-83-3916,S99928062,X24237212X,Mrs.,Julieann172,Sandie760,Howell947,,Ullrich385,M,white,nonhispanic,F,Meriden  Connecticut  US,553 Bradtke Rest,Montville,Connecticut,New London County,,0,41.46954728142411,-72.13735661972615,966591.51,834492.71,78897
03487c17-0831-66f3-fc6d-418825dd5558,1949-10-12,,999-64-5032,S99935086,X92212197X,Mr.,Pasquale620,Adrian111,Ziemann98,,,M,white,nonhispanic,M,East Hartford  Connecticut  US,231 Leffler Light,Wethersfield,Connecticut,Hartford County,9003.0,6109,41.70244226063992,-72.65725692206237,331372.77,95981.32,47524
ea03faa6-59dd-31cc-a12f-47fd45234cd7,1944-06-19,1996-09-16,999-53-8183,S99970078,X65282986X,Mr.,Damien170,Haywood675,Cartwright189,,,M,white,nonhispanic,M,Norwalk  Connecticut  US,666 Hackett Knoll,Bolton,Connecticut,Tolland County,,0,41.75981235951576,-72.41918666256501,34516.7,259563.97,139504
810d579c-9a94-aa02-be7d-74c8d674634b,1959-08-28,,999-21-4430,S99989678,X14857682X,Mr.,Reuben327,Ethan766,Schroeder447,,,M,white,nonhispanic,M,Norwalk  Connecticut  US,672 Casper Ferry Apt 75,New Haven,Connecticut,New Haven County,9009.0,6513,41.32822205643682,-72.97988874859566,157748.88,153017.99,64704
1dac5024-a2d3-b194-88ad-bdfd56017ff4,1942-08-26,2020-05-17,999-30-5466,S99969531,X39982440X,Mrs.,Ashlea10,Azucena377,Davis923,,Feest103,M,white,nonhispanic,F,Hartford  Connecticut  US,409 Medhurst Route,Windham,Connecticut,Windham County,,0,41.6914990152667,-72.18604099987199,510765.4,390848.79,119993
ad5e47f1-cac0-ccdc-fe96-d6d94ac757be,1950-09-11,,999-68-3102,S99919376,X47374403X,Mr.,Federico589,Daniel959,Madera340,,,M,black,hispanic,M,Santiago  Santiago Province  CL,1073 Hermiston Parade Unit 25,New Haven,Connecticut,New Haven County,9009.0,6510,41.36222624895762,-72.91035858412884,192242.99,344066.57,25159
eae8f1f7-f3ba-80d9-3521-b370e40e423e,1944-06-19,2025-02-27,999-72-2993,S99967276,X83667338X,Mr.,Delmar187,Darin74,Bernhard322,,,M,white,nonhispanic,M,Waterbury  Connecticut  US,968 Kulas Junction Unit 5,Bolton,Connecticut,Tolland County,,0,41.800228601940226,-72.46491708497844,297878.43,1402162.11,139504
94a43c36-16fc-785e-c6c5-967a359818c2,1927-09-07,,999-87-9645,S99964360,X58623531X,Mr.,Stephan15,,Corkery305,,,S,white,nonhispanic,M,Woodbury  Connecticut  US,1010 Dietrich Camp,Killingworth,Connecticut,Middlesex County,,0,41.380819293221286,-72.55758062750546,144962.54,3293601.97,157987
f00e0811-cb32-0c86-070e-279058c7a3d4,1960-04-24,2025-04-13,999-13-1763,S99970743,X39266955X,Ms.,Micaela928,Gloria696,Armendáriz135,,,S,white,hispanic,F,Caguas  Puerto Rico  PR,316 Hauck Light Suite 2,Norwich,Connecticut,New London County,9011.0,6380,41.52007835541741,-72.22027940810527,1166604.71,1502602.41,75658
ea30b04d-b39c-070e-ea99-8de710eb2946,1939-11-10,2006-05-31,999-80-2450,S99956348,X68643651X,Mrs.,Loraine318,Denise470,Grant908,,Marquardt819,M,white,nonhispanic,F,Hazardville  Connecticut  US,187 Ziemann Highlands,East Lyme,Connecticut,New London County,,0,41.32633972061365,-72.1801013290113,406244.05,1215086.25,134664
e8ebadcf-2904-225c-1b25-27317ec7bf90,1974-02-10,,999-90-6475,S99956417,X91500015X,Mr.,Val761,Davis923,Auer97,,,M,black,nonhispanic,M,Hartford  Connecticut  US,162 Nolan Mill Unit 29,Enfield,Connecticut,Hartford County,,0,41.94346237785124,-72.56260606529796,28367.17,780487.65,29466
01fae22c-3a7c-504d-b63c-2cdaeb88b48f,1939-11-10,,999-44-6996,S99913488,X32269005X,Mrs.,Meta661,,Gorczany269,,Lockman863,D,white,nonhispanic,F,Stratford  Connecticut  US,116 Ritchie Highlands,East Lyme,Connecticut,New London County,,0,41.33776699678851,-72.18031844700533,397871.08,1740978.22,134664
ce9a5639-89dc-4892-5254-0fbca085d82b,1956-08-28,,999-18-1500,S99946365,X17763313X,Mr.,Julian715,Benito209,Jacobi462,,,M,white,nonhispanic,M,Lake Pocotopaug  Connecticut  US,130 Vandervort Ramp Unit 49,New Haven,Connecticut,New Haven County,9009.0,6512,41.37793204056668,-72.99876312083681,232004.27,187622.07,71520
e2902724-07ff-5916-bf21-8c0152d2ed26,1916-12-02,1998-01-06,999-34-9078,S99950195,X25721187X,Mrs.,Rosalia943,Berta524,Quintanilla544,,Navarrete760,M,white,hispanic,F,Caguas  Puerto Rico  PR,144 Wuckert Plaza,North Stonington,Connecticut,New London County,,0,41.499480288860674,-71.89798650208911,640352.07,1179465.0,48117
38fbd263-9128-3a62-a970-074a4e8c2ca5,1943-02-09,,999-40-4736,S99992830,X01308259X,Mr.,Ollie731,Eli762,Graham902,,,M,black,nonhispanic,M,South Windsor  Connecticut  US,970 Beier Passage Apt 50,Stamford,Connecticut,Fairfield County,9001.0,6831,41.00434164698336,-73.51343980672044,89625.6,299911.7,30719
898e59c4-bb2c-2a7a-0e3a-ed57315656a4,1960-05-05,,999-26-4293,S99923453,X49676619X,Mr.,Lemuel304,Gaylord332,Gislason620,MD,,M,white,nonhispanic,M,Wolcott  Connecticut  US,996 Von Village Apt 95,New Haven,Connecticut,New Haven County,9009.0,6510,41.343977192943875,-72.89882663274471,204957.22,131458.51,41820
8f777ec3-177e-99b1-5fd5-3b9a26b73ef0,1954-03-01,,999-58-3571,S99948560,X53752812X,Mr.,Otis335,Karl184,Russel238,,,D,other,nonhispanic,M,Najran  Najran  SA,677 Abbott Corner Unit 66,New Haven,Connecticut,New Haven County,9009.0,6513,41.35115947009648,-72.92920152381824,621834.68,690860.69,37933
6075147b-77de-063f-d7d0-554582b244d2,1943-04-15,2012-06-19,999-69-1614,S99977275,X15309601X,Mr.,Sydney660,,Crona259,,,D,white,nonhispanic,M,Bridgeport  Connecticut  US,341 Oberbrunner Row,East Haddam,Connecticut,Middlesex County,,0,41.46215220438324,-72.43602129789319,178561.86,2154956.53,162170
7d26bc42-dcc3-4bbe-5308-83e00035e066,1952-07-28,,999-37-3282,S99961366,X50962185X,Mr.,Lemuel304,,Kulas532,,,M,white,nonhispanic,M,Collinsville  Connecticut  US,217 Barton Divide,Fairfield,Connecticut,Fairfield County,,0,41.17034563019507,-73.23874361436792,187762.6,976385.32,192285
0d514881-6ef5-83e6-0fe9-1ad20cc27fa8,1943-04-15,2023-01-30,999-75-5222,S99980832,X41883453X,Mr.,Bryce11,Lamar193,Hills818,,,S,white,nonhispanic,M,Colchester  Connecticut  US,710 Lesch Common Unit 35,East Haddam,Connecticut,Middlesex County,,0,41.52477283050632,-72.44089279124448,34796.12,410857.74,162170
123e4fa9-3ed8-92d9-f0b2-e5ffc1c1fa1f,1970-04-16,,999-65-3257,S99987630,X80933681X,Mrs.,Lourdes258,Amalia471,Casas271,,Jimínez732,W,white,hispanic,F,San Jose  San Jose  CR,921 Hammes Bypass,Hamden,Connecticut,New Haven County,,0,41.39298721847165,-72.89496244002862,623227.68,69056.99,66558
ae1d1f90-9a94-62c5-04e9-784fbdc5557c,1943-04-15,2010-06-28,999-78-4442,S99949152,X36138582X,Mr.,Karl184,Leonard963,Rosenbaum794,,,M,white,nonhispanic,M,Colchester  Connecticut  US,679 Barton Row Unit 1,East Haddam,Connecticut,Middlesex County,,0,41.44721171554051,-72.36733950090009,88375.39,904472.24,162170
8a8118a1-7d22-121d-0e9e-ca385069039a,1961-12-24,,999-17-5672,S99937447,X48760704X,Mrs.,Talisha682,Irish781,Osinski784,JD,Volkman526,M,white,nonhispanic,F,Colchester  Connecticut  US,1034 Goyette Manor Suite 25,Meriden,Connecticut,New Haven County,9009.0,6451,41.51971653263463,-72.86848372338106,1024487.68,666219.57,71229
5c00b13b-d15c-2240-858d-1db63870ebf4,1916-06-22,1983-10-06,999-90-9886,S99915105,X94858064X,Ms.,Margorie48,Tamar361,Mayer370,,,S,white,hispanic,F,Derby  Connecticut  US,255 Hilll Junction,Cheshire,Connecticut,New Haven County,9009.0,6410,41.55973180167597,-72.88878744575736,340597.65,772228.43,122909
47e4a3f6-4c3e-b7e2-9fe6-a7a2e7b6a5b0,1954-05-17,2023-12-11,999-52-8335,S99967352,X11484460X,Mr.,Augustine565,,O'Connell601,,,S,black,nonhispanic,M,Newington  Connecticut  US,602 Block Terrace Apt 53,Essex Village,Connecticut,Middlesex County,,0,41.30532654444103,-72.37828349201867,291195.95,54261.13,88895
3630a6fe-52e7-d1fe-7bb1-584f7beec557,1943-02-09,,999-49-6229,S99953831,X99151988X,Mr.,Santiago500,Jerome176,Donnelly343,,,S,white,nonhispanic,M,Bristol  Connecticut  US,728 Hirthe Frontage road,Southport,Connecticut,Fairfield County,9001.0,6890,41.14543466001262,-73.24255920884487,190299.96,267091.18,704769
13315582-5c75-f747-a60b-913aeab0d851,1959-07-31,,999-18-9429,S99937711,X73536214X,Mr.,Normand813,Roland928,Haley279,,,W,white,hispanic,M,Bridgeport  Connecticut  US,692 Russel Port Unit 91,Stratford,Connecticut,Fairfield County,9001.0,6611,41.20893729770362,-73.1260551529412,195471.61,80903.64,36097
a1cb3f98-ff82-1dba-b6a1-891bba6f3bc7,1942-11-19,2026-05-07,999-45-4458,S99923148,X68178726X,Mr.,Alfonzo975,,Mills423,,,M,white,nonhispanic,M,Bethlehem  Connecticut  US,537 Blick Vista Suite 44,New Canaan,Connecticut,Fairfield County,,0,41.17038140509309,-73.53931757177885,123974.61,398074.9,152241
3a12bcdf-4bac-197e-678a-e376bc82debb,1945-02-06,,999-51-5042,S99932473,X54228752X,Mr.,Heath320,Jordan900,Dooley940,,,W,white,nonhispanic,M,West Hartford  Connecticut  US,567 Paucek Trace Suite 4,Trumbull,Connecticut,Fairfield County,9001.0,6611,41.27858038600761,-73.18252836152675,154296.46,1165563.69,25498
0556bb32-470d-4c2e-6335-0bb729eb3f12,1951-05-10,,999-98-6626,S99971572,X79893400X,Mrs.,Rubye299,Macie339,Boyer713,,Ernser583,M,white,nonhispanic,F,Norwalk  Connecticut  US,820 Haag Vista,Norwich,Connecticut,New London County,9011.0,6380,41.613539974792666,-72.15814717717234,1306648.93,1134818.1,74708
039505f9-f7a6-0300-5641-7999b99e5379,1958-05-27,,999-91-7667,S99922649,X11796955X,Mrs.,Suzanne628,,Prohaska837,,Rice937,M,white,nonhispanic,F,West Haven  Connecticut  US,450 Spinka Harbor,Middletown,Connecticut,Middlesex County,9007.0,6457,41.520898107563134,-72.7016030881296,22325.0,1696999.94,1444
4a94176c-de63-a4bb-5b6c-b603b6ba7a6c,1961-10-23,,999-34-4478,S99975053,X35192026X,Ms.,Charles364,Cuc113,Donnelly343,,,S,white,nonhispanic,F,Shelton  Connecticut  US,654 Connelly Light Apt 75,Darien,Connecticut,Fairfield County,9001.0,6820,41.07354903726922,-73.44460922194736,314398.92,1781489.84,295575
86aeaa88-851d-0b2d-8fb5-7fc5306499f5,1929-08-28,1999-12-21,999-93-9520,S99980106,X14261009X,Mr.,Alfredo17,Arnulfo253,Wehner319,,,S,white,nonhispanic,M,Avon  Connecticut  US,676 Stehr Union Unit 47,New Britain,Connecticut,Hartford County,9003.0,6051,41.71919522264834,-72.76122201566925,101171.17,796875.74,107739
0d7e501d-76f3-fc96-fef1-578bbac9ccaa,1970-11-02,,999-60-7334,S99971395,X13729435X,Mr.,Brett333,Joaquin141,Olson653,,,M,asian,nonhispanic,M,Ahmedabad  Gujarat  IN,830 Goldner Avenue,Greenwich,Connecticut,Fairfield County,9001.0,6831,41.10251513099681,-73.65252248532593,185697.09,124041.05,926845
74e3f7e1-ad7e-4a03-f1ba-971214469d1f,1942-11-23,,999-86-7206,S99964927,X22614797X,Mr.,Alfredo17,Enrique929,Vallejo39,,,M,white,hispanic,M,Caguas  Puerto Rico  PR,268 Wunsch Approach Suite 36,Old Lyme,Connecticut,New London County,,0,41.34391948850532,-72.30423301032644,231663.62,626405.37,138391
e820477f-f43e-4ce2-f1b6-5c971f857e11,1930-06-29,2004-08-25,999-41-7092,S99921527,X35034784X,Mr.,Abram53,Garret233,Romaguera67,,,W,other,nonhispanic,M,Gales Ferry  Connecticut  US,585 Wolf Orchard,Bristol,Connecticut,Hartford County,9003.0,6013,41.7045697220203,-72.97010913471054,254162.18,143150.06,53635
a7725bda-1530-0594-d302-a79467355edc,1929-08-28,,999-53-1057,S99944036,X45037927X,Mr.,Lavern240,,Harris789,,,M,white,nonhispanic,M,Greenwich  Connecticut  US,453 Conn Track,New Britain,Connecticut,Hartford County,9003.0,6052,41.66876067392425,-72.81174176908873,347240.61,209424.49,107739
b5d74a10-f013-bdfb-4e69-de60d259dbfd,1930-01-30,2012-02-03,999-59-2935,S99956431,X32846490X,Mrs.,Julio255,Mia349,Gleason633,,Nienow652,W,black,nonhispanic,F,Waterbury  Connecticut  US,1017 Von Club,Woodbridge,Connecticut,New Haven County,,0,41.37274172596195,-73.01118405609625,589394.52,3378040.51,44795
11d8ca1c-3d3e-ce0e-7fb1-211da3016394,1961-04-03,,999-77-5588,S99985940,X89147688X,Mr.,Ignacio928,Renato359,Kihn564,,,M,white,nonhispanic,M,Canaan  Connecticut  US,540 Senger Rue Unit 1,Watertown,Connecticut,Litchfield County,9005.0,6779,41.66312715191896,-73.16465014111009,277291.83,5361.89,65479
176c63e4-810c-22db-e863-df87d9f45b8c,1921-12-31,2006-05-02,999-73-9569,S99929122,X91921831X,Mr.,Boris111,Jc393,Blanda868,,,M,black,nonhispanic,M,Wallingford  Connecticut  US,591 Runte Boulevard Apt 17,Sherwood Manor,Connecticut,Hartford County,,0,42.011270160743926,-72.61562279604021,241062.53,294589.79,69048
eb1fb9fe-a767-5a6e-fa7c-dae9c5391f0c,1953-07-20,,999-71-5433,S99970289,X34266205X,Mr.,Abel832,,Zboncak558,,,M,black,hispanic,M,Stamford  Connecticut  US,241 Klocko Glen Apt 39,East Hartford,Connecticut,Hartford County,9003.0,6118,41.77332396357121,-72.58609550316682,104060.67,312145.28,88782
86479f87-b8d8-b2cc-1440-187e68e159e1,1921-12-31,2020-06-24,999-60-8104,S99964946,X66008134X,Mr.,Rick943,Jules135,Volkman526,,,M,black,nonhispanic,M,Berlin  Connecticut  US,341 Labadie Village Unit 21,Sherwood Manor,Connecticut,Hartford County,,0,42.019720802671245,-72.55862293940183,1141541.0,2244666.7,69048
3486dad3-06f4-9b0e-a89c-ba35fb9fe21b,1957-01-13,,999-25-7026,S99984965,X41520833X,Mrs.,Kary197,Meda165,Kuhn96,,Ritchie586,M,white,nonhispanic,F,Orange  Connecticut  US,1084 Stanton Route Suite 23,Westbrook,Connecticut,Middlesex County,,0,41.32241423562176,-72.44202026176545,667647.94,146925.79,55340
578a9138-cd93-51be-5cad-5b2f151268d8,1951-11-24,,999-23-1016,S99938971,X50416754X,Mr.,Jewell855,,Lind531,,,M,black,nonhispanic,M,Stamford  Connecticut  US,417 Harvey Heights Unit 59,Stamford,Connecticut,Fairfield County,9001.0,6907,41.013698881994685,-73.56102777323675,239365.57,196100.73,53843
811875fb-ebfe-2ac3-dc21-dd8e6681ced9,1936-05-22,,999-76-5697,S99995327,X91324126X,Mrs.,Shanika235,Milagros256,Hoppe518,,Stehr398,D,white,nonhispanic,F,Branford  Connecticut  US,611 Klein Arcade Apt 6,Bethel,Connecticut,Fairfield County,9001.0,6801,41.37170459664341,-73.35744295498881,155091.97,1191127.66,28922
26e87b6a-ae5c-885e-118d-ae6a617ab859,1973-01-15,,999-99-2344,S99961676,X01764035X,Mrs.,Edith654,Josephine273,Schumm995,,Goldner995,M,asian,nonhispanic,F,Madison  Connecticut  US,188 Wiegand Wynd Unit 68,Fairfield,Connecticut,Fairfield County,,0,41.18382749500093,-73.26228235216153,15521.0,904399.9,19918
bac29284-36d2-9053-9392-efb2ffaf2b79,1949-08-19,,999-78-2886,S99993551,X35471095X,Mr.,Micheal721,,Paucek755,,,M,black,nonhispanic,M,Glastonbury  Connecticut  US,261 Lueilwitz Frontage road,Meriden,Connecticut,New Haven County,9009.0,6451,41.51351556244071,-72.78702084604646,222512.42,215384.4,37655
774c3269-f3ce-72c1-3bd7-600a35166bed,1953-02-20,,999-73-6558,S99976506,X02948508X,Mr.,Shelby741,Aurelio227,Orn563,,,M,white,hispanic,M,Columbia  Connecticut  US,333 Shanahan Trafficway Unit 89,Stamford,Connecticut,Fairfield County,9001.0,6831,41.148807194989104,-73.59259406395742,24198.25,789364.6,11194
62ac5f93-68d4-6183-81bd-43e8e1d82536,1916-11-16,2011-12-20,999-87-4577,S99999413,X22927257X,Mr.,Clark193,Dick869,Auer97,,,D,white,nonhispanic,M,Simsbury  Connecticut  US,405 Braun Boulevard,Wallingford,Connecticut,New Haven County,,0,41.48023496728062,-72.76266087592992,247861.94,194372.25,90330
e7f0f1e7-cd88-3f38-80c5-ed9ddb3d535d,1939-03-29,2015-05-23,999-57-7975,S99992681,X68860839X,Mr.,Gilbert263,Denny560,Medhurst46,,,S,black,nonhispanic,M,Meriden  Connecticut  US,695 Huels Overpass,Sherwood Manor,Connecticut,Hartford County,,0,42.0040434748335,-72.52250818569681,783811.53,831968.4,69048
2f4be331-e943-675f-898a-ca13ee2bfe63,1917-01-12,,999-61-1920,S99967653,X53655179X,Mrs.,Madaline59,Verlene883,Hartmann983,,Morissette863,D,white,hispanic,F,Seymour  Connecticut  US,242 Weissnat Mission,Hamden,Connecticut,New Haven County,,0,41.37318409187968,-72.92454819031279,1178536.15,2913212.23,73105
855dd3fe-e820-5e2e-121a-02971d565370,1932-07-25,,999-46-9283,S99980719,X20165478X,Ms.,Vina438,Etsuko685,Braun514,,,S,black,nonhispanic,F,Farmington  Connecticut  US,295 Grimes Dale,Southington,Connecticut,Hartford County,,0,41.64360704936878,-72.85108569777522,971999.75,1873122.19,58669
2b25784e-d880-4840-62e6-911586b0040c,1946-03-27,,999-69-4444,S99997812,X50864561X,Mr.,Terrell212,,Goodwin327,,,M,white,nonhispanic,M,Trumbull  Connecticut  US,393 Rippin Avenue Unit 19,Coventry,Connecticut,Tolland County,,0,41.76678846335457,-72.32168608555227,250851.38,440847.28,619807
43e8826b-8053-22d0-cdc7-4fa07e13ddc9,1954-08-11,,999-43-6570,S99968487,X70445587X,Mr.,Grady603,Wilbert25,Strosin214,,,D,white,nonhispanic,M,Greenwich  Connecticut  US,797 Lemke Viaduct Apt 1,Somers,Connecticut,Tolland County,9013.0,6071,41.95487434565307,-72.48349134976547,520297.03,522300.16,57738
df90a14e-9a95-f05f-fd6c-0a40bba9d208,1939-03-29,,999-51-5005,S99928720,X77499436X,Mr.,Angelo118,Alexis664,Willms744,,,M,black,nonhispanic,M,Norwalk  Connecticut  US,1031 Moen Rue Apt 7,Sherwood Manor,Connecticut,Hartford County,,0,42.00335355975844,-72.53418587654781,616663.23,1527910.64,69048
5397be0f-caff-4714-153d-ac524b671f4f,1958-11-15,,999-19-3589,S99962138,X63091929X,Mr.,Jorge203,Mario764,Zelaya592,,,S,white,hispanic,M,Mexico City  Mexico City  MX,797 Price Glen Apt 39,Manchester,Connecticut,Hartford County,9003.0,6042,41.8100658595277,-72.56643957225633,237902.78,158088.93,82163
53ad3b18-13ed-146d-bbea-17c319724be2,1916-11-16,2002-08-20,999-53-7579,S99986080,X17074153X,Mr.,Alfonso758,Elden718,Fay398,,,D,white,nonhispanic,M,New Haven  Connecticut  US,502 Pagac Mill,Wallingford,Connecticut,New Haven County,,0,41.48627018702236,-72.78104524565653,233265.94,284527.81,90330
85a076a1-e65b-dea8-4bac-b04849dec62c,1958-08-14,,999-53-1346,S99926476,X64324958X,Mr.,Marlon619,,Barrows492,,,M,hawaiian,nonhispanic,M,New Haven  Connecticut  US,966 Raynor Lock Unit 1,Rocky Hill,Connecticut,Hartford County,,0,41.63450506039242,-72.67812408615208,211495.19,128647.7,179797
244587e0-acc5-94bd-0650-c101956aae9a,1951-11-12,,999-28-6609,S99947392,X48558338X,Mr.,Carson894,Chet188,Boehm581,,,D,white,nonhispanic,M,Hartford  Connecticut  US,561 Schuppe Boulevard Suite 54,Derby,Connecticut,New Haven County,9009.0,6418,41.27949094704403,-73.06946352679898,351674.64,1823460.85,4657
ac743b1c-a3f4-a956-bb34-1ab393ee78d1,1948-03-05,,999-55-5632,S99925487,X05435098X,Mr.,Andy346,,Simonis280,,,M,white,nonhispanic,M,Shelton  Connecticut  US,336 Vandervort Mission Apt 69,Eastford,Connecticut,Windham County,,0,41.86217324693669,-72.13184349874632,250031.02,895090.01,185726
ef6bdfdf-d92c-e0bc-cdbc-2a3217b240e5,1955-12-11,,999-24-5585,S99963215,X06686235X,Mr.,Vince741,Titus37,Huels583,,,W,white,nonhispanic,M,Enfield  Connecticut  US,425 Kassulke Manor Apt 22,Bridgeport,Connecticut,Fairfield County,9001.0,6608,41.21968393014575,-73.17368294997307,140936.98,944014.65,32725
a15f74df-25ac-38c2-cbcf-247f0f695483,1945-05-22,,999-66-7619,S99919773,X56156367X,Mrs.,Domenica436,Chante435,Bergstrom287,,Kling921,M,white,nonhispanic,F,Munich  Bavaria  DE,376 Anderson Gateway,Fairfield,Connecticut,Fairfield County,,0,41.22557407024396,-73.31876808162814,354104.91,1589833.31,445994
dd79a7b5-9b15-a779-bae7-6b69975a0fd8,1961-12-05,,999-22-8121,S99950798,X59624359X,Mr.,Bill567,Isiah14,Hintz995,,,W,white,nonhispanic,M,Monroe  Connecticut  US,534 Waters Bridge Suite 72,Hamden,Connecticut,New Haven County,,0,41.40417857286534,-72.96823856483466,181670.81,98947.46,47212
8add2e87-760b-8f4d-8566-1415a62be297,1972-01-11,,999-57-2528,S99925849,X09991334X,Ms.,Carie544,Lavette209,Breitenberg711,,,S,white,nonhispanic,F,New Britain  Connecticut  US,159 Herman Trafficway Suite 34,Stratford,Connecticut,Fairfield County,9001.0,6611,41.1585342913825,-73.1312798172196,648827.73,569303.54,84237
aff79789-d140-a61d-3585-6379f36116b6,1968-03-26,,999-21-2223,S99946088,X45942321X,Mr.,Derick144,Jewel43,Metz686,,,S,white,nonhispanic,M,Bridgeport  Connecticut  US,461 Altenwerth Esplanade Suite 45,Clinton,Connecticut,Middlesex County,9007.0,6413,41.34452796607708,-72.5605562827661,11250.52,348965.27,10677
8f15dba0-181f-002a-96d8-dc0fb32eb133,1941-11-04,2014-05-22,999-86-5077,S99944528,X71007345X,Mr.,Augustine565,,Pagac496,,,D,white,hispanic,M,Bridgeport  Connecticut  US,962 Franecki Street,Hartford,Connecticut,Hartford County,9003.0,6106,41.74320438330116,-72.70048302695815,23525.67,631873.96,9660
7fc4e1b5-6779-e801-595e-4e3727fef2c2,1941-11-04,,999-71-8481,S99969207,X05484282X,Mr.,Charlie254,,Shanahan202,,,D,white,hispanic,M,Brookfield  Connecticut  US,966 Marks Lodge,Hartford,Connecticut,Hartford County,9003.0,6095,41.791574663635906,-72.66175321175264,25660.47,780175.3,9660
50b2191b-3c9f-74a0-c82c-a7340707be20,1953-01-26,,999-27-5330,S99998119,X99917423X,Mr.,Ronnie7,Raymond398,Roob72,,,M,white,nonhispanic,M,Newington  Connecticut  US,398 Schneider Hollow Suite 38,Avon,Connecticut,Hartford County,,0,41.78562197252293,-72.83446291018556,106465.09,284967.56,718424
e2e9b972-944e-fcf5-ce29-0296172f99c5,1956-08-19,,999-60-5349,S99937737,X70064409X,Mr.,Bud153,Judson999,Dare640,,,W,white,nonhispanic,M,Wallingford  Connecticut  US,675 Shields Underpass Suite 76,Washington,Connecticut,Litchfield County,,0,41.63890298397292,-73.33127449613578,134751.77,232504.79,25828
185deeed-6684-c2d4-0470-afe535bbf420,1971-08-24,,999-74-2311,S99954083,X04759079X,Mr.,Rodrigo242,Felix524,McKenzie376,,,W,white,nonhispanic,M,Bridgeport  Connecticut  US,1045 Stamm Way,Waterbury,Connecticut,New Haven County,9009.0,6702,41.51996033778634,-73.03113484752294,588744.42,366106.98,77825
5074bf36-8104-f2a0-8b0d-db6e9ccedb0d,1947-04-26,,999-22-5224,S99939085,X22435469X,Mrs.,Genevieve884,Yuonne878,Cummerata161,,Rempel203,M,white,nonhispanic,F,Bristol  Connecticut  US,119 Mayer Fork,West Haven,Connecticut,New Haven County,9009.0,6516,41.23896820011337,-72.94544291265353,502527.72,979786.33,51164
24194c16-cf59-4503-8d86-abb7d35d5280,1928-04-13,2016-12-13,999-86-2153,S99921693,X70933597X,Mr.,Nicolás801,Antonio44,Carrion142,,,M,white,hispanic,M,Gaudalajara  Jalisco  MX,205 Lemke Haven,Shelton,Connecticut,Fairfield County,9001.0,6484,41.25976436860002,-73.1402885391334,344728.69,101131.85,46872
61e8df8b-606b-ae67-0608-46c3bf61de7f,1949-10-17,,999-79-3601,S99954542,X51240830X,Mrs.,Lakeshia836,Gisela897,Runolfsson901,PhD,Hickle134,M,white,nonhispanic,F,New Haven  Connecticut  US,676 Leuschke Corner,Danbury,Connecticut,Fairfield County,9001.0,6810,41.38544822190114,-73.43999565187714,1187863.55,867595.0,51250
d05712a8-f765-4b46-901b-1f8006e7a357,1957-08-12,,999-71-8922,S99951251,X27592675X,Ms.,Adela471,Margarita164,Ornelas92,,,S,white,hispanic,F,Bogota  Bogota  CO,769 Deckow Path Suite 73,Wallingford,Connecticut,New Haven County,,0,41.41848266139623,-72.80733628380372,585873.7,147351.06,54577
9089f2e4-0994-c423-4dea-146dc06bf4d0,1918-02-26,2015-07-28,999-57-6016,S99925032,X40591332X,Mr.,Vern731,,Grant908,,,M,white,nonhispanic,M,South Windsor  Connecticut  US,610 Kuphal Light,Shelton,Connecticut,Fairfield County,9001.0,6484,41.347172812219,-73.17650051502912,405721.21,1507983.22,54431
ec22bce9-8462-11b3-dda9-b3afd667d134,1924-10-15,2007-08-02,999-11-5893,S99914862,X59403070X,Mr.,Abraham100,Daryl568,Grimes165,,,S,white,nonhispanic,M,Waterford  Connecticut  US,416 Hickle Lane,Cheshire Village,Connecticut,New Haven County,,0,41.4813047348862,-72.85545761662846,329080.65,582443.6,51313
164cd53c-86f0-22d4-1eee-6a9dbf7047b2,1928-04-13,,999-82-3912,S99950612,X51273731X,Mr.,Alfonso758,Pedro316,Griego535,,,S,white,hispanic,M,Santiago de los Caballeros  Santiago  DO,937 Tromp Ranch,Shelton,Connecticut,Fairfield County,9001.0,6484,41.32952386316201,-73.1423209818721,232750.77,175290.37,46872
c6125a66-c422-1b6a-0690-c166ab74ba9e,1940-12-24,2019-03-22,999-73-2211,S99960053,X40340353X,Mr.,Gabriel934,Benito209,Villaseñor332,,,S,white,hispanic,M,San Jose  San Jose  CR,752 Macejkovic Glen,Meriden,Connecticut,New Haven County,9009.0,6450,41.55129853904566,-72.83373224318429,82766.35,3899362.3,18870
2d986c68-08a9-fa39-97cf-562d486e4681,1966-06-07,2025-10-27,999-67-2994,S99948402,X16658786X,Mr.,Joel444,Sherman440,Daniel959,,,S,white,hispanic,M,Hamden  Connecticut  US,415 Schaefer Junction Unit 39,Hartford,Connecticut,Hartford County,9003.0,6117,41.8400819760196,-72.74398038676105,164965.84,191988.33,58179
59c5c1df-50e1-2d37-b3a1-c97e4f681b6f,1924-10-15,,999-14-2020,S99985918,X94025338X,Mr.,Willie882,Eugene421,Murazik203,,,M,white,nonhispanic,M,Weston  Connecticut  US,937 Cronin Trail Unit 68,Cheshire Village,Connecticut,New Haven County,,0,41.49125979589526,-72.90284643323105,244313.44,305512.94,51313
16970c80-ab64-ee03-b112-22b2027b77d5,1948-06-25,,999-56-9178,S99927915,X33811546X,Mr.,Dorian295,Linwood526,O'Connell601,,,D,white,nonhispanic,M,New Haven  Connecticut  US,733 Carroll View,Fairfield,Connecticut,Fairfield County,,0,41.20410020009608,-73.22775011647848,269565.66,853889.76,131077
1e6c0b1e-a04d-cfce-0cdf-48d08aa67c38,1942-08-11,,999-31-9420,S99974890,X87070499X,Mrs.,Camelia346,Misty404,Howe413,PhD,Mertz280,M,white,nonhispanic,F,New Haven  Connecticut  US,414 Doyle Way,Greenwich,Connecticut,Fairfield County,9001.0,6831,41.00521235112621,-73.66315756750552,340720.11,222827.54,95149
ca1ba76a-663c-1f7c-0f28-ee303ae9e7f8,1918-02-26,2002-08-20,999-48-7477,S99919131,X85880847X,Mr.,Donovan745,Arlen68,Rowe323,,,W,white,nonhispanic,M,Fairfield  Connecticut  US,399 Buckridge Center Unit 43,Shelton,Connecticut,Fairfield County,9001.0,6484,41.261121801887576,-73.11627863376367,326843.36,1835497.38,54431
a8e6db90-d906-dfde-db2a-5bfe8eb423c1,1928-04-25,2014-10-23,999-14-1129,S99959650,X94793000X,Mr.,Nicolás801,,Cabrera242,,,W,white,hispanic,M,Salisbury  Saint Joseph Parish  DM,406 D'Amore Meadow Unit 39,New Haven,Connecticut,New Haven County,9009.0,6513,41.32926724697471,-72.86533719333134,99773.0,1241473.29,59139
ca4274a4-23ec-78fc-1c2b-e003098fdf8e,1940-12-24,,999-61-4261,S99967020,X69665829X,Mr.,Timoteo39,Julio César525,Cerda549,,,M,white,hispanic,M,Santiago de los Caballeros  Santiago  DO,342 Dickinson Center,Meriden,Connecticut,New Haven County,9009.0,6451,41.52242073967727,-72.7910881889967,17072.49,599050.94,18870
2b83c16d-df63-afcf-e7d5-06e8bb27cd93,1954-04-27,,999-31-2039,S99910671,X68596423X,Mrs.,Elvira561,Jennifer579,Kris249,,Corwin846,M,white,nonhispanic,F,Vernon  Connecticut  US,357 Jaskolski Orchard Unit 3,Stamford,Connecticut,Fairfield County,9001.0,6901,41.07854600584638,-73.57661400430318,550237.06,1621005.22,139862
6f0bfb0b-d12b-0a77-0666-9b9ee88c54ac,1928-04-25,2023-10-28,999-57-5832,S99910039,X69931348X,Mr.,Cristian531,Pedro316,Esparza426,,,S,white,hispanic,M,Buenos Aires  Ciudad de Buenos Aires  AR,1035 Jaskolski Port Apt 27,New Haven,Connecticut,New Haven County,9009.0,6511,41.317269694292406,-72.88790496591794,538726.6,340346.21,59139
d3c23c2e-f1c9-b76f-4ee2-206d787c0a48,1928-04-25,2010-05-11,999-51-7186,S99996900,X54103662X,Mr.,Joaquín233,Cristian531,Cedillo160,,,M,white,hispanic,M,Ponce  Puerto Rico  PR,161 Hills Dam,New Haven,Connecticut,New Haven County,9009.0,6512,41.32630459912976,-72.97455791113921,292138.12,1727191.4,59139
c8774373-52eb-2f5c-a17b-eb5ac8d96590,1941-07-29,,999-22-5852,S99934749,X01231731X,Mr.,Salvador46,Woodrow571,Mitchell808,,,D,white,nonhispanic,M,East Haddam  Connecticut  US,930 Bode Parade,South Woodstock,Connecticut,Windham County,9015.0,6267,41.91117500967636,-71.95756626586228,282186.09,226668.42,54933
e34d94fd-eab5-e6fb-aa3f-92c2efdad035,1923-06-03,2007-09-07,999-88-8006,S99949943,X59512145X,Mr.,Donald774,Berry486,Blanda868,,,M,white,nonhispanic,M,Orange  Connecticut  US,888 Dickens Junction,Hartford,Connecticut,Hartford County,9003.0,6106,41.75800709124132,-72.63938142867184,240369.3,148463.35,72433
d9caec3b-2c01-4f0a-37cd-c1e89d0cb98b,1931-10-10,2010-08-26,999-61-2289,S99959119,X99438606X,Mr.,Mauro926,Cornell131,Hudson301,,,S,white,nonhispanic,M,Stratford  Connecticut  US,111 Schimmel Green,Naugatuck,Connecticut,New Haven County,9009.0,6770,41.47328493056653,-73.01981906114317,215382.73,77937.0,65183
0a89f6fd-a358-59bd-2d2b-abd03cc1ead4,1948-02-20,2021-03-29,999-71-3627,S99911253,X27725370X,Mr.,Felipe97,Javier97,Leiva147,,,M,white,hispanic,M,Roseau  Saint George  DM,623 Larson Trafficway,Danbury,Connecticut,Fairfield County,9001.0,6810,41.389398744683895,-73.49129201755828,13221.08,340918.77,19696
1fb0a483-df56-c99b-bb47-9bab8efd734d,1923-06-03,1979-09-01,999-96-2415,S99951628,X78746022X,Mr.,Nicolas769,Elvis145,Crooks415,,,M,white,nonhispanic,M,Bridgeport  Connecticut  US,667 Bednar Walk Suite 82,Hartford,Connecticut,Hartford County,9003.0,6112,41.7760296901196,-72.65102507642604,774792.38,245528.38,72433
acd7a54f-11f5-8957-43f3-4c1a8fa2dcd0,1956-01-29,,999-83-3855,S99972377,X92504558X,Mrs.,Evelynn217,Theresia791,Koss676,PhD,Reichert620,M,black,nonhispanic,F,Bridgeport  Connecticut  US,459 Daugherty View,Heritage Village,Connecticut,New Haven County,,0,41.49116144016334,-73.21128414224289,887866.54,956829.66,37676
ed8566af-d1e5-407e-7c88-8c411c98bdd3,1942-05-30,2025-12-19,999-90-2039,S99925718,X76460582X,Mr.,Erwin847,,Kuhlman484,,,M,black,nonhispanic,M,Fairfield  Connecticut  US,437 Bergstrom Wynd Unit 44,Bridgeport,Connecticut,Fairfield County,9001.0,6608,41.16972968015779,-73.25389909669363,205786.87,898117.44,1550
bfc6fa9e-20ea-29af-4acb-93552638946e,1931-10-10,,999-58-9939,S99971837,X29908270X,Mr.,Antony83,Isidro558,Wuckert783,,,M,white,nonhispanic,M,Weston  Connecticut  US,397 Lehner Overpass,Naugatuck,Connecticut,New Haven County,9009.0,6770,41.494409431107194,-73.07797095907458,304430.6,1074677.6,65183
0bb5c846-3044-87c4-4117-bedb69e75c6e,1928-02-18,2012-07-01,999-68-2895,S99983946,X83760872X,Mrs.,Felicita351,Evelina828,Feeney44,,Crona259,M,white,nonhispanic,F,New Haven  Connecticut  US,611 Crooks Well,Plainfield,Connecticut,Windham County,9015.0,6374,41.66322214496742,-71.93916658064286,900011.46,1503120.41,70775
162d73b8-4a2a-7bb4-b841-dbf26430639f,1946-01-10,,999-74-6955,S99920115,X53443033X,Mr.,Kendall673,Enrique929,Schumm995,,,D,white,nonhispanic,M,Simsbury  Connecticut  US,895 Feest Divide,Harwinton,Connecticut,Litchfield County,,0,41.758170720539894,-73.03985104548991,147854.91,329119.16,144220
c97eaf4f-ffdb-15bd-9ef7-d09901503131,1959-01-26,,999-39-4112,S99965003,X97143182X,Mr.,Jonathon205,,Schaefer657,,,M,white,nonhispanic,M,Waterbury  Connecticut  US,364 Simonis Knoll,East Haddam,Connecticut,Middlesex County,,0,41.47232600112996,-72.41816630166136,177837.02,50434.01,37789
98ca4478-64c5-3140-62b5-049b7cc71491,1945-11-21,,999-31-8483,S99914785,X53088219X,Ms.,Elodia940,Rickie717,Hintz995,,,S,black,nonhispanic,F,Plainville  Connecticut  US,670 Stroman Flat,North Branford,Connecticut,New Haven County,,0,41.35884909135544,-72.81630402208444,409000.47,897644.78,124166
07fcf495-2f9a-538f-0dfd-3a791a376ed3,1942-06-07,,999-47-5009,S99971769,X69461157X,Mr.,Horacio317,,Sandoval902,,,M,white,hispanic,M,Bogota  Bogota  CO,592 Toy Camp Apt 14,Westport,Connecticut,Fairfield County,9001.0,6880,41.1692049519813,-73.36635131447429,238303.18,1051145.49,174605
d939472e-8be3-7de9-9a5a-c8495716651a,1948-01-11,,999-27-5693,S99958342,X12136267X,Ms.,Onita767,Santa373,Terry864,,,S,white,nonhispanic,F,Waterbury  Connecticut  US,468 Green Extension,New Fairfield,Connecticut,Fairfield County,,0,41.44224154272975,-73.47513126657131,682650.3,729405.98,47274
31fe891d-5c0f-5455-48a9-c6a37fc4d485,1951-06-13,,999-95-4834,S99932928,X10002416X,Mrs.,Annalisa973,Yun266,Rempel203,,Feeney44,D,white,nonhispanic,F,Plainfield  Connecticut  US,444 Marvin Grove,Woodbury,Connecticut,Litchfield County,,0,41.590845984909215,-73.2074201249159,1720550.04,1228205.89,118587
f41c6226-af15-a220-32f3-c9e10396aaef,1930-03-08,2017-02-21,999-27-5935,S99944522,X44397545X,Mr.,Pat3,,Grimes165,,,S,white,nonhispanic,M,Wethersfield  Connecticut  US,259 Treutel Branch,Coventry,Connecticut,Tolland County,,0,41.82957958193034,-72.3297915034651,243910.48,475431.41,913238
c8a3dbec-a600-5571-f00c-ce30bac54ed7,1968-09-28,,999-63-3814,S99985143,X01752767X,Mrs.,Towanda270,Priscilla527,Lakin515,,Mayer370,M,white,nonhispanic,F,Plainfield Village  Connecticut  US,103 Davis Brook,Stratford,Connecticut,Fairfield County,9001.0,6615,41.25210065226609,-73.16436428709224,375926.85,78422.59,104217
d21d0f5b-6544-1a95-2724-31f621d85904,1924-12-13,,999-61-2932,S99952900,X67620874X,Ms.,Leona665,Sheryl275,Hessel84,,,S,asian,hispanic,F,Hamden  Connecticut  US,348 Kub Rapid,Stamford,Connecticut,Fairfield County,9001.0,6901,41.06957827303069,-73.49990228853345,388892.23,1754309.29,23810
fc46daa9-cce4-43dc-c17c-102f9564fae2,1934-01-03,,999-62-8854,S99911352,X51822540X,Mr.,Lesley194,Jimmie93,Hickle134,,,S,white,nonhispanic,M,North Grosvenor Dale  Connecticut  US,929 Greenholt Bypass,Middlefield,Connecticut,Middlesex County,,0,41.49804216267916,-72.74047718015694,17753.44,531074.26,19626
9c7d81d9-dc30-4535-268e-fdca77de5615,1976-09-04,,999-27-4169,S99976480,X08135751X,Mr.,Jonas187,Herb645,Zulauf375,,,M,white,hispanic,M,Southbury  Connecticut  US,305 Osinski Bypass Unit 55,Southwood Acres,Connecticut,Hartford County,,0,41.94336749747889,-72.60521625004931,385490.77,726620.95,37640
3b4d2454-2dbd-d0bd-88ad-44ce12b29677,1917-02-23,1985-08-29,999-63-4038,S99910933,X71434230X,Mr.,Eldridge510,Orville751,Hane680,,,M,white,nonhispanic,M,Bethel  Connecticut  US,711 Cummerata Mews,Montville,Connecticut,New London County,,0,41.4655736795106,-72.13724401009604,335769.77,361705.69,40917
26fd5d64-66c3-1d33-92ef-56db3eee53de,1944-02-21,,999-27-7440,S99998228,X02985000X,Mrs.,Malena136,Sulema841,Rau926,,Robel940,D,black,nonhispanic,F,Trumbull  Connecticut  US,967 Keebler Rest,North Branford,Connecticut,New Haven County,,0,41.331711609186115,-72.79486900240315,446054.9,1989902.73,472144
d20b464d-0dd4-1c21-93dc-431411e5a3c8,1935-01-08,2016-12-18,999-67-2323,S99915952,X60163423X,Mr.,Josiah310,Ignacio928,Skiles927,,,M,white,nonhispanic,M,Norwich  Connecticut  US,471 Abernathy Fork,Waterbury,Connecticut,New Haven County,9009.0,6705,41.51372651561889,-73.0357596875714,238793.21,512712.36,43407
6bc39a75-0dff-4434-485f-d90026f2e005,1966-11-08,,999-71-4098,S99913472,X72236774X,Mr.,Delmer311,Alfonzo975,McCullough561,,,M,white,nonhispanic,M,Manchester  Connecticut  US,704 Ritchie Bridge,Stamford,Connecticut,Fairfield County,9001.0,6902,41.01645608832849,-73.51028869675305,153498.18,97371.99,42869
5d8b74b2-b53f-6551-097f-70cce310dd1f,1977-04-05,,999-50-8460,S99932673,X75940464X,Ms.,Leatha675,Nickie321,Emmerich580,,,S,asian,nonhispanic,F,Suffield  Connecticut  US,794 Bartoletti Route,Hartford,Connecticut,Hartford County,9003.0,6110,41.75096315588956,-72.68362854828148,17334.74,1429299.1,21519
f8699e34-160c-1edd-56f0-d67c726aad81,1946-12-21,,999-36-6450,S99939313,X66070231X,Mrs.,Shamika26,Jesus702,Turcotte120,,Thiel172,D,white,nonhispanic,F,New Britain  Connecticut  US,902 Nader Skyway Unit 64,Berlin,Connecticut,Hartford County,,0,41.64894540349172,-72.77541596922978,759908.27,347939.36,46299
18305f0c-c1e9-cb4a-9cd1-879dac891718,1956-01-16,,999-11-1865,S99918962,X66826355X,Mr.,Jason347,Quinn173,Harvey63,,,D,white,nonhispanic,M,Conning Towers Nautilus Park  Connecticut  US,930 Mueller Rue Unit 91,Stratford,Connecticut,Fairfield County,9001.0,6607,41.1909258371891,-73.15029093054623,230147.8,134857.35,43164
4aa06a01-a5d9-6d98-fd2c-9310a466d671,1950-12-25,2011-07-08,999-92-4935,S99921090,X16425733X,Mr.,Lanny564,Buford910,Stiedemann542,,,M,white,nonhispanic,M,Seymour  Connecticut  US,427 Hills Meadow,Bridgeport,Connecticut,Fairfield County,9001.0,6606,41.182684695288955,-73.15593015847888,142814.86,242100.08,27034
cf7e4b77-2667-cc42-a3b4-788ecb11b114,1948-02-09,,999-62-8521,S99962703,X00374351X,Mrs.,Coralee911,Magen68,Johnson679,,Borer986,M,black,nonhispanic,F,Middletown  Connecticut  US,823 Hahn Bridge,Heritage Village,Connecticut,New Haven County,,0,41.47404423335361,-73.2281677314674,79539.28,1079076.97,64492
27bc11c6-b1cf-254b-123e-b210c92fde9a,1961-01-12,,999-99-5893,S99984798,X23648197X,Mr.,Whitney250,Jackie93,Gibson10,,,M,white,nonhispanic,M,Guilford  Connecticut  US,750 Gibson Skyway Suite 55,Wethersfield,Connecticut,Hartford County,9003.0,6109,41.658516959230624,-72.70673967581268,221985.89,212559.05,50656
b07df03c-c512-e573-81b8-a641bb038699,1944-10-01,,999-42-6861,S99927194,X30786885X,Mrs.,Wanita14,Johna806,Leuschke194,,McClure239,M,white,nonhispanic,F,Plainville  Connecticut  US,244 McCullough Brook Suite 92,Meriden,Connecticut,New Haven County,9009.0,6451,41.57227429329701,-72.78764470772069,22098.7,1511523.87,12722
3777af04-310f-a135-443b-b3d72a09f99a,1953-12-07,,999-95-2772,S99913047,X59062912X,Mr.,Jc393,Isaiah615,Botsford977,,,D,white,nonhispanic,M,Naugatuck  Connecticut  US,222 Graham Mill Suite 43,Hartford,Connecticut,Hartford County,9003.0,6112,41.757733919532704,-72.71024907496022,290283.27,985283.55,25105
3a7160c2-2de8-559b-d877-3b81b0d60dd1,1942-01-24,,999-80-9095,S99972922,X74212656X,Mr.,Shon148,Hugh686,Moen819,,,M,white,nonhispanic,M,Ridgefield  Connecticut  US,1054 Rodriguez Hollow,Vernon,Connecticut,Tolland County,,0,41.858181553308064,-72.44667300020397,248516.84,1517822.32,128490
8ac4f2ef-6ce8-689a-8bf9-d99032289ef2,1949-12-19,,999-27-7037,S99950992,X50841890X,Mr.,Orville751,Ambrose149,Schimmel440,,,D,white,hispanic,M,Manchester  Connecticut  US,946 Bayer Orchard,Groton,Connecticut,New London County,9011.0,6340,41.38970994649753,-72.01452306114939,204195.94,222862.59,124099
82c383a8-f9b6-374a-5a44-68e5755024bc,1934-04-04,,999-30-5986,S99976475,X25201672X,Ms.,Sofia418,Luz785,Carrion142,,,S,native,hispanic,F,Santiago de los Caballeros  Santiago  DO,251 Kovacek Byway,West Hartford,Connecticut,Hartford County,9003.0,6110,41.796191101530574,-72.72313773097072,30182.61,1779042.82,10301
acf1222d-ffd0-bdb5-719b-3844826a484f,1947-08-06,2020-05-14,999-42-5439,S99986383,X47922177X,Mr.,Jacobo456,Rafael239,Farías160,,,W,black,hispanic,M,Marigot  Saint Andrew Parish  DM,519 Schamberger Extension,Hamden,Connecticut,New Haven County,,0,41.421538236008104,-72.88881653597771,157199.12,899473.9,28927
6eeb6e1b-0c7b-9f46-9a97-8cdc30a8d4bb,1958-06-28,,999-81-1037,S99937437,X06382165X,Mr.,Jonas187,Donovan745,Graham902,,,M,white,nonhispanic,M,Northwest Harwinton  Connecticut  US,403 Heller Drive Apt 16,New Milford,Connecticut,Litchfield County,9005.0,6776,41.65097206963108,-73.46686276854034,126375.57,351056.23,39543
e2f7f750-a3e1-9e09-588d-49680fffa128,1942-01-25,,999-75-6272,S99935398,X48840338X,Mr.,Jamel269,Lorenzo669,Wiza601,,,M,white,nonhispanic,M,Glastonbury  Connecticut  US,786 Lindgren Trailer,Oakville,Connecticut,Litchfield County,9005.0,6779,41.59051327785993,-73.07130295234101,286178.04,979214.4,71451
8ecbca5d-b7fd-7a13-fbb6-4363e5f7c0f8,1956-10-23,,999-90-7845,S99937351,X66709104X,Mr.,Jude172,Kerry175,Nikolaus26,,,M,white,nonhispanic,M,Torrington  Connecticut  US,539 Schultz Vale Suite 74,New Britain,Connecticut,Hartford County,9003.0,6052,41.6431831499303,-72.8156634552081,126854.0,512054.01,74814
908668c2-40e0-b5e0-3502-e0010753ecf9,1946-09-21,2015-01-24,999-23-8021,S99967588,X01506728X,Mrs.,Cleta89,,Hilpert278,,Willms744,M,white,nonhispanic,F,West Haven  Connecticut  US,287 Rodriguez Dam,Bridgeport,Connecticut,Fairfield County,9001.0,6607,41.16047329871185,-73.17067270758555,31807.04,1599439.32,6880
d06a2806-4ce8-89ad-8cd7-10d9268c8988,1944-03-19,,999-50-1460,S99993080,X31156530X,Mr.,Billy698,Rudolf736,Simonis280,,,S,white,nonhispanic,M,Manchester  Connecticut  US,730 Gusikowski Parade,Norwich,Connecticut,New London County,9011.0,6334,41.50597837032154,-72.20447710320298,188076.78,602466.89,28694
00528d5b-486b-2b69-eb10-8f79b3366954,1927-03-21,2007-01-07,999-48-8998,S99997404,X91672394X,Mr.,Ralph813,Harrison106,Mayert710,,,M,white,nonhispanic,M,Redding  Connecticut  US,608 Grant Manor,Danbury,Connecticut,Fairfield County,9001.0,6811,41.41159031134703,-73.49877527908684,335367.57,550695.87,51335
27aec019-3b20-80e0-0104-e979531ee02d,1924-12-04,2012-01-08,999-73-5731,S99965302,X68621755X,Mrs.,Shalon513,Patience161,Friesen796,,Mills423,M,white,nonhispanic,F,Hartford  Connecticut  US,663 Trantow Course,Hartford,Connecticut,Hartford County,9003.0,6095,41.78420392908676,-72.77050066453351,841525.32,734207.1,45440
4ef08943-688c-6c7e-4229-3071916d3eb4,1949-03-25,,999-65-4241,S99975936,X32339797X,Mrs.,Evelyne208,Lakia502,Harvey63,,Schneider199,M,white,nonhispanic,F,Conning Towers Nautilus Park  Connecticut  US,782 Stroman Arcade,Torrington,Connecticut,Litchfield County,9005.0,6790,41.855153257019154,-73.0927129657154,1848284.28,1072355.25,67061
20af0a6c-8de2-dc4f-668d-a0116d002647,1927-03-21,2001-05-27,999-31-9581,S99993436,X98537737X,Mr.,Orlando897,,Littel644,,,M,white,nonhispanic,M,Stamford  Connecticut  US,1097 Ernser Camp,Danbury,Connecticut,Fairfield County,9001.0,6804,41.4322171586391,-73.44052532031036,411744.44,2628528.74,51335
14290816-bfe3-2cf7-a175-9a934efff435,1928-12-30,1989-11-10,999-50-8966,S99997063,X09004492X,Mr.,Virgil85,,Cartwright189,,,M,white,nonhispanic,M,Durham  Connecticut  US,332 Powlowski Mill Suite 45,Southington,Connecticut,Hartford County,,0,41.57118501143793,-72.90319960866631,11040.87,171484.03,2252
c55a36e5-f164-3fc0-71b8-c5165c5149c9,1924-12-04,2000-04-29,999-93-6300,S99962206,X97551892X,Mrs.,Irish781,Yolonda722,O'Connell601,,Rippin620,W,white,nonhispanic,F,Sherman  Connecticut  US,279 Von Trailer,Hartford,Connecticut,Hartford County,9003.0,6110,41.78487811568132,-72.71716910178928,1079826.65,358074.65,45440
91bec180-3ffb-7151-9fb9-67df1120ff67,1946-03-13,,999-16-8865,S99959971,X30828959X,Mr.,Zane918,Arron144,Larkin917,,,M,white,nonhispanic,M,Killingworth  Connecticut  US,710 Wuckert Alley,Middletown,Connecticut,Middlesex County,9007.0,6457,41.526613036044075,-72.61452999456013,251398.22,110965.2,39513
b5c665ff-e233-2afa-8938-31065be4cffb,1955-11-03,,999-95-2319,S99994763,X06627884X,Mr.,Seymour882,Lincoln623,Howell947,,,M,native,nonhispanic,M,Trumbull  Connecticut  US,718 Ruecker Trafficway Unit 65,New London,Connecticut,New London County,9011.0,6375,41.34910708625508,-72.14186134013174,16958.54,375130.09,3933
6831d626-4462-6429-42f7-1be3c04f47e0,1946-06-17,,999-63-1087,S99963842,X28889029X,Mr.,Emanuel231,Wes853,Bartoletti50,,,M,white,nonhispanic,M,Bridgeport  Connecticut  US,142 Labadie Burg Apt 74,Greenwich,Connecticut,Fairfield County,9001.0,6830,41.12648951919932,-73.67238381065006,291215.35,221520.2,77359
f8da59f6-1ec3-6d8d-0228-d3e9a61d8da2,1927-03-21,1995-10-28,999-94-7850,S99934354,X89516317X,Mr.,Preston275,,Sawayn19,,,S,white,nonhispanic,M,Groton  Connecticut  US,509 Predovic View Unit 86,Danbury,Connecticut,Fairfield County,9001.0,6804,41.45789116311829,-73.4395112422159,248592.52,31963.97,51335
94e176c3-b06f-6850-84c1-4d7b60a609fa,1928-12-30,2019-03-04,999-21-2440,S99999435,X90905223X,Mr.,Clemente531,Weldon459,Casper496,,,S,white,nonhispanic,M,New Fairfield  Connecticut  US,1035 Koch Knoll,Southington,Connecticut,Hartford County,,0,41.625223917259774,-72.91154602671476,39944.49,746602.99,2252
59b322da-3994-c4b7-08f4-1d79de7bc3e2,1924-12-04,,999-54-3781,S99930450,X07287330X,Mrs.,Tabitha433,Danyelle408,Bayer639,,Kling921,D,white,nonhispanic,F,North Stonington  Connecticut  US,338 Kihn Spur Apt 5,Hartford,Connecticut,Hartford County,9003.0,6160,41.76919504159853,-72.70135344572863,926312.43,448267.44,45440
5edc6ef2-5a17-f6a6-cb6a-2a333f880ffd,1944-04-06,2017-01-14,999-66-6322,S99957028,X90665222X,Mr.,Enrique929,Francisco472,Castañeda925,,,M,white,hispanic,M,Panama City  Panama  PA,772 Koch Forge,Brookfield,Connecticut,Fairfield County,,0,41.51561852062336,-73.36159508814028,441014.91,141457.77,107513
ba7a69d7-0c86-8801-cee2-954f86601199,1948-06-26,,999-62-6990,S99930144,X76030508X,Mrs.,Xiao631,Moon129,O'Kon634,,Rogahn59,M,white,nonhispanic,F,West Haven  Connecticut  US,242 Wiza Vista,Seymour,Connecticut,New Haven County,,0,41.38466712330655,-73.07682015435951,18843.26,1428523.24,10252
5ae0e007-e455-e5a7-c398-2c7ddf581e90,1950-07-07,2020-12-04,999-28-5144,S99988748,X87082764X,Mrs.,Lilliam592,Merna69,Ankunding277,,Ziemann98,M,white,nonhispanic,F,Moosup  Connecticut  US,346 Treutel Light,Goshen,Connecticut,Litchfield County,,0,41.855795627132686,-73.21192521671192,384584.37,688986.23,44701
3c261174-f1f6-6051-62f5-5bb2e5799827,1944-04-06,2021-01-19,999-36-9566,S99967038,X02711680X,Mr.,Homero668,Eduardo902,Curiel392,,,M,white,hispanic,M,Lima  Lima Province  PE,222 Pouros Hollow Unit 8,Brookfield,Connecticut,Fairfield County,,0,41.512911600967286,-73.4384298408786,219669.4,273784.5,107513
f3322849-ad3e-94bc-f801-ebd8690f882c,1960-01-27,,999-49-7528,S99916993,X07659024X,Mrs.,Edie35,Jennifer579,Bins636,,Kirlin939,M,white,nonhispanic,F,Hartford  Connecticut  US,694 Bartell Trailer Unit 55,New Milford,Connecticut,Litchfield County,9005.0,6776,41.59325639247269,-73.42438219025536,422707.27,699434.22,121184
027ea217-6125-15a1-ce35-c42fb40c4a40,1942-02-12,,999-15-8965,S99924666,X02053614X,Mrs.,Cynthia180,Amal279,Wolff180,,Kuvalis369,D,white,hispanic,F,Collinsville  Connecticut  US,644 Trantow Heights,Shelton,Connecticut,Fairfield County,9001.0,6484,41.327555824723575,-73.1751122556597,672007.33,519088.49,66353
1195fff7-261a-7d5c-7631-bd12ff5a39e6,1966-05-30,,999-77-4403,S99950668,X19082887X,Mr.,Clifton91,Val761,Batz141,,,M,white,nonhispanic,M,Ledyard  Connecticut  US,905 Kunze Flat Apt 92,Meriden,Connecticut,New Haven County,9009.0,6450,41.52490313948302,-72.75244881515299,295631.1,688970.81,51558
0afbf252-5b65-aa50-064e-f356fcf1ac73,1937-01-24,,999-37-4131,S99927254,X61837613X,Mr.,Demetrius568,Josiah310,Balistreri607,,,D,white,nonhispanic,M,Windsor  Connecticut  US,311 Willms Highlands Suite 51,Danbury,Connecticut,Fairfield County,9001.0,6810,41.38768903837485,-73.46161418432638,399846.59,378375.98,51335
f0195de4-829f-c0bc-544c-d46b621a012f,1954-06-09,,999-82-2683,S99955084,X62923836X,Mr.,Stanford577,Ricky354,Lindgren255,,,M,white,nonhispanic,M,Mansfield  Connecticut  US,1034 Kub Course Unit 86,Hartford,Connecticut,Hartford County,9003.0,6114,41.7745864841033,-72.70390139543026,190821.63,79470.51,14
0395c225-5244-4ef4-9201-f84fc755d89f,1948-02-22,,999-83-9569,S99939360,X98524558X,Mr.,Christopher407,Curtis94,Rice937,,,M,white,nonhispanic,M,Danbury  Connecticut  US,498 Kuvalis Bay,Southwood Acres,Connecticut,Hartford County,,0,41.96778330897145,-72.56203530597791,270970.46,335246.2,67959
ab39a909-4888-1e80-f36e-62583c60a94f,1941-10-29,,999-55-2386,S99958771,X91887734X,Ms.,Guadalupe206,Joni720,Bailey598,,,S,white,nonhispanic,F,Cheshire Village  Connecticut  US,488 Hauck Heights Apt 64,Portland,Connecticut,Middlesex County,9007.0,6480,41.6436355770041,-72.54586703617144,757166.52,511786.85,76005
67848214-1e26-7c4b-0f52-60c04a0c1639,1927-01-26,2006-01-14,999-82-1919,S99925820,X94251387X,Mr.,Armand155,Jarvis643,Rogahn59,,,M,white,nonhispanic,M,Wallingford  Connecticut  US,141 Brekke Mission Suite 92,Newington,Connecticut,Hartford County,9003.0,6111,41.654942961728345,-72.73451938376868,255030.65,170501.59,84205
14b771a3-dc97-b9c3-2786-9af94b8d3f4d,1983-03-28,,999-72-3832,S99963852,X45675682X,Mr.,Miquel905,,Zieme486,,,M,white,nonhispanic,M,Tolland  Connecticut  US,573 Kub Junction,Bristol,Connecticut,Hartford County,9003.0,6010,41.781605161237465,-72.90590788165048,153515.26,711166.8,527338
27e99f25-5f80-907e-f90a-73ef8b526bbc,1942-09-17,,999-12-8512,S99949301,X59966528X,Mrs.,Sarah635,Marylyn194,Harvey63,,Zieme486,W,white,nonhispanic,F,New Fairfield  Connecticut  US,666 Wiza Arcade Apt 35,Southington,Connecticut,Hartford County,,0,41.57633036905179,-72.89190399808568,60574.81,2039873.81,23331
d7106b2e-fa8b-baf6-e0db-094a89f7a6d1,1947-01-18,,999-72-2240,S99997280,X91710228X,Mr.,Vicente970,Boris111,Langworth352,,,M,white,hispanic,M,Waterbury  Connecticut  US,829 Doyle Brook,Windham,Connecticut,Windham County,,0,41.75171142352879,-72.14424263149914,204312.97,208382.24,135119
b8f1cb43-2143-eaf4-3990-fac7446cee18,1933-09-22,,999-15-6887,S99928469,X35027834X,Ms.,Chantel847,Carolynn568,Gleason633,,,S,white,nonhispanic,F,East Hartford  Connecticut  US,488 Schumm Common,Essex,Connecticut,Middlesex County,9007.0,6426,41.30007075569975,-72.43492631358998,946094.61,671629.11,106696
cbbe4b03-403e-93f2-40e6-1b138dc77284,1927-01-26,2005-12-02,999-14-6905,S99988603,X17737184X,Mr.,Hoyt490,Malcolm243,Lemke654,,,D,white,nonhispanic,M,Torrington  Connecticut  US,604 Bergnaum Bridge Unit 83,Newington,Connecticut,Hartford County,9003.0,6111,41.72535975664208,-72.7646918004372,878382.72,612434.82,84205
5b740667-bb9b-88e6-6682-8601421895f7,1947-02-20,,999-64-8222,S99937896,X52819966X,Ms.,Antonio44,Tawana222,Glover433,,,S,white,nonhispanic,F,Somers  Connecticut  US,818 Christiansen Harbor Apt 93,Bristol,Connecticut,Hartford County,9003.0,6010,41.6871381310592,-72.97777377980849,27560.82,1414144.42,4577
ed853fe7-f756-5bc1-ebbe-66462c285e5c,1952-12-22,2018-07-11,999-86-3205,S99977169,X98767853X,Mr.,Maynard46,Salvador46,Aufderhar910,,,S,black,nonhispanic,M,Meriden  Connecticut  US,593 Thiel Divide Unit 45,Naugatuck,Connecticut,New Haven County,9009.0,6770,41.52205567699825,-73.08290566332498,439498.8,22797.68,88002
9e944ec2-3766-945e-31b5-4de5482bdd54,1974-06-11,,999-61-8915,S99980703,X31055999X,Ms.,Stefany238,Kaye394,Raynor401,,,S,white,nonhispanic,F,Rocky Hill  Connecticut  US,922 Windler Hollow Apt 98,Greenwich,Connecticut,Fairfield County,9001.0,6830,41.02985813330258,-73.6747838875394,1049671.71,615619.22,65463
b0e43250-c88d-6123-7fba-1409e5beb98d,1965-09-17,,999-80-8327,S99967678,X72306608X,Mr.,Dorsey40,,Renner328,,,M,white,nonhispanic,M,Rocky Hill  Connecticut  US,388 Doyle Drive Suite 17,Fairfield,Connecticut,Fairfield County,,0,41.2165841743437,-73.25120755812124,238062.88,760655.55,818616
ccd644fe-200d-8f7a-443a-d69921727d72,1933-08-20,2023-07-23,999-81-6596,S99920096,X30147404X,Mr.,Francisco472,Vicente970,Núñez242,,,M,white,hispanic,M,San Salvador  El Salvador  SV,874 Hoppe Approach,Danbury,Connecticut,Fairfield County,9001.0,6811,41.463450075092624,-73.38095218289493,384685.52,1355950.28,63963
82e35b16-9e46-fc54-11e1-e5acceb75438,1961-04-01,,999-64-5064,S99973365,X67294331X,Mr.,Hugo693,,Schmitt836,,,S,white,nonhispanic,M,Ellington  Connecticut  US,651 Langworth Ramp,Hamden,Connecticut,New Haven County,,0,41.39601135850233,-72.92639785046066,11700.07,375693.45,5517
a6b90300-45b7-869f-5896-e333a5c6aa14,1958-03-21,,999-92-2665,S99984574,X34068630X,Mr.,Roscoe437,Boyce638,Franecki195,,,M,asian,nonhispanic,M,Beijing  Beijing Municipality  CN,153 Renner Divide Apt 5,Meriden,Connecticut,New Haven County,9009.0,6450,41.55610615419887,-72.81938555196682,164595.93,144649.59,65145
2b864a11-d4bb-1ef8-014e-2c82d477f74a,1961-12-03,,999-95-5097,S99990902,X62821172X,Mr.,Ismael683,,Koepp521,,,M,white,nonhispanic,M,Stamford  Connecticut  US,270 Rath Park Suite 82,New Fairfield,Connecticut,Fairfield County,,0,41.46184757495377,-73.45861582507912,204939.18,156737.76,199936
1cb7fcd6-7ba6-9ecc-a96b-0aafdd684a5e,1945-11-20,,999-34-5488,S99999323,X34012683X,Mr.,Hipolito984,Gustavo235,Brown30,,,M,white,nonhispanic,M,Wilton  Connecticut  US,124 O'Hara Trace Suite 81,West Haven,Connecticut,New Haven County,9009.0,6516,41.319161735291985,-72.9270650891318,13825.18,469197.08,8313
55611164-3fac-13b5-cc90-38e8132d7651,1940-10-18,,999-80-3779,S99921827,X07672850X,Mr.,Dillon740,,Walter473,,,M,white,nonhispanic,M,East Hampton  Connecticut  US,745 Quitzon Bay,Haddam,Connecticut,Middlesex County,,0,41.492342463977344,-72.57735707364985,165392.33,596159.45,905744
0d3ce84b-6a5d-ad0e-8dbd-3846294a52ba,1954-08-13,,999-25-6366,S99975023,X79645262X,Mr.,Warren653,Hugo693,Murphy561,,,D,white,nonhispanic,M,East Hartford  Connecticut  US,167 Green Stravenue Unit 2,Mansfield,Connecticut,Tolland County,,0,41.769180494171614,-72.2364291754914,238519.73,464378.51,31592
be9e61dc-419f-23ab-8c5a-e1aa7043b30c,1955-03-14,,999-62-9368,S99963519,X95439637X,Mr.,Joaquín233,Alfonso758,Calvillo618,,,S,asian,hispanic,M,Kingston  Kingston  JM,1006 Jacobi Fork Suite 48,New London,Connecticut,New London County,9011.0,6320,41.372596959894686,-72.0692768492192,281693.26,283752.73,65127
1833e424-3c0b-af1b-2e9f-155d8c39c5a7,1942-06-24,,999-92-6664,S99911377,X56642126X,Mr.,Tobias236,Arden380,Parisian75,,,D,white,nonhispanic,M,Somers  Connecticut  US,106 Donnelly Row,Mystic,Connecticut,New London County,9011.0,6355,41.38184806958984,-71.99260051807256,219125.39,312399.44,160734
83a9f3ae-1aa5-9375-209f-6325bc7aa855,1941-01-14,,999-59-8530,S99989135,X02795000X,Mrs.,Natacha644,,Kovacek682,,Hoeger474,M,white,nonhispanic,F,New Britain  Connecticut  US,889 Simonis Dale,Farmington,Connecticut,Hartford County,,0,41.74262896696291,-72.82900623639858,920439.57,303833.98,102434
b0c5d7d6-c6e7-8987-d16d-ff7d77541a31,1946-01-15,2015-07-05,999-86-4410,S99951713,X94723394X,Mrs.,Justa309,,Oberbrunner298,,Reichert620,M,white,nonhispanic,F,New Milford  Connecticut  US,965 Hodkiewicz Haven Apt 91,Hartford,Connecticut,Hartford County,9003.0,6112,41.744698567641365,-72.72698454831578,1201443.5,587634.93,87111
491999f6-599f-b5ad-e0c7-3302cf067d01,1954-12-09,,999-18-5878,S99971538,X71742574X,Mr.,Donn979,Charley358,Haag279,,,M,white,nonhispanic,M,East Haddam  Connecticut  US,266 Dooley Common Apt 2,Hartford,Connecticut,Hartford County,9003.0,6103,41.84033007363975,-72.74418691921004,18704.35,472717.39,16150
589f7112-ae4a-7786-8892-bf047862c3bb,1955-07-10,,999-14-7741,S99994804,X25038973X,Ms.,Marita360,,Connelly992,,,S,white,nonhispanic,F,Southington  Connecticut  US,989 Ritchie Manor,Darien,Connecticut,Fairfield County,9001.0,6820,41.07601093994083,-73.52853664010154,363448.87,1598179.15,162978
5f39d38b-8220-532a-2596-15277928cfe3,1971-07-31,,999-94-2536,S99910080,X85920149X,Mrs.,Lannie207,Daisy746,Bergnaum523,,Abshire638,M,native,nonhispanic,F,Stafford  Connecticut  US,618 Conroy Bay Unit 97,Wallingford,Connecticut,New Haven County,,0,41.45429059582197,-72.76902210294857,356205.56,1247069.75,174458
a0b5f458-0dfd-1751-71bb-119acb856972,1946-09-10,,999-10-9488,S99962732,X26111060X,Mr.,Forrest301,Gino587,Beatty507,,,S,white,nonhispanic,M,Woodstock  Connecticut  US,405 Rohan Village,Coventry,Connecticut,Tolland County,,0,41.75552232485397,-72.36174278503951,275211.02,888140.43,54337
5ee068ec-5108-9a15-9f32-d253b4c33400,1945-02-25,,999-89-9422,S99952633,X72169421X,Mr.,Zack583,Wyatt967,Ferry570,,,M,white,nonhispanic,M,Trumbull  Connecticut  US,830 Mann Mill,Middlefield,Connecticut,Middlesex County,,0,41.4855392029632,-72.74878642083307,330505.24,106500.42,92326
fa18c999-c406-7f3b-6f7a-c73f4cd3a830,1920-08-26,1977-01-31,999-17-4016,S99921953,X23947254X,Mrs.,Etta748,Desiree125,Simonis280,,Reilly981,M,white,nonhispanic,F,New Haven  Connecticut  US,335 Willms Ramp,Rocky Hill,Connecticut,Hartford County,,0,41.68800568352873,-72.65992047316128,272988.3,252675.2,26263
092aa748-d0bb-0dde-26b3-4616f1156f60,1950-10-29,,999-66-8056,S99923982,X54360250X,Mr.,Damon455,Oren284,Gaylord332,PhD,,M,asian,nonhispanic,M,Bristol  Connecticut  US,860 Kub Fork,Trumbull,Connecticut,Fairfield County,9001.0,6611,41.23719728574111,-73.20593309102074,496485.79,1408396.55,122933
a835095e-b3ed-df41-c123-843227768732,1957-07-24,,999-63-9021,S99931717,X38373476X,Mr.,Gerry91,Manual570,Kuhic920,,,S,white,nonhispanic,M,New Haven  Connecticut  US,124 Hartmann Run Apt 54,Danbury,Connecticut,Fairfield County,9001.0,6804,41.51646089134748,-73.37751818804301,233108.58,158543.79,62327
6fa912d4-e215-22e2-3a3a-51af282d6cad,1948-01-29,2017-08-26,999-89-2830,S99967001,X65679911X,Mr.,Malcom15,Jere230,Howe413,,,D,white,nonhispanic,M,Torrington  Connecticut  US,588 Bruen Park,West Haven,Connecticut,New Haven County,9009.0,6516,41.309838304020154,-72.91519710288156,231111.44,159605.48,41037
f78bcbb8-2657-badf-702d-52c971ff9800,1972-08-02,,999-61-3963,S99955583,X85330244X,Mr.,Damian46,Jordon466,McDermott739,,,M,white,nonhispanic,M,Darien  Connecticut  US,534 O'Connell Vale Suite 0,Hampton,Connecticut,Windham County,,0,41.79848733577759,-72.10745490050383,13934.53,301326.5,10479
92803d63-1e2e-a9fc-6ad6-e638635d6f71,1958-04-18,,999-43-8380,S99985678,X00954790X,Mrs.,Josefine519,Alvera113,Hammes673,,Block661,M,white,nonhispanic,F,West Haven  Connecticut  US,443 Runte Trail Suite 35,Cromwell,Connecticut,Middlesex County,,0,41.59516206487854,-72.62084679882463,806280.46,319540.08,47848
2f5ad7cd-6e89-4eec-2f9c-4abf4c40fa78,1946-02-14,,999-75-2187,S99944555,X93998339X,Mr.,Cristian531,David908,Peres371,,,M,black,nonhispanic,M,San Juan  Puerto Rico  PR,697 McCullough Ramp Suite 8,Newtown,Connecticut,Fairfield County,9001.0,6470,41.38577061061435,-73.26385041843231,157683.55,690912.77,993516
63c8e6a7-5e5b-5901-6850-79a18e60f836,1945-04-14,,999-61-4815,S99998490,X43448701X,Ms.,Nada112,Caitlin552,Steuber698,,,S,white,nonhispanic,F,Hebron  Connecticut  US,521 Stanton Overpass,New Haven,Connecticut,New Haven County,9009.0,6510,41.308319292549434,-72.9359771687943,34496.1,1674942.31,16872
ea1f7fd5-07b1-3755-e480-392a04cf6315,1945-04-11,,999-53-2140,S99911969,X48888295X,Mr.,Jon665,Nestor901,McKenzie376,,,M,hawaiian,nonhispanic,M,Hartford  Connecticut  US,385 Paucek Track,Prospect,Connecticut,New Haven County,,0,41.46370257081237,-72.96478494377314,278500.53,194444.37,99289
f9183acb-dab6-ac30-76c2-3a47937857ee,1948-06-01,,999-57-7843,S99953456,X61171764X,Mrs.,Kelsi424,Elane105,Bergnaum523,,Hermiston71,D,white,nonhispanic,F,Norwalk  Connecticut  US,1013 Crona Center,Stamford,Connecticut,Fairfield County,9001.0,6905,41.09998352743585,-73.5595244658313,245760.18,432087.57,140224
5468f5cc-fa94-6684-92ba-cb20f37c98a8,1947-02-04,,999-19-3694,S99953954,X71504586X,Mrs.,Deonna907,Erminia669,Muller251,,Jones311,M,white,nonhispanic,F,Falls Village  Connecticut  US,1029 Koss Plaza,Lakeville,Connecticut,Litchfield County,9005.0,6039,41.96324311765786,-73.43089424409683,422147.43,1444836.89,54264
b1e49ed0-fba7-021e-2a73-a17d9d90782e,1945-05-21,,999-99-9314,S99925408,X19172102X,Mrs.,Ngan798,Magali989,Conroy74,,Emard19,W,black,nonhispanic,F,Mansfield  Connecticut  US,126 Turner Avenue,Danbury,Connecticut,Fairfield County,9001.0,6804,41.482741255494226,-73.43340563639548,266417.25,184614.32,100281
5aeb2258-2abb-a01d-b968-e6e726122052,1951-11-04,,999-52-5465,S99976140,X71727029X,Mr.,Michal596,Arnulfo253,Beatty507,,,W,black,nonhispanic,M,New Haven  Connecticut  US,1079 Marvin Crossing Unit 82,Bloomfield,Connecticut,Hartford County,,0,41.80379044716785,-72.77650975692713,228553.59,154571.03,58671
c788cfae-086d-3234-37f1-27419d1300bc,1965-09-10,,999-34-6260,S99971836,X23840470X,Mr.,Ricardo560,Damion480,Fritsch593,,,M,white,nonhispanic,M,Hartford  Connecticut  US,292 Swift Rapid,Windham,Connecticut,Windham County,,0,41.72643860043843,-72.18146706962962,11886.57,204980.77,15166
84d9ce33-de71-fa28-cf33-e191a53e9605,1930-07-18,2013-10-01,999-86-6379,S99972069,X78100425X,Mr.,Giovanni385,Lenny728,Berge125,,,M,asian,nonhispanic,M,Chongqing  Chongqing Municipality  CN,778 Wilderman Grove,Meriden,Connecticut,New Haven County,9009.0,6451,41.510503682269174,-72.79904156093723,290274.87,2913218.3,53598
9907017d-4360-7d49-ba15-a27f6389bfb9,1950-04-21,,999-55-2830,S99941419,X94291213X,Mrs.,Wilhemina814,Sheryl275,Abbott774,,Lebsack687,M,white,nonhispanic,F,Vernon  Connecticut  US,706 Mohr Orchard,Coventry,Connecticut,Tolland County,,0,41.75497007341038,-72.370577667394,455135.11,221238.9,112702
3a537067-14dc-52f0-c527-dea6e2d5aa4c,1956-05-11,2007-08-25,999-60-4047,S99951227,X51531545X,Mr.,Daron260,Antonia30,Torp761,,,M,white,nonhispanic,M,Bristol  Connecticut  US,1070 Altenwerth Port Unit 9,New Britain,Connecticut,Hartford County,9003.0,6051,41.68542634230894,-72.77774660704553,181136.37,118095.53,38783
fcadb0cb-84db-a10c-215c-1f3a216c8dae,1962-03-03,,999-88-8289,S99933951,X37688943X,Mrs.,Norma469,Elena945,Cabrera242,MD,Vargas494,M,white,hispanic,F,Portsmouth  Saint John Parish  DM,314 Nicolas Run Suite 8,Weston,Connecticut,Fairfield County,,0,41.1984968054543,-73.36486398516111,309821.37,948828.43,686710
d6a28765-6970-8058-5360-cc05295fb575,1958-06-27,,999-80-5404,S99985231,X29805438X,Mr.,Hugo693,Millard193,Koss676,,,M,white,nonhispanic,M,Meriden  Connecticut  US,233 Kuphal View Suite 33,Wethersfield,Connecticut,Hartford County,9003.0,6109,41.69358868704224,-72.68291370894072,13846.01,374661.61,13398
06feba89-2b6f-e7fb-ab21-ea7b0bae220f,1936-10-21,,999-34-7017,S99971033,X20235091X,Mrs.,Kandice471,,Fisher429,,Gulgowski816,M,white,hispanic,F,Simsbury  Connecticut  US,191 Kutch Skyway Apt 5,Ledyard,Connecticut,New London County,,0,41.44086624624663,-71.9973058395227,513866.83,953334.95,55137
2c71a2bb-d906-aba3-48ce-3bfae56b8203,1927-03-21,2022-02-07,999-10-7531,S99911555,X83071795X,Mrs.,Dora90,,Monahan736,,Russel238,D,white,nonhispanic,F,Berlin  Connecticut  US,246 Murphy Meadow,West Simsbury,Connecticut,Hartford County,9003.0,6092,41.85395184397193,-72.81550271707596,454300.8,2488646.79,192662
2ce52e40-3a0a-1eae-809f-fb30b4f116de,1970-07-02,,999-51-5543,S99934403,X97704942X,Ms.,Nga248,,Buckridge80,,,S,black,nonhispanic,F,Southington  Connecticut  US,288 Littel Viaduct,Meriden,Connecticut,New Haven County,9009.0,6450,41.53886327821122,-72.75534797122936,19793.1,1682907.93,9269
bdbfe774-695f-3dac-51d5-c958d0dc2014,1961-04-16,,999-45-5034,S99964704,X35127488X,Mrs.,Bernice532,Iona921,Russel238,,Green467,M,black,nonhispanic,F,Hartford  Connecticut  US,725 Reichert Haven Apt 45,Norwalk,Connecticut,Fairfield County,9001.0,6851,41.07878836635951,-73.4512164464126,806478.42,19322.17,63170
2b5c1faa-59bd-db4e-52e4-de5b8ed379c3,1961-04-19,,999-79-7683,S99970809,X98549815X,Mrs.,Andre610,Malisa137,Blick895,,Davis923,M,white,nonhispanic,F,Plainville  Connecticut  US,930 Flatley Tunnel Unit 55,Enfield,Connecticut,Hartford County,,0,41.980284021830585,-72.58673514552925,340219.42,1458344.19,122495
cfa0f8a1-f940-5418-16f6-2a686d941488,1933-04-29,2020-08-18,999-60-6943,S99967484,X50341288X,Mr.,Lucius907,Ty725,Kulas532,,,M,white,nonhispanic,M,Mystic  Connecticut  US,492 Kertzmann Neck,Canton,Connecticut,Hartford County,,0,41.81106382281071,-72.90918152897922,161976.57,336272.72,31415
323a01f2-fd8a-3d2f-b460-091e4e8f4928,1955-03-16,,999-60-5700,S99983500,X18325354X,Mr.,Larry532,Troy560,Block661,,,M,native,nonhispanic,M,East Haddam  Connecticut  US,888 Goldner Ranch,Bridgeport,Connecticut,Fairfield County,9001.0,6606,41.21695295223567,-73.20957708870361,14498.16,275246.64,18821
140b8066-46b8-d68d-ddb1-87b2b93fcab6,1955-01-06,,999-71-4015,S99968918,X49794721X,Ms.,Han309,Agripina633,Considine820,,,S,white,nonhispanic,F,Cromwell  Connecticut  US,576 Anderson Skyway Suite 18,Norwich,Connecticut,New London County,9011.0,6360,41.60990414711316,-72.0614791596909,978409.48,344784.12,103693
74803920-ea0e-0cf5-505b-6afb017b992d,1933-04-29,,999-12-9525,S99948637,X19564857X,Mr.,Edmund685,Blair400,Robel940,,,S,white,nonhispanic,M,Ansonia  Connecticut  US,267 Blick Extension Apt 7,Canton,Connecticut,Hartford County,,0,41.88841976520171,-72.89521651231381,150080.98,828145.93,31415
c4e5249d-7f47-b558-848e-6646925b7ae0,1920-11-01,,999-99-8613,S99959137,X25335679X,Mr.,Sung603,Elias404,Gerlach374,,,M,white,nonhispanic,M,Windsor  Connecticut  US,302 Bogan Parade Unit 70,Torrington,Connecticut,Litchfield County,9005.0,6759,41.8059426619038,-73.10374129072807,349856.02,310854.64,81421
12be1912-57fc-9cef-4460-319ab14d6603,1927-03-21,2019-06-07,999-46-4371,S99988092,X65999916X,Mrs.,Aisha756,Candyce305,Rogahn59,,Okuneva707,M,white,nonhispanic,F,Middletown  Connecticut  US,425 Stark Lock,West Simsbury,Connecticut,Hartford County,9003.0,6092,41.857464602410346,-72.89047144010397,155648.43,1959336.2,192662
5bfd650a-5bae-003f-ab0c-1b3bee0ab8c3,1963-06-05,,999-95-5202,S99948501,X44601096X,Mrs.,Particia365,Debbi640,Schinner682,,Price929,D,white,nonhispanic,F,Ledyard  Connecticut  US,568 Williamson Loaf Unit 53,Rocky Hill,Connecticut,Hartford County,,0,41.6677684346402,-72.64981037607818,704245.03,663251.54,44457
b7ccabc5-8a72-29f5-df17-df7b92276e34,1969-10-30,,999-74-8515,S99928970,X42136751X,Mr.,Brendan864,Giovanni385,Renner328,,,S,white,nonhispanic,M,Meriden  Connecticut  US,281 Bartell Wall,Hamden,Connecticut,New Haven County,,0,41.38205265078124,-72.96174025911314,220040.1,688771.29,141339
38a8784c-527e-ec4e-a9a7-136de797f9bb,1968-08-22,,999-94-2114,S99982860,X75504900X,Mr.,Timoteo39,César846,Saldivar860,,,W,white,hispanic,M,Bayamon  Puerto Rico  PR,877 Conroy Well,Orange,Connecticut,New Haven County,9009.0,6477,41.26091470389721,-73.06145442015467,156451.01,1024547.56,182329
a8d39b54-b81f-ddd0-62df-5ec1497c4852,1959-12-10,2024-11-03,999-44-9429,S99921256,X48638922X,Mr.,Rodney21,Trent525,Goyette777,,,M,white,nonhispanic,M,Wallingford  Connecticut  US,716 Lindgren Divide Apt 8,Brookfield,Connecticut,Fairfield County,,0,41.48859155787248,-73.44152081639555,273055.32,544357.0,134257
e4a04cb4-e537-f03b-c69d-8fc68a95b3c7,1945-09-10,,999-10-6539,S99958389,X98058583X,Mr.,Ezekiel373,Tobias236,Renner328,,,M,white,nonhispanic,M,Plymouth  Connecticut  US,681 Weber Promenade,Newington,Connecticut,Hartford County,9003.0,6111,41.654106889136045,-72.72230245443346,245882.18,863695.95,148705
0ab1945e-6793-8c3f-665b-216c002ec398,1920-02-07,2020-10-23,999-28-9377,S99952724,X62916353X,Mr.,Nathanael908,Nathaniel596,Kutch271,,,W,white,nonhispanic,M,Enfield  Connecticut  US,1061 Hartmann Grove,East Lyme,Connecticut,New London County,,0,41.33412534745441,-72.21759245285988,403477.58,987513.89,63597
165d3fec-496e-bda7-8c4c-f5692d4fb89a,1930-06-11,2016-03-21,999-54-1231,S99911433,X31789442X,Mrs.,Hermila490,,O'Keefe54,,Haley279,M,white,nonhispanic,F,Old Greenwich  Connecticut  US,567 McLaughlin Hollow Suite 34,New Britain,Connecticut,Hartford County,9003.0,6052,41.6601335435012,-72.75648387281437,140852.98,737234.96,23895
7c18292b-7afc-b51c-8c15-9f1ef3b92d86,1928-08-09,,999-49-2256,S99935671,X12700359X,Mr.,Kelley882,Joseph689,Dickinson688,,,M,white,nonhispanic,M,New Canaan  Connecticut  US,1065 VonRueden Dam,Vernon,Connecticut,Tolland County,,0,41.827079466163575,-72.49186370155904,113441.23,413146.98,147491
2ec743bd-d163-e74b-7691-77a1705f4580,1935-07-16,,999-30-6973,S99912370,X89570255X,Mr.,Van763,Boyd728,Langosh790,,,M,white,nonhispanic,M,Stamford  Connecticut  US,982 Abbott Ferry,Enfield,Connecticut,Hartford County,,0,42.032018184130656,-72.51924416551962,687705.97,429600.39,103795
738b7ef1-ebd2-802f-558c-93309b0d3c5a,1930-06-11,,999-88-6912,S99966390,X12114834X,Mrs.,Pamila110,Yesenia104,Hegmann834,,Veum823,M,white,nonhispanic,F,North Haven  Connecticut  US,155 Weber Promenade Unit 98,New Britain,Connecticut,Hartford County,9003.0,6053,41.65801858547843,-72.75455518531423,343852.53,906800.13,23895
82d1ec25-2448-5c27-bb56-e0e96ea64af6,1958-05-25,,999-97-1988,S99969610,X50526913X,Mr.,Gordon377,Earl438,Kreiger457,,,S,white,nonhispanic,M,Bozrah  Connecticut  US,518 Satterfield Meadow Suite 23,Bridgeport,Connecticut,Fairfield County,9001.0,6608,41.213984163646344,-73.1998494452097,155712.08,914485.81,198622
79fea3a9-3972-aded-9125-aee6723d0087,1947-08-09,,999-79-8387,S99911637,X69451913X,Mrs.,Leonor133,Dolores502,Canales95,,Arellano2,M,black,hispanic,F,Puebla  Puebla  MX,664 Jakubowski Overpass,Ansonia,Connecticut,New Haven County,9009.0,6401,41.27835126778358,-73.04457059955142,18927.44,1043077.39,13176
90a346b3-d4e4-b93a-7ed5-6afee48225fb,1953-11-13,,999-21-8195,S99934042,X63085243X,Mr.,Gerardo48,Garth972,Gutmann970,,,M,white,nonhispanic,M,Ellington  Connecticut  US,267 Heidenreich Gate Suite 73,Coventry Lake,Connecticut,Tolland County,,0,41.80959295096143,-72.35530112913497,179676.14,273415.56,94272
96a4006c-b78d-9fe6-ec02-bf389238e6b4,1947-09-13,,999-37-5748,S99989483,X77233586X,Mr.,Pat3,Tracey100,Harber290,,,S,white,nonhispanic,M,Branford  Connecticut  US,484 Kessler Manor,New Haven,Connecticut,New Haven County,9009.0,6515,41.29866187123275,-72.92755252458113,288696.56,1417068.99,50884
9b8f01e9-189f-ec69-1875-41c2a62a0eea,1925-06-09,2009-01-02,999-54-7006,S99948910,X52825288X,Mr.,Stanford577,,Gottlieb798,,,M,white,nonhispanic,M,Winchester  Connecticut  US,463 Wyman Mission,Bethlehem,Connecticut,Litchfield County,9005.0,6751,41.646619362509554,-73.18813599866893,318239.7,905020.18,24036
a97d5629-a4e5-ae1e-d359-1fb7916f71af,1967-03-13,,999-31-5849,S99919306,X43304880X,Mr.,Buck819,Mohamed943,Zulauf375,,,W,black,nonhispanic,M,Thompsonville  Connecticut  US,699 Johnson Byway,East Hartford,Connecticut,Hartford County,9003.0,6042,41.707673443115375,-72.58223509841184,78742.98,291138.83,109103
7025f28d-db93-3072-90f8-27487202141b,1953-08-26,,999-12-2338,S99948915,X22617270X,Mr.,Bradley693,Brendan864,Schroeder447,,,M,white,nonhispanic,M,Glastonbury  Connecticut  US,463 Pagac Knoll Apt 19,Wallingford,Connecticut,New Haven County,,0,41.41679116254427,-72.78493305388201,196883.06,214694.02,100911
64e435ad-d909-f0b2-7fa7-0cfb2e64f819,1966-06-07,,999-35-2428,S99958585,X93411326X,Mr.,Forest317,Buster609,Bogisich202,,,M,white,nonhispanic,M,Easton  Connecticut  US,430 Koch Manor Unit 98,Windsor Locks,Connecticut,Hartford County,9003.0,6096,41.82716790467817,-72.6486727637298,18820.71,348185.11,17245
f9f4ffee-4775-6dee-4e2b-d1fc3ca3de48,1955-11-08,,999-28-6922,S99998434,X19215155X,Mr.,Wilbert25,Gregorio366,Jerde200,,,M,white,nonhispanic,M,North Branford  Connecticut  US,620 Kessler Forge Apt 64,Thomaston,Connecticut,Litchfield County,9005.0,6787,41.63083203009183,-73.13346922793848,184619.58,147060.61,66778
7e78d9c7-518d-f78b-6003-ab548eda1452,1925-06-09,,999-91-6922,S99938224,X33047632X,Mr.,Ruben688,Asa127,Stokes453,,,M,white,nonhispanic,M,Wethersfield  Connecticut  US,690 Mitchell Skyway Suite 21,Bethlehem,Connecticut,Litchfield County,9005.0,6751,41.65533354107074,-73.21245737019707,206161.71,321043.13,24036
3d963e0b-384f-407b-e7ab-f58d6c97caf7,1951-11-21,,999-57-7026,S99965265,X25886257X,Mrs.,Suk497,Nery414,Dicki44,,Schmidt332,M,asian,nonhispanic,F,Busan  Busan  KR,274 Romaguera Village Suite 2,Wallingford,Connecticut,New Haven County,,0,41.431250632533285,-72.760212251094,703449.24,350698.7,41578
6ec3e08e-0eba-f662-fb9d-65b90f5322b0,1946-07-01,,999-83-1514,S99971394,X76187600X,Mr.,Andres25,Antone63,Bartell116,,,D,white,nonhispanic,M,New Britain  Connecticut  US,684 Nader Lodge,Wallingford Center,Connecticut,New Haven County,,0,41.43165948485783,-72.86404673015441,102037.34,455282.17,194944
b6f75d73-7a99-077a-5c02-e5b54a2f105d,1959-05-01,2020-03-19,999-44-5855,S99977593,X87438894X,Mr.,Stan246,Reginald96,Hane680,,,M,white,nonhispanic,M,Stratford  Connecticut  US,617 D'Amore Overpass Suite 12,East Hartford,Connecticut,Hartford County,9003.0,6108,41.76625406100191,-72.62105674459615,169355.66,285287.15,123190
60ab8c6b-247c-6dd5-7b6e-07406bf1c153,1920-08-13,,999-42-1474,S99937244,X98621044X,Mr.,Len277,,Murazik203,,,S,other,nonhispanic,M,Waterbury  Connecticut  US,886 Hane Crossroad,West Hartford,Connecticut,Hartford County,9003.0,6119,41.69180971984008,-72.75072476849105,244475.4,309575.18,85542
f40eed77-9595-456c-8243-c81fb0e2b0d3,1920-02-07,,999-78-5595,S99919949,X63547384X,Mr.,Emerson869,Rudolph554,Doyle959,,,M,white,nonhispanic,M,Naugatuck  Connecticut  US,577 Armstrong Fort Suite 78,East Lyme,Connecticut,New London County,,0,41.315943135991105,-72.24401716616411,314580.5,978595.17,63597
a1574667-eebe-5a6d-fec6-bdd250172278,1929-01-26,,999-14-4984,S99957531,X34795862X,Ms.,Ludie599,,Pollich983,,,S,white,nonhispanic,F,Middletown  Connecticut  US,273 Parisian Pathway Unit 83,Redding,Connecticut,Fairfield County,,0,41.26622870321272,-73.35201839902074,445952.28,1999651.25,161002
5a3685d8-c0cb-bfb1-335d-21a28ef6108d,1951-12-11,,999-73-2682,S99969477,X91177723X,Mrs.,Nickole723,Delia459,Kunde533,JD,Cartwright189,M,white,nonhispanic,F,Stamford  Connecticut  US,1079 Reilly Gateway Unit 1,Monroe,Connecticut,Fairfield County,,0,41.38144678205435,-73.24333380732561,319773.88,832903.48,436036
14c83754-17de-1a2c-cc76-c7b219e1dfd1,1955-11-21,,999-84-6947,S99984490,X08496978X,Mr.,Neal874,Clinton763,Carter549,,,M,black,nonhispanic,M,Waterbury  Connecticut  US,1050 Bailey Avenue Unit 0,Manchester,Connecticut,Hartford County,9003.0,6040,41.784330966283136,-72.5246307996973,61071.13,362774.82,81997
69124575-0941-a10e-76a2-dad90f7ee1b5,1945-03-27,,999-70-4961,S99964645,X63145867X,Mr.,Milton509,Terrence276,Little434,,,M,white,nonhispanic,M,Stratford  Connecticut  US,141 Lang Trafficway,New London,Connecticut,New London County,9011.0,6320,41.32382633919179,-72.05491541646002,186614.87,241284.65,57695
a05bcc18-a3bc-f603-db8f-2e4b8a693b9f,1926-12-22,,999-71-5774,S99986573,X85008086X,Mr.,Miguel Ángel46,Clemente531,Bustamante966,,,S,white,hispanic,M,Santiago de los Caballeros  Santiago  DO,306 Nikolaus Light,Meriden,Connecticut,New Haven County,9009.0,6450,41.525478567768126,-72.7691834097601,587290.94,2305864.08,66610
27b999a0-30c2-4c1a-a7c1-a8cfde1b5d5a,1943-11-29,,999-55-7614,S99989015,X80652305X,Mrs.,Arnette709,Kym935,Leannon79,,Stark857,M,white,hispanic,F,Tolland  Connecticut  US,612 Okuneva Mission,Hartford,Connecticut,Hartford County,9003.0,6095,41.79238740848921,-72.70695998820726,22985.82,1472314.78,11937
e4c5d27a-7e92-3ae3-acae-a5b6f22ba46e,1973-08-16,,999-89-3308,S99983727,X16557562X,Mrs.,Karmen270,Deana43,Torp761,,Berge125,M,white,nonhispanic,F,New Canaan  Connecticut  US,953 Hermiston Road Suite 82,Southington,Connecticut,Hartford County,,0,41.61681845927606,-72.83566545015083,296666.64,1462952.37,38460
49c95399-b1dd-5df6-cf7e-abf699782cbd,1944-06-29,,999-31-1723,S99946046,X87615640X,Mr.,Quinton758,,Brown30,,,D,white,nonhispanic,M,Avon  Connecticut  US,193 Wisoky Ranch Unit 64,Westport,Connecticut,Fairfield County,9001.0,6880,41.090207412528656,-73.33354000773242,242385.03,379729.99,192840
0f023213-4ab7-37d9-2c58-00ffab51c938,1952-11-08,2022-12-31,999-81-5931,S99955426,X95270890X,Mr.,Chase54,Tomas436,Crist667,,,M,white,nonhispanic,M,Stratford  Connecticut  US,1063 Ullrich Lane Suite 16,Westbrook,Connecticut,Middlesex County,,0,41.34555653809164,-72.50547126186656,155290.21,262795.23,29008
8906a34d-c7ac-6167-ffbc-f4ff91e08724,1952-11-08,2022-02-05,999-92-1887,S99969662,X98260780X,Mr.,Wiley422,Mikel238,Boehm581,,,M,white,nonhispanic,M,Branford  Connecticut  US,535 Jones Gateway,Westbrook,Connecticut,Middlesex County,,0,41.29107351108515,-72.47464637809398,156018.97,308820.09,29008
1cf93e3c-715f-8c70-04be-1f6dc9bd7fc9,1944-01-04,,999-76-1163,S99999858,X08864937X,Mrs.,Fred155,Teresa94,Abshire638,,Baumbach677,M,white,nonhispanic,F,Stamford  Connecticut  US,102 Wehner Way,New Haven,Connecticut,New Haven County,9009.0,6515,41.29699790531364,-72.9282099110489,297121.14,1091935.6,27951
3c74d93f-2561-5f2e-7113-5571ccd80531,1939-12-24,2019-12-05,999-47-7277,S99937760,X72784071X,Mr.,Anibal473,Blake449,Schroeder447,,,S,white,nonhispanic,M,Hartford  Connecticut  US,256 Larkin Divide Apt 92,West Haven,Connecticut,New Haven County,9009.0,6516,41.29425140116426,-72.96247445354614,119224.1,959251.41,130340
a102c0e3-b76d-f356-850f-f2a0fa7829bf,1968-06-11,,999-50-3234,S99954616,X82223196X,Mr.,Roman389,,Terry864,,,D,white,nonhispanic,M,Hamden  Connecticut  US,991 Adams Crossroad Apt 22,West Hartford,Connecticut,Hartford County,9003.0,6107,41.72994066617748,-72.77806559534783,10052.78,200223.13,466
75743976-d507-1772-e209-4e0f7bc40cbd,1939-12-24,,999-38-6468,S99950685,X03794123X,Mr.,Basil991,Weldon459,Turcotte120,,,D,white,nonhispanic,M,Rocky Hill  Connecticut  US,556 MacGyver Well,West Haven,Connecticut,New Haven County,9009.0,6516,41.29342164516176,-72.96776759357465,263197.25,660341.65,130340
b4a84b14-42e1-aa38-8e18-3e7e5e60810b,1957-09-13,,999-10-1030,S99968594,X37811403X,Mr.,Arlie183,,Gibson10,,,S,white,nonhispanic,M,Sherwood Manor  Connecticut  US,532 Schmeler Well Suite 9,Meriden,Connecticut,New Haven County,9009.0,6450,41.56516404637179,-72.86549042208779,193061.22,145783.8,182663
cc86cf72-827b-47f1-1250-8668a978f057,1943-12-25,,999-47-9675,S99983196,X07928395X,Ms.,Laquita685,Remona896,Barrows492,,,S,black,nonhispanic,F,Rocky Hill  Connecticut  US,612 Tromp Estate,Wallingford,Connecticut,New Haven County,,0,41.48073853056956,-72.78528456907232,867610.89,782932.84,49225
e9ee6477-7f01-ee2f-fa48-2a78f2315d67,1933-12-19,1996-10-19,999-84-9566,S99940402,X57585991X,Mrs.,Karmen270,Asia282,Rodriguez71,,Ziemann98,M,white,nonhispanic,F,Glastonbury  Connecticut  US,564 Zulauf Underpass Apt 17,New Canaan,Connecticut,Fairfield County,,0,41.17644336250643,-73.47960926476728,19568.92,1657702.1,9038
1064e905-ae9e-cc98-c18d-2b2c75ecd03c,1958-09-20,2021-02-21,999-86-3692,S99942551,X66508737X,Mr.,Charles364,Jed345,Lubowitz58,,,M,white,nonhispanic,M,New Britain  Connecticut  US,558 Hand Crossing Unit 53,Rockville,Connecticut,Tolland County,,0,41.86301115223289,-72.49637623071955,104879.7,179244.39,26044
42488381-3684-41ec-02ad-7cf76539ea3b,1943-01-06,2024-11-21,999-45-5147,S99990533,X21362972X,Mrs.,Chiquita638,,Davis923,,Jacobson885,M,white,nonhispanic,F,Cromwell  Connecticut  US,717 Becker Common,Bristol,Connecticut,Hartford County,9003.0,6013,41.711813737438646,-72.98635073500743,289976.67,2483477.2,498135
4b381ce1-914b-de1a-99a3-53abe5ad08cd,1969-01-06,,999-51-9176,S99953446,X52047008X,Mr.,Russell422,Fredric73,Feeney44,,,M,black,nonhispanic,M,East Hampton  Connecticut  US,752 Pagac Terrace,Bridgeport,Connecticut,Fairfield County,9001.0,6608,41.207098239539704,-73.2164134969549,140996.72,51658.93,61397
b272b961-fcf4-8fc0-7742-d820c38edc43,1952-04-20,2025-02-14,999-86-7045,S99920551,X16020992X,Mr.,Juan88,Homero668,Fierro365,,,M,white,hispanic,M,Lima  Lima Province  PE,139 Reynolds Bypass Apt 74,Southington,Connecticut,Hartford County,,0,41.63427885822384,-72.89232723445349,220243.23,219003.91,82709
176693e4-ed71-61bf-9663-ac3c22fe0f54,1926-03-12,2013-02-01,999-43-3622,S99931756,X08754211X,Mr.,Gabriel934,José Eduardo181,Salcido465,,,M,black,hispanic,M,Bayamon  Puerto Rico  PR,593 Lehner Run,Woodbridge,Connecticut,New Haven County,,0,41.38042288386237,-73.00965668270567,787511.15,1045696.46,36600
c8b20bee-1ffc-2baa-1932-26b666c1b0d3,1938-06-08,1995-09-16,999-10-8683,S99994704,X16987801X,Ms.,Cristen212,Matha641,Satterfield305,JD,,S,black,nonhispanic,F,Guilford  Connecticut  US,1005 Roob Walk,Branford,Connecticut,New Haven County,,0,41.237897263245834,-72.83281872232124,984253.73,235262.47,120601
3176fbcd-fe23-d249-21ee-b1f26b7173c9,1947-12-16,,999-23-5145,S99940409,X78471548X,Mr.,Raymundo71,,Turcotte120,,,M,white,nonhispanic,M,Darien  Connecticut  US,361 Crona Byway,New Haven,Connecticut,New Haven County,9009.0,6515,41.288557753505934,-72.87670364728213,64155.94,1642324.82,9060
78c05383-7834-5d0d-53cc-e8d3b00b8e9c,1947-07-16,,999-24-4681,S99913135,X87663840X,Mrs.,Arianna984,,Renner328,,Schultz619,M,white,nonhispanic,F,Bristol  Connecticut  US,1001 Kohler Viaduct,East Lyme,Connecticut,New London County,,0,41.36159111265668,-72.25422071180596,466397.5,1426699.68,172329
cb38de5b-4c06-7ad7-e95e-4dc05d3b40d1,1956-09-03,,999-81-3025,S99984344,X42637821X,Mr.,Jon665,Stephen891,Cronin387,,,M,white,hispanic,M,West Hartford  Connecticut  US,775 Trantow Burg Unit 52,Middletown,Connecticut,Middlesex County,9007.0,6457,41.5719008674873,-72.68578656760374,212999.34,101322.62,89950
533b4f6f-da5d-dcb6-1ed8-21b838033789,1926-03-12,,999-32-7295,S99993096,X63218097X,Mr.,Felipe97,Rubén780,Estévez304,,,M,black,hispanic,M,Gaudalajara  Jalisco  MX,745 Batz Fork,Woodbridge,Connecticut,New Haven County,,0,41.34917157321916,-72.95428750782318,326159.56,394611.91,36600
eb7ce098-bc6f-9185-4035-8015bb573139,1963-11-20,,999-71-2400,S99960129,X48904808X,Mr.,Timothy142,Gordon377,Dare640,,,S,white,nonhispanic,M,Ellington  Connecticut  US,782 Ferry Wall Apt 33,East Hampton,Connecticut,Middlesex County,9007.0,6424,41.53797757280123,-72.48263682361754,225890.88,84595.15,93445
428576cb-0048-8db8-517b-6107d5a7ed90,1944-09-03,,999-88-3362,S99941856,X88507951X,Mr.,Raul814,,Conn188,,,M,white,nonhispanic,M,Naugatuck  Connecticut  US,1031 Labadie Bypass,Thompsonville,Connecticut,Hartford County,,0,42.040117075280875,-72.60143545165074,14644.97,466251.24,7144
4d3e0fcb-e7a4-fe7a-5aea-6e0ba3e1614a,1944-10-08,,999-19-2953,S99948432,X86073457X,Mrs.,Pamella8,,Prosacco716,,Stiedemann542,M,black,nonhispanic,F,New Haven  Connecticut  US,122 Mayert Meadow Apt 17,Danbury,Connecticut,Fairfield County,9001.0,6811,41.39126157989448,-73.43201163192138,26321.59,1311482.0,4080
e71f25d2-c4a8-94fc-f47d-6d7f89b7f5ca,1958-02-04,,999-79-3482,S99934201,X75323254X,Mrs.,Jerry654,Libbie63,Yost751,,Muller251,M,white,nonhispanic,F,Derby  Connecticut  US,588 Schiller Run Apt 39,Winchester,Connecticut,Litchfield County,,0,41.88363602180967,-73.13800315194622,764115.12,215002.25,66995
a565bd32-b6e9-6adf-b835-278b2764ac33,1932-12-23,2019-06-21,999-58-6704,S99945318,X34275556X,Mr.,Florentino8,Shane235,Zulauf375,,,S,white,hispanic,M,East Hampton  Connecticut  US,536 Fahey Underpass,Danbury,Connecticut,Fairfield County,9001.0,6810,41.430579986686695,-73.36896683520278,338332.73,351872.26,69362
2d09135d-06ec-ae97-86e7-8f2aeaafc3eb,1925-07-02,,999-61-2951,S99969027,X37276558X,Mr.,Jarrett354,Douglass930,Jast432,,,S,white,nonhispanic,M,Berlin  Connecticut  US,492 Hoeger Park,Waterbury,Connecticut,New Haven County,9009.0,6716,41.56098025828997,-72.95347880193215,296596.97,668492.81,96701
dd474cae-7111-666c-0b41-fcd60dba69a1,1954-07-23,,999-47-2597,S99928913,X38205521X,Mr.,Aron520,Judson999,Kub800,,,D,white,nonhispanic,M,Cheshire  Connecticut  US,667 Steuber Landing Unit 21,Vernon,Connecticut,Tolland County,,0,41.79148558273096,-72.41945584900841,262436.04,315558.7,123321
c1dfb0b8-952f-44cb-936d-be032821e2cb,1923-09-17,,999-61-8678,S99987415,X67615401X,Mrs.,Olivia294,Carmen818,Palomo90,,Granados71,M,white,hispanic,F,Kingston  Kingston  JM,652 Funk Port,Bridgeport,Connecticut,Fairfield County,9001.0,6604,41.12179613390266,-73.20643469557122,131054.55,2002220.2,125520
bab92734-8077-2492-db6e-b7c2f13fa3ea,1941-10-13,2025-02-15,999-64-2125,S99923260,X03411974X,Mrs.,Susana117,Concepción765,Aguirre875,,Nieves278,W,white,hispanic,F,Marigot  Saint Andrew Parish  DM,758 Cronin Brook Unit 75,Bristol,Connecticut,Hartford County,9003.0,6013,41.65782164287061,-72.86901999871127,1389050.59,948846.13,73990
d8d04d1c-d2db-c0be-ac15-97f0f0aa5624,1955-10-23,,999-89-1951,S99916352,X46303518X,Mrs.,Aretha897,Rebbecca977,McGlynn426,,Johns824,D,white,nonhispanic,F,New Britain  Connecticut  US,475 Jast Trafficway Unit 12,Winchester,Connecticut,Litchfield County,,0,41.89590033732752,-73.08743734179484,1188490.14,385433.76,91987
1e676428-97a1-9576-60c8-eb178e9c9523,1961-03-07,,999-10-6228,S99954468,X35227837X,Ms.,Mana631,Coleen678,Pacocha935,,,S,white,nonhispanic,F,Newington  Connecticut  US,152 Daniel Loaf Suite 76,Madison,Connecticut,New Haven County,,0,41.37208720551908,-72.59880136113298,334212.21,552294.25,199471
85004faf-5167-1ef4-3fa2-3daa1c529721,1931-02-13,2013-08-02,999-89-4646,S99925999,X55072874X,Mr.,Cesar434,,Ryan260,,,M,white,nonhispanic,M,Kent  Connecticut  US,765 Hoppe Gateway,Fairfield,Connecticut,Fairfield County,,0,41.19899080774278,-73.22726329645822,18457.5,662636.24,9414
e6d2523d-4596-5378-94c2-36d5d0393418,1967-03-07,,999-11-1833,S99966070,X16550692X,Mr.,Gail741,Stanford577,Rohan584,,,S,white,nonhispanic,M,Waterford  Connecticut  US,339 Stoltenberg Frontage road,Groton,Connecticut,New London County,9011.0,6340,41.3787873620572,-71.99781315653435,142427.52,256063.61,89111
3f9199c1-9b1e-bb6f-038d-e9c9eccaa148,1931-02-13,,999-16-9522,S99938984,X54025427X,Mr.,Clement78,Miles206,Maggio310,,,M,white,nonhispanic,M,New Britain  Connecticut  US,781 Howell Estate Suite 32,Fairfield,Connecticut,Fairfield County,,0,41.21928260124979,-73.24552654997717,68694.25,1721378.61,9414
be2a35f8-1333-18ad-e310-895a6763aabe,1945-02-08,,999-52-1721,S99944796,X58406590X,Mrs.,Linh535,Samatha845,Tremblay80,,Klocko335,D,white,nonhispanic,F,Clinton  Connecticut  US,231 Yundt Row,Guilford Center,Connecticut,New Haven County,,0,41.286040303873,-72.72341924510191,369206.55,2578873.03,482270
174ae552-4aaf-1ac6-06e2-4cd8dc62d599,1963-09-08,,999-12-4979,S99989077,X96570373X,Mr.,Mary779,Tristan353,Stark857,,,M,white,nonhispanic,M,Danbury  Connecticut  US,553 Morissette Mews,Winchester,Connecticut,Litchfield County,,0,41.90857149096885,-73.0748637662063,48781.98,668306.8,23002
2897e707-5c01-1285-c630-781fadac432b,1957-09-19,,999-98-3985,S99937642,X08982808X,Mr.,Javier97,,Simonis280,,,S,white,nonhispanic,M,Glenville  Connecticut  US,107 Keebler Mill Unit 72,Durham,Connecticut,Middlesex County,9007.0,6422,41.46414686101143,-72.69257054687353,178102.71,109604.74,167340
36ab2cf3-7007-4ddd-7b73-267c7e828efd,1922-06-15,1998-11-15,999-90-6614,S99937234,X03517938X,Mr.,Ian270,Claud279,Gorczany269,,,M,white,nonhispanic,M,Heritage Village  Connecticut  US,499 Lowe Overpass Suite 82,New Haven,Connecticut,New Haven County,9009.0,6510,41.30216969164423,-72.94075443218404,19563.52,393582.58,1043
b7b46158-9c56-bfbe-2e36-d2f2f1de86b1,1949-09-11,,999-22-5945,S99931783,X83044745X,Mr.,Arnulfo253,,Reichert620,,,S,white,nonhispanic,M,Groton  Connecticut  US,850 Kerluke Spur Apt 47,Thomaston,Connecticut,Litchfield County,9005.0,6787,41.674338796226,-73.12979054333421,258951.18,155018.83,39779
8f6eb4f7-b39d-8945-6f0a-a454d5a3b7a9,1945-09-09,,999-46-7428,S99915461,X41045270X,Mr.,Travis723,Collin529,Walsh511,,,D,white,nonhispanic,M,New Britain  Connecticut  US,731 Gutkowski Mews,Madison,Connecticut,New Haven County,,0,41.3849341586268,-72.66449326351766,330244.14,137416.59,54408
b2cabefe-00fb-97c7-d25a-8cd39b0e25e9,1958-08-25,2018-05-20,999-64-6228,S99937914,X07280832X,Mr.,Hershel911,Danilo179,Boyle917,,,M,white,nonhispanic,M,Suffield  Connecticut  US,628 Schinner Arcade Apt 98,Stamford,Connecticut,Fairfield County,9001.0,6905,41.0582056875427,-73.52365056976721,203681.32,137813.12,102310
e9176876-c6ef-999a-67db-1d9c74a0008e,1946-08-24,,999-58-7128,S99943146,X63175153X,Mr.,Jean712,Rogelio17,Bahringer146,,,M,white,nonhispanic,M,Thompson  Connecticut  US,800 Gutkowski Lane,Shelton,Connecticut,Fairfield County,9001.0,6484,41.340324189203265,-73.1419320118088,249416.5,260429.65,144614
2c46a024-1515-bd53-42c3-b1dec34bb44f,1958-05-18,2024-01-21,999-81-1983,S99957401,X95567969X,Mr.,Tomás404,Jorge203,Nieves278,,,M,white,hispanic,M,San Jose  San Jose  CR,336 Hauck Center,Middletown,Connecticut,Middlesex County,9007.0,6457,41.50710804725418,-72.69232419973144,176028.76,173594.78,171008
f9dc992c-6444-bfbf-7b2f-d13ff3e6a306,1916-09-03,2005-05-18,999-38-5280,S99953714,X03218060X,Mr.,Darrick836,Taylor21,Mills423,,,M,white,nonhispanic,M,Norwalk  Connecticut  US,1070 Torp Mews Unit 94,Thomaston,Connecticut,Litchfield County,9005.0,6787,41.66507627270022,-73.06755868518422,215148.33,365040.34,180572
d750275a-3ef5-2d68-8542-5f202257e4de,1946-04-26,,999-45-4734,S99998497,X05195087X,Mrs.,Virginia437,Estela596,Lugo857,,Santana368,M,white,hispanic,F,Mexico City  Mexico City  MX,300 O'Keefe Avenue,Norwalk,Connecticut,Fairfield County,9001.0,6880,41.15725901912397,-73.39566913003466,818651.82,531389.93,73687
153f2e88-2841-0db3-eb7d-daae81553961,1969-07-14,,999-46-8175,S99942916,X46778127X,Mr.,Conrad619,Bernardo699,Nicolas769,,,S,white,nonhispanic,M,Hamden  Connecticut  US,202 Bailey Gateway,East Hampton,Connecticut,Middlesex County,9007.0,6424,41.52770973925944,-72.50122807126016,136466.89,218039.98,672648
5a3e3fee-fc40-5fdd-8688-f669d2a4a251,1952-12-28,2019-02-08,999-25-3534,S99996205,X14306459X,Mr.,Delmer311,,Reinger292,,,W,white,nonhispanic,M,Trumbull  Connecticut  US,477 Cassin Bypass Suite 32,Waterbury,Connecticut,New Haven County,9009.0,6706,41.55269007013266,-73.09848977075075,793950.0,1400846.53,46282
2de1cac2-c3c6-52b8-eba7-78152450f894,1941-10-28,,999-21-2684,S99938032,X25466281X,Mrs.,Sindy229,Tracie996,Torp761,,VonRueden376,M,white,nonhispanic,F,Simsbury  Connecticut  US,504 Kulas Ferry,Bristol,Connecticut,Hartford County,9003.0,6013,41.743159620982986,-72.96093897400694,1447822.4,448729.07,102367
9b89f936-9d29-8c59-530b-0701fcca8456,1952-12-28,,999-65-5700,S99994586,X11647378X,Mr.,Bob965,Jerry654,Medhurst46,,,M,white,nonhispanic,M,Plainfield  Connecticut  US,790 Haley Trafficway Suite 98,Waterbury,Connecticut,New Haven County,9009.0,6704,41.51631860073453,-73.00537894173641,283943.03,618218.03,46282
ace443da-cc9d-887b-e30b-699025cb1fda,1973-10-19,,999-46-9112,S99975733,X99017747X,Ms.,Evelin941,,Littel644,,,S,white,nonhispanic,F,Plainville  Connecticut  US,701 Lang Ramp Apt 29,Marlborough,Connecticut,Hartford County,,0,41.655049104905906,-72.45513090900835,617728.17,200440.42,102394
a1c767b6-694a-2a4a-be26-7e4193566737,1969-12-06,,999-24-3216,S99984606,X15747021X,Mr.,Whitney250,Emmett200,Hyatt152,,,S,white,nonhispanic,M,Cos Cob  Connecticut  US,436 Kuhn Way,Shelton,Connecticut,Fairfield County,9001.0,6484,41.26517386042272,-73.1745693004672,211474.16,89833.49,65433
ab4765ff-8020-ed1f-5bd8-f77c415ce92d,1959-07-02,,999-22-2296,S99920978,X59759714X,Mr.,Melvin857,Buford910,Mayer370,,,W,white,nonhispanic,M,Newington  Connecticut  US,842 Ebert Divide Apt 28,Stamford,Connecticut,Fairfield County,9001.0,6903,41.16510824582981,-73.5415019432437,221769.3,48416.81,83847
f6365a74-9bc6-80c3-a9b5-26802474c07d,1959-09-10,,999-37-5637,S99974443,X03840739X,Mrs.,Talia631,,Block661,,O'Connell601,M,white,nonhispanic,F,Burlington  Connecticut  US,720 Murazik Fork Suite 35,Norwalk,Connecticut,Fairfield County,9001.0,6853,41.1014334131687,-73.4262746220492,453434.76,1462848.37,167152
d654cc14-5790-0b5d-d8eb-a55fc456be03,1950-09-16,,999-49-2926,S99961204,X28274282X,Mr.,Robert854,,Bashirian201,,,S,white,nonhispanic,M,West Hartford  Connecticut  US,345 Rau Neck Unit 98,Stamford,Connecticut,Fairfield County,9001.0,6901,41.0924371663884,-73.55116764194162,94160.96,188335.67,931165
445c945b-8fd3-c154-1c7e-0737eb01734f,1956-04-24,,999-38-4110,S99997644,X55041979X,Mr.,Sergio619,Germán350,Valentín837,,,M,white,hispanic,M,Caracas  Capital District  VE,675 Brown Boulevard Apt 26,Rocky Hill,Connecticut,Hartford County,,0,41.672378286634654,-72.6554182953662,177218.96,216899.7,76124
62106389-409c-8da0-ff8c-99fe198da1d6,1925-11-16,,999-90-8043,S99985339,X13632427X,Mr.,Jere230,Octavio643,Lakin515,,,S,white,nonhispanic,M,Stamford  Connecticut  US,233 Trantow Junction,North Haven,Connecticut,New Haven County,9009.0,6473,41.424958988505686,-72.81223199923316,257735.71,399757.1,97691
26390d2d-ec10-9ddf-b748-506327b06fa7,1936-11-10,2012-11-01,999-19-5903,S99940784,X95151632X,Ms.,Maxie520,,Purdy2,,,S,white,nonhispanic,F,Wolcott  Connecticut  US,773 Auer Mall Unit 29,Branford Center,Connecticut,New Haven County,,0,41.317352186757944,-72.79714985943276,315620.47,1338226.32,163522
108ee041-d311-d44a-54fd-4bd5de5370a1,1955-12-08,,999-73-4414,S99926805,X81276247X,Mrs.,Kylie930,,Fahey393,,Sporer811,M,white,nonhispanic,F,East Hartford  Connecticut  US,344 Rogahn Esplanade Suite 87,Pawcatuck,Connecticut,New London County,9011.0,6379,41.32028642327992,-71.8316161607704,21271.29,1294074.13,2177
8ec2ac60-ef57-3424-101d-606b4928a1a9,1963-07-27,,999-77-6046,S99997485,X12936519X,Mr.,Alonzo487,Zachery872,Harvey63,,,D,white,nonhispanic,M,Bethel  Connecticut  US,180 Stiedemann Orchard,New Haven,Connecticut,New Haven County,9009.0,6512,41.31763125585154,-72.9655028074234,21810.86,802530.75,18836
9acfe863-0aa5-71f9-3762-7afe386b7f81,1962-05-24,2008-04-03,999-59-2521,S99979338,X27234130X,Mrs.,Marilynn608,Constance642,Herzog843,,Kessler503,D,white,nonhispanic,F,Bristol  Connecticut  US,414 Veum Trail Unit 94,Norwalk,Connecticut,Fairfield County,9001.0,6854,41.058300601043904,-73.45105457613793,12734.53,962901.44,14792
f3368b10-a61a-4e23-6bd0-df147e81fae8,1953-04-26,,999-74-7940,S99983250,X91363830X,Mr.,Tobias236,Miles206,Hodkiewicz467,,,M,white,nonhispanic,M,Torrington  Connecticut  US,668 Runte Loaf Suite 81,Oxford,Connecticut,New Haven County,,0,41.47993064686825,-73.15321841606318,203810.13,425540.65,58772
62b0430a-5d1e-eab4-89d2-a5381afabd1f,1959-08-13,,999-12-8463,S99935341,X16261395X,Mrs.,Neely59,,Gerlach374,,Donnelly343,M,white,nonhispanic,F,Riverside  Connecticut  US,916 Kertzmann Viaduct Apt 73,Wilton,Connecticut,Fairfield County,,0,41.225894715613386,-73.47337235855825,361240.74,2151262.28,551170
874e744c-3774-7cff-7549-031a12eafd9f,1921-08-24,2020-02-13,999-16-1938,S99952906,X05669840X,Mr.,Abel832,Robby860,Crona259,,,M,white,nonhispanic,M,Łódź  Łódź  PL,582 Purdy Station,Stratford,Connecticut,Fairfield County,9001.0,6611,41.23708934859012,-73.24121354711184,233579.93,4505256.34,79230
18d89ae2-95d3-1f5a-37f0-cc78193f77a6,1958-01-10,,999-50-7318,S99955266,X98417606X,Mrs.,Gary33,Claudette391,Ankunding277,,Bauch723,M,white,nonhispanic,F,Orange  Connecticut  US,938 Barrows Vista Suite 21,Vernon,Connecticut,Tolland County,,0,41.82242513129429,-72.44490175011425,917830.13,176607.66,107814
cc1678e3-b4a3-0cf3-a299-e4815260b45f,1925-06-07,,999-79-3953,S99957648,X65663950X,Mr.,Sherman440,Wade235,McKenzie376,,,S,black,nonhispanic,M,Burlington  Connecticut  US,244 Considine Road,Easton,Connecticut,Fairfield County,,0,41.248259360394734,-73.3223433364805,398306.87,825427.2,48447
ade8da3c-4558-9359-ece6-03e37125fa07,1951-09-27,2021-01-29,999-20-7099,S99932756,X77091059X,Mr.,Laverne101,Federico589,Jerde200,,,M,white,nonhispanic,M,Bridgeport  Connecticut  US,935 Schiller Vale,Bridgeport,Connecticut,Fairfield County,9001.0,6608,41.145809801268506,-73.13299155275327,15020.27,514721.4,22785
680e4fe4-ab00-8f36-1793-6c54e7fe25a4,1966-04-12,,999-40-2749,S99992865,X17606987X,Mr.,Jesús825,Javier97,Feliciano160,,,M,white,hispanic,M,Kingston  Kingston  JM,230 Kutch Mill Suite 25,Bloomfield,Connecticut,Hartford County,,0,41.83156491464246,-72.71676660361408,218384.8,20401.68,88119
a6311a9f-259c-a490-2d8e-55dfef26e025,1963-06-28,,999-49-9713,S99967746,X66612628X,Mr.,Jamal145,Ward668,Paucek755,,,M,white,nonhispanic,M,North Grosvenor Dale  Connecticut  US,198 Morissette Dam Unit 36,West Simsbury,Connecticut,Hartford County,9003.0,6092,41.8347045853605,-72.87858758519725,123393.92,273706.2,136041
edbf180d-c57c-f306-ba2b-1e421129f945,1931-12-11,,999-73-6328,S99941391,X15241171X,Mrs.,Daniela614,Zandra428,Lakin515,,Kerluke267,M,white,nonhispanic,F,Columbia  Connecticut  US,347 Langosh Course,Avon,Connecticut,Hartford County,,0,41.78130648888509,-72.88931757332064,819758.65,274231.13,99123
417f1e76-788e-d8bb-8f40-13f9b3c6c48e,1920-12-12,1995-03-07,999-56-7152,S99910285,X63342482X,Mr.,Grady603,Yong583,Boyer713,,,D,white,nonhispanic,M,Old Greenwich  Connecticut  US,827 Haley Quay Suite 50,Greenwich,Connecticut,Fairfield County,9001.0,6831,41.02211370157137,-73.59226007929412,194603.7,309895.01,143859
ebaaf2e3-ad34-201e-0424-1d117cf468c6,1957-09-23,,999-15-8953,S99986925,X78947845X,Mr.,Luis923,,Hand679,,,S,black,nonhispanic,M,Rocky Hill  Connecticut  US,277 Franecki Mews,Kensington,Connecticut,Hartford County,9003.0,6037,41.64235307568185,-72.80994239895593,263253.69,484872.24,199618
42dfc51f-6129-8df1-f275-0ed93c88503b,1944-03-29,,999-64-1763,S99998466,X06174933X,Mr.,Richard937,Morton637,Wehner319,,,D,white,nonhispanic,M,Simsbury  Connecticut  US,637 Thiel Vale,Rocky Hill,Connecticut,Hartford County,,0,41.666659173120195,-72.66994539301712,346207.39,1388865.62,133684
f14bd692-9649-9139-e167-3e8cd4475ce2,1922-12-13,2008-04-19,999-70-4364,S99913236,X32104507X,Mr.,Marco Antonio298,Enrique929,Tafoya874,,,S,white,hispanic,M,Guatemala City  Guatemala  GT,493 Zboncak Terrace,Greenwich,Connecticut,Fairfield County,9001.0,6831,41.05902091544343,-73.69366116671668,232873.64,435316.66,895308
d4ff49ae-5a59-03f1-11c6-210e438c1562,1954-06-11,,999-27-4594,S99971408,X67692025X,Mr.,Eddie505,Jamie386,Hyatt152,,,W,white,nonhispanic,M,Stratford  Connecticut  US,627 Keeling Common Unit 9,Kent,Connecticut,Litchfield County,,0,41.741120958433825,-73.49147291714621,98155.25,1259107.65,55641
d6ded5e9-2098-2cb6-d101-d1068c4b6af7,1964-10-31,,999-31-6774,S99993701,X77980949X,Mrs.,Ashely524,Lezlie553,Thiel172,,Waters156,W,black,nonhispanic,F,North Branford  Connecticut  US,1006 Morissette Extension,Enfield,Connecticut,Hartford County,,0,42.001084148325354,-72.51329798138202,815811.57,182175.75,80398
003bf926-cb14-24ae-9a14-3854f93a1f66,1963-01-20,,999-28-4009,S99914709,X82746470X,Mr.,Ricky354,Brock407,Lebsack687,,,S,white,hispanic,M,Stamford  Connecticut  US,148 Wilderman Tunnel Suite 36,North Haven,Connecticut,New Haven County,9009.0,6473,41.33300424583287,-72.85947320690691,115430.57,195669.09,32409
bfc2c835-61f5-abbc-7f92-1fbfec536aac,1936-09-25,,999-53-5524,S99993985,X48131247X,Mrs.,Charlsie105,Creola518,Mraz590,,Casper496,M,white,nonhispanic,F,Pawcatuck  Connecticut  US,549 Dooley Terrace Unit 1,Manchester,Connecticut,Hartford County,9003.0,6040,41.72759948411664,-72.51061392764095,830151.15,518032.59,101831
a22971bc-6a0f-df3f-5a84-93a8b28a41e3,1920-12-12,1999-01-17,999-55-8634,S99924587,X15861221X,Mr.,Simon598,,Bode78,,,M,white,nonhispanic,M,Fairfield  Connecticut  US,907 Kiehn Approach Suite 28,Greenwich,Connecticut,Fairfield County,9001.0,6830,41.02782057193381,-73.63355703749235,280998.95,3027033.63,143859
6f6844de-3da9-07d3-f4f0-ca4eca01c33d,1970-01-19,,999-18-4727,S99967207,X92618890X,Mr.,Roberto515,Rubén780,Villegas15,,,D,black,hispanic,M,Santiago  Santiago Province  CL,891 Ortiz Flat,Ridgefield,Connecticut,Fairfield County,9001.0,6877,41.28816858781307,-73.54425209084673,234131.62,108242.12,140974
8883f2e6-e686-8584-1580-a80330409a65,1920-12-12,2006-04-24,999-16-4257,S99919424,X49392731X,Mr.,Scott935,Von197,Bruen238,,,M,white,nonhispanic,M,Colchester  Connecticut  US,775 Larkin Bridge Suite 34,Greenwich,Connecticut,Fairfield County,9001.0,6831,41.04370921083972,-73.65602048726466,194882.06,991564.4,143859
0e128697-7cb0-16ca-c38d-08f688894dbc,1922-02-21,2012-05-08,999-55-9961,S99967095,X49970132X,Mrs.,Lynna524,Lakeesha370,Donnelly343,,Larson43,D,white,nonhispanic,F,Washington  Connecticut  US,273 Kris Trail Suite 33,Shelton,Connecticut,Fairfield County,9001.0,6484,41.31812957471099,-73.10028427825728,717904.86,644222.51,75078
d2b2fbd9-b1d2-5cc9-25dd-2b00f2e08069,1956-05-01,,999-37-6578,S99946897,X25223806X,Mr.,Armando772,,Gleason633,,,M,white,hispanic,M,Glastonbury  Connecticut  US,729 Crist Alley Suite 28,Hartford,Connecticut,Hartford County,9003.0,6112,41.73732906246892,-72.74193746384478,27094.62,593880.71,3789
cd069015-db83-0ff3-237d-6d5ae2292cae,1947-10-13,,999-73-1096,S99935515,X64764709X,Mr.,Diego848,,Casanova632,,,M,white,hispanic,M,San Salvador  El Salvador  SV,475 Borer Orchard,Bloomfield,Connecticut,Hartford County,,0,41.848105003102496,-72.77408032507866,296417.6,1438668.97,36900
540b7fb7-5099-a6b1-e386-b42a2ba26326,1936-11-22,2023-03-11,999-79-8587,S99946008,X51036331X,Ms.,Zenaida56,Lavonna163,Little434,,,S,white,nonhispanic,F,Waterford  Connecticut  US,303 Gottlieb Alley,Waterbury,Connecticut,New Haven County,9009.0,6706,41.6034262619392,-73.04105278996754,34164.43,2302965.49,5570
e713d7de-d59b-bcdf-93a2-81a963787c5b,1944-02-13,,999-11-8190,S99980031,X52042219X,Mr.,Rashad361,Randolph418,Bruen238,,,S,white,nonhispanic,M,Bloomfield  Connecticut  US,612 Walker Camp,Shelton,Connecticut,Fairfield County,9001.0,6484,41.333704077163866,-73.18619271377922,190642.06,220038.42,121817
1562a52f-ddc5-d684-77ef-e3ead71d477a,1927-03-20,2011-10-14,999-18-8325,S99939363,X27658032X,Mr.,Vicente970,Winfred745,Jenkins714,,,M,white,nonhispanic,M,Wolcott  Connecticut  US,593 Mueller Vale,New Britain,Connecticut,Hartford County,9003.0,6053,41.64332730105292,-72.77146029136122,298369.67,862427.7,58793
75b8da97-93fc-a7dd-5214-c4a62a9a5dde,1940-06-24,2025-08-05,999-33-1023,S99933393,X89169095X,Mrs.,Casandra937,Maribeth658,Jaskolski867,,Leuschke194,D,white,nonhispanic,F,Hamden  Connecticut  US,318 Veum Passage,Shelton,Connecticut,Fairfield County,9001.0,6484,41.2925138240007,-73.112628845754,1109781.82,451719.3,75078
ce2bd315-4923-765d-0129-78e1e0874844,1957-08-23,,999-38-6955,S99967401,X01864809X,Mr.,Marty115,Nick779,Hessel84,,,D,white,nonhispanic,M,Bridgeport  Connecticut  US,624 Bergnaum Bridge Apt 80,Norwich,Connecticut,New London County,9011.0,6380,41.559921466871714,-72.13196433877171,27411.26,1203824.88,22461
d08b68b8-570f-3fb2-9d67-69646d84804c,1979-12-05,,999-66-2386,S99952722,X21487500X,Mrs.,Ellie521,,Lesch175,,Prosacco716,M,black,nonhispanic,F,Cheshire  Connecticut  US,658 Trantow Rest,Waterbury,Connecticut,New Haven County,9009.0,6702,41.5568478899382,-73.05249234901312,15169.14,931281.72,3656
2bf1eda1-4529-b85a-8717-4ce1182e5b3e,1948-05-20,,999-80-9914,S99989596,X45607135X,Mrs.,Jeane173,Gisele901,Keebler762,,Franecki195,M,black,nonhispanic,F,Bristol  Connecticut  US,416 Feil Row,Simsbury,Connecticut,Hartford County,,0,41.91488797570893,-72.85389452880318,1131075.05,641972.74,55054
a925d8c1-e805-dcc7-15b9-c3f2206d9161,1936-01-17,,999-85-1888,S99913819,X79960320X,Mrs.,Mariella503,Laurene370,Bradtke547,,Cartwright189,M,white,nonhispanic,F,Bridgeport  Connecticut  US,987 Skiles Trail Suite 17,New Haven,Connecticut,New Haven County,9009.0,6512,41.30045039005228,-72.83309297828627,87385.45,3242820.91,20967
137a5779-2b1e-efa9-d31f-52bcf2144805,1931-11-26,2012-04-14,999-78-5679,S99961553,X00863489X,Mr.,Andrew29,Santiago500,Fahey393,,,M,black,nonhispanic,M,Newington  Connecticut  US,1069 Schuppe Terrace,West Haven,Connecticut,New Haven County,9009.0,6516,41.31419777815536,-72.99642186615536,241951.49,983454.85,698855
ea03c2a2-60ff-c1a2-da1a-e7df9f64792d,1918-12-08,2007-12-08,999-63-5580,S99911758,X32208483X,Mr.,Cedrick207,Lucien408,Schmitt836,,,M,white,nonhispanic,M,Berlin  Connecticut  US,406 Weber Ferry,Derby,Connecticut,New Haven County,9009.0,6418,41.33498474896789,-73.10201539570805,364184.05,766924.34,47480
a6a0eba7-1fda-915e-7154-8de0f8040151,1927-03-20,,999-49-2212,S99920650,X73982555X,Mr.,Philip822,Harry448,Jacobi462,,,W,white,nonhispanic,M,Enfield  Connecticut  US,324 Stokes Haven Apt 51,New Britain,Connecticut,Hartford County,9003.0,6053,41.61586226580311,-72.7928417395322,494526.31,1036939.71,58793
dbb34a50-c44e-3af7-c5c2-e8542077e7fc,1931-11-26,,999-46-1704,S99991644,X64520445X,Mr.,Reginald96,Ike571,Jenkins714,,,S,black,nonhispanic,M,Bethany  Connecticut  US,993 Renner Byway,West Haven,Connecticut,New Haven County,9009.0,6516,41.238256406275895,-72.95857686360178,363621.06,1753776.51,698855
d661ae3e-aef7-89bf-97f9-e379a5b4afed,1978-01-15,,999-52-3874,S99971704,X52012041X,Mr.,Clark193,,Schmitt836,,,W,white,nonhispanic,M,Waterbury  Connecticut  US,194 Spencer Manor,Stamford,Connecticut,Fairfield County,9001.0,6906,41.07952649672306,-73.514632972499,9327.61,224525.19,2929
d4fb3a09-7517-a83e-1d2c-3e9eaaa7eec8,1927-01-01,2016-08-25,999-79-2284,S99972944,X24860175X,Mr.,Jamal145,,Cremin516,,,M,white,nonhispanic,M,New Milford  Connecticut  US,1050 Nader Loaf Apt 50,Granby,Connecticut,Hartford County,,0,42.019709130662946,-72.84307113856097,340938.86,510272.64,114405
bd886465-8c1a-8943-9f12-25d19aea0773,1967-09-26,,999-95-5235,S99910418,X97426637X,Mrs.,Karyn217,,Beatty507,,Cormier289,D,white,nonhispanic,F,New Haven  Connecticut  US,542 Hane Glen,West Haven,Connecticut,New Haven County,9009.0,6516,41.24451246278386,-72.97813554244354,832821.82,614121.24,36815
45d3e9f6-ef9c-4dba-1c9c-a7cb60c82b1a,1927-01-01,1995-12-13,999-45-1562,S99957325,X56952047X,Mr.,Reyes140,Neil122,Mitchell808,,,D,white,nonhispanic,M,Derby  Connecticut  US,1078 Haley Union Apt 5,Granby,Connecticut,Hartford County,,0,41.97482668807654,-72.8608672379237,155023.15,1413059.08,114405
ce532e67-74ca-bbda-0395-3cb27759cf67,1922-01-15,2016-07-19,999-11-7074,S99990686,X39007336X,Mrs.,Kathey482,Vernell410,Johns824,,Fisher429,M,white,nonhispanic,F,Stamford  Connecticut  US,503 Schinner Trace,Berlin,Connecticut,Hartford County,,0,41.56323491270252,-72.80958663479016,368285.84,4358941.45,316683
e86dd793-e766-489e-c412-f6f66b00a8bb,1924-08-18,,999-45-6023,S99945388,X12722341X,Mrs.,Easter642,Layne115,Ernser583,,Tromp100,M,white,nonhispanic,F,Bridgeport  Connecticut  US,905 Runolfsdottir Mall,Cheshire,Connecticut,New Haven County,9009.0,6410,41.532837398433415,-72.88296023398358,762656.71,1050850.27,38651
3eca58c4-0cb7-641e-76ae-bbe10e74d88c,1969-06-02,,999-58-6677,S99945717,X49976883X,Mr.,Austin578,Felipe97,Zulauf375,,,M,white,nonhispanic,M,Hartford  Connecticut  US,187 Corkery Park,West Hartford,Connecticut,Hartford County,9003.0,6119,41.76230279694958,-72.75957048821961,143921.78,142971.77,54943
456f3457-f657-ae30-b6ad-e2f0a819acdf,1951-03-31,,999-57-3924,S99929481,X69227262X,Mrs.,Yi864,Migdalia164,Blick895,,Emard19,M,white,nonhispanic,F,Oakville  Connecticut  US,905 Parisian Drive,East Haven,Connecticut,New Haven County,9009.0,6512,41.36014945746398,-72.84499344185028,1042268.92,460041.37,114054
9cbbe327-193f-f4c7-752f-fea66cac8da3,1943-02-05,,999-55-8546,S99926495,X22500415X,Mrs.,Kayleen757,,Gislason620,,West559,M,black,nonhispanic,F,Norwalk  Connecticut  US,855 Mosciski Mission,Wilton,Connecticut,Fairfield County,,0,41.20585322049613,-73.42451401300727,1157820.47,433868.96,107802
0aaa1aa9-ef6a-5849-c207-639e8903f70a,1957-04-19,,999-36-1348,S99951527,X23611784X,Ms.,Verónica383,Lola232,Tovar84,,,S,black,hispanic,F,Port-au-Prince  Haiti  HT,759 Ziemann Key Apt 35,Plainville,Connecticut,Hartford County,,0,41.678091255950406,-72.80760552147859,1558547.73,629348.32,76261
d57277fe-32d3-69c1-59b3-a6cc6a207469,1945-01-02,2002-10-19,999-96-3827,S99949701,X44380854X,Mr.,Olin642,Dominick530,Treutel973,,,M,white,nonhispanic,M,Wethersfield  Connecticut  US,211 Ratke Heights,Oakville,Connecticut,Litchfield County,9005.0,6779,41.637990563695865,-73.10958983016825,14606.66,417982.14,18189
c190a3d3-6877-f5b6-776d-0a32fffebd9b,1943-05-01,,999-47-2479,S99989971,X36545744X,Ms.,Daysi106,Myrtice99,O'Keefe54,,,S,white,nonhispanic,F,Enfield  Connecticut  US,973 Dibbert Route,Hartford,Connecticut,Hartford County,9003.0,6114,41.91622310343245,-72.68790503427708,295499.93,2230391.57,28485
783485eb-7012-d366-fcf1-5947ae97960b,1934-04-07,,999-86-5521,S99990370,X09046173X,Mr.,Reggie481,Isidro558,Baumbach677,,,M,white,nonhispanic,M,Bloomfield  Connecticut  US,145 Rogahn Skyway,Brookfield,Connecticut,Fairfield County,,0,41.43943466265979,-73.3823600483349,26153.65,583119.03,17909
defd6959-ddf2-aa67-0b63-ba01614f92a7,1945-01-02,,999-84-4878,S99995084,X64588014X,Mr.,Jordan900,Guillermo498,Glover433,,,S,white,nonhispanic,M,Wilton  Connecticut  US,1028 Brown Flat Apt 43,Oakville,Connecticut,Litchfield County,9005.0,6779,41.613290169472016,-73.06437265905589,26712.65,551341.71,18189
e9812bc6-d9c4-29eb-6bfb-984fb4efc69f,1941-10-15,,999-18-4494,S99952297,X58278626X,Ms.,Lavada531,Barb55,Hartmann983,,,S,black,nonhispanic,F,Guilford  Connecticut  US,314 Balistreri Extension,Stamford,Connecticut,Fairfield County,9001.0,6903,41.04438052140924,-73.50011254792078,629875.82,170250.8,98788
03e11ac9-c867-3d68-d8b8-2b5f42be7db3,1918-04-20,1998-05-28,999-64-7338,S99998451,X64762092X,Mrs.,Yelena240,Lina528,Weber641,,Mosciski958,W,white,nonhispanic,F,Stratford  Connecticut  US,639 O'Conner Camp,Thomaston,Connecticut,Litchfield County,9005.0,6787,41.68662224517911,-73.06103078141348,1301384.3,1002775.23,93677
3d23554d-26f9-3b33-124b-cafa91d5c67e,1947-12-23,,999-68-1963,S99953334,X39975436X,Mr.,Jimmy858,Lowell343,Schneider199,,,M,white,nonhispanic,M,Windham  Connecticut  US,758 Hudson Lane,Hartford,Connecticut,Hartford County,9003.0,6110,41.79418900671885,-72.71420742446342,149857.62,689639.96,71969
dba943c3-642c-7e9e-9103-c0d93040622d,1957-09-11,,999-46-4120,S99929677,X27412121X,Mrs.,Twanda979,Cherryl901,Douglas31,,Champlin946,M,white,nonhispanic,F,New Haven  Connecticut  US,474 Fadel Corner Suite 16,Enfield,Connecticut,Hartford County,,0,42.00965814222419,-72.53663922852795,1060170.43,353540.86,104989
07f470b5-fc5a-ebee-7f44-d4fff455b65d,1942-07-12,,999-87-2835,S99995516,X91290031X,Mr.,Percy315,Sid118,Hegmann834,,,S,black,nonhispanic,M,Southington  Connecticut  US,1024 Swift Track,Darien,Connecticut,Fairfield County,9001.0,6820,41.01949759433732,-73.49503336192406,192959.41,247303.27,518088
73027d8c-415a-e7ef-a38f-c4fb0b47c162,1918-04-20,,999-33-1955,S99911190,X26257894X,Mrs.,Danica886,Jeanna557,Dooley940,,Bednar518,M,white,nonhispanic,F,Stonington  Connecticut  US,163 Schuster Dale,Thomaston,Connecticut,Litchfield County,9005.0,6787,41.643365104814826,-73.08906438108174,1306321.73,1383280.59,93677
106313d2-815c-2a7e-bc62-eb2470ad4cb1,1941-11-20,,999-58-7656,S99958241,X74950929X,Mrs.,Melaine933,Goldie436,Raynor401,,Beier427,M,white,nonhispanic,F,Middletown  Connecticut  US,229 Kihn Overpass,East Haven,Connecticut,New Haven County,9009.0,6512,41.26532844579532,-72.87133015829374,25297.99,1810520.82,13286
1bc4c4b1-eba9-674c-7570-9d9cab25ac53,1975-05-18,,999-72-7060,S99950776,X87958595X,Mr.,Harris789,,Schmidt332,,,D,white,nonhispanic,M,Stamford  Connecticut  US,464 Hegmann Dam,Southington,Connecticut,Hartford County,,0,41.632237517705846,-72.8325214249425,153921.91,26167.07,162273
5b6e11b6-5d3e-bb96-eb96-17e2b5ce286a,1943-07-12,,999-24-7518,S99945574,X53505389X,Mr.,Lionel365,,Wyman904,,,M,white,nonhispanic,M,Trumbull  Connecticut  US,119 Walker Park,New London,Connecticut,New London County,9011.0,6375,41.38307914567996,-72.08335376962272,232826.83,155955.62,43693
5ff959cc-b845-bca6-e9b2-164e4f620e7a,1957-11-30,,999-77-1237,S99966856,X81799480X,Mr.,Denny560,Kareem959,Haag279,,,M,white,nonhispanic,M,Riverside  Connecticut  US,908 Kunde Glen Unit 24,Westport,Connecticut,Fairfield County,9001.0,6880,41.11232636161906,-73.30107904316385,217841.93,142686.3,522610
b33074d9-d84d-1676-2ec1-f8d2cbb6cfdf,1961-04-07,,999-82-8384,S99997512,X25625684X,Mr.,Larry532,Michale231,Legros616,,,D,black,nonhispanic,M,Stratford  Connecticut  US,1060 Nienow Underpass Suite 59,Meriden,Connecticut,New Haven County,9009.0,6451,41.56323586584317,-72.79588606645761,546896.69,1104817.61,65817
9cc6c1fd-79bc-6b67-b72a-d4f621ea0d15,1957-10-11,,999-23-3753,S99967703,X58802791X,Mr.,Josh874,Micheal721,O'Hara248,,,S,white,nonhispanic,M,Bridgeport  Connecticut  US,488 Christiansen Gateway Unit 71,Waterbury,Connecticut,New Haven County,9009.0,6705,41.585621127922046,-73.01690407082174,119612.32,118578.44,93888
479af275-c572-d148-8bed-24b930ed8811,1942-11-14,2013-05-03,999-84-9985,S99911288,X90920782X,Mrs.,Vannesa928,Mammie808,Schroeder447,,Emmerich580,W,white,nonhispanic,F,Woodbury  Connecticut  US,236 Haag Vista,Hebron,Connecticut,Tolland County,,0,41.619477263332065,-72.41976762253326,345517.99,828787.92,176364
d566df47-5326-8639-5686-3804d4488e43,1915-12-13,1999-11-28,999-81-4957,S99940362,X14569947X,Ms.,Madge238,Ji399,O'Keefe54,,,S,white,hispanic,F,New Haven  Connecticut  US,501 Wilderman Meadow,Southington,Connecticut,Hartford County,,0,41.62504279394239,-72.89782846912279,667707.62,203691.77,61621
13c724d0-162d-d54a-a59b-9fafbd0fa8f5,1950-11-29,,999-50-8206,S99991127,X59490633X,Mr.,Jacinto644,,Welch179,,,M,white,nonhispanic,M,Rockville  Connecticut  US,879 Lebsack Manor,Watertown,Connecticut,Litchfield County,9005.0,6795,41.62533896035941,-73.12755419521437,894395.32,309946.07,170
b739923a-a773-01cf-38c0-4ea0f425d921,1966-11-28,2026-05-19,999-26-5294,S99910842,X10601143X,Mrs.,Inés791,Dolores502,Nava670,,Farías160,M,white,hispanic,F,Kingston  Kingston  JM,119 Schmidt Park,East Hartford,Connecticut,Hartford County,9003.0,6118,41.73063724914736,-72.58370579868519,206559.3,202235.78,148260
4aa16b03-0bcc-a8ce-fcae-efa664e1709e,1942-11-14,,999-72-5853,S99956652,X30987174X,Mrs.,Hiroko446,Cicely661,Watsica258,,Feeney44,W,white,nonhispanic,F,Mansfield  Connecticut  US,866 Kilback Grove Apt 54,Hebron,Connecticut,Tolland County,,0,41.649306256625714,-72.44167325926563,317048.96,1603991.46,176364
225b424e-5a5f-7085-2007-5a09cec19d9f,1945-01-23,,999-67-4601,S99967857,X43507713X,Mr.,Nick779,Eldridge510,Hayes766,,,S,white,nonhispanic,M,Bridgeport  Connecticut  US,741 DuBuque Heights,Essex,Connecticut,Middlesex County,9007.0,6409,41.33564294666979,-72.38419083977718,115311.45,987774.85,129256
54f3da1c-4966-aa28-894a-f171fcd1b06b,1960-01-29,,999-19-9464,S99942829,X75537096X,Mr.,Bo157,Omer483,Orn563,,,S,white,nonhispanic,M,East Hampton  Connecticut  US,186 Smith Gardens Unit 42,Bridgeport,Connecticut,Fairfield County,9001.0,6607,41.190690206799715,-73.1772488301813,338455.4,50503.17,73908
39278d6d-c4f7-99df-c428-eac7675dbfd6,1945-09-20,,999-20-4215,S99958108,X74941453X,Mr.,Martín25,Rafael239,Terrazas956,,,M,white,hispanic,M,San Juan  Puerto Rico  PR,966 McKenzie Camp,Groton,Connecticut,New London County,9011.0,6340,41.36982799802277,-71.99515667544965,15311.97,447126.8,10764
40acb4b1-40a7-595c-590b-5c2fa93fec72,1925-01-24,,999-98-3868,S99924730,X29173121X,Ms.,Kyra237,,Toy286,,,S,white,nonhispanic,F,Windsor  Connecticut  US,551 Spinka Fork Suite 6,Middletown,Connecticut,Middlesex County,9007.0,6457,41.51229552099479,-72.65550813943112,1263679.93,692580.82,49343
d8b4a401-60b0-1727-3d5f-df9d509875e9,1915-12-13,1998-02-13,999-49-1911,S99971544,X22993374X,Mrs.,Bertha558,Annika454,Mitchell808,,Borer986,W,white,hispanic,F,Stafford  Connecticut  US,836 Mayer Throughway,Southington,Connecticut,Hartford County,,0,41.56096910959326,-72.86892795830688,1025649.87,734712.71,61621
4a70258d-ff5b-2ccd-bd68-f0b04d4aa5b2,1948-10-16,2015-12-26,999-27-9617,S99990477,X20281037X,Mr.,Ryan260,Richie600,Schowalter414,,,S,white,nonhispanic,M,Meriden  Connecticut  US,1084 Fahey Lane,Harwinton,Connecticut,Litchfield County,,0,41.764753207651566,-73.02321081562599,269134.89,119259.19,107919
66fc9cac-1e1a-8a51-8825-2d99ac3a7e1e,1952-01-29,,999-66-8647,S99931333,X86350980X,Mr.,Bernardo699,,Hauck852,,,S,white,hispanic,M,Ellington  Connecticut  US,900 Zboncak Quay Unit 56,Stamford,Connecticut,Fairfield County,9001.0,6831,41.01610541108086,-73.50250157527636,272717.34,1540886.61,494734
40ff366e-82a9-2131-db50-7e6e6544a158,1919-02-27,2008-05-19,999-26-6364,S99945584,X59089009X,Mrs.,Luz785,Claudia969,Zayas20,,Villarreal550,D,white,hispanic,F,Santiago  Santiago Province  CL,180 Skiles Brook,Wallingford,Connecticut,New Haven County,,0,41.47346068338219,-72.80972321070833,73897.68,2408387.47,17238
f222fbe3-c3e9-40e5-32c0-005f5bf9dd06,1969-01-27,2026-03-31,999-89-7806,S99932390,X02312204X,Mrs.,Karren465,Lanelle105,Heidenreich818,,Wehner319,D,white,nonhispanic,F,Thompson  Connecticut  US,612 Ruecker Vista,Stamford,Connecticut,Fairfield County,9001.0,6901,41.11479306871168,-73.58068486201354,332029.64,796194.78,23525
e14c77bf-3488-7895-f7ef-458dfdf12e8e,1936-04-22,2019-01-26,999-39-5977,S99965937,X07475369X,Mrs.,Margrett284,Rosalva540,Lehner980,,Moen819,M,white,nonhispanic,F,New Britain  Connecticut  US,216 Heaney Dale,Norwich,Connecticut,New London County,9011.0,6389,41.57113718866824,-72.12937137289329,626477.39,1071301.05,42646
716848e3-3246-671a-a92d-7838fe6fb9be,1954-04-22,2024-06-11,999-98-7250,S99954171,X99229161X,Ms.,Toni630,Helena807,Jacobs452,,,S,black,nonhispanic,F,Winchester  Connecticut  US,242 Koch Skyway Suite 19,Columbia,Connecticut,Tolland County,,0,41.66793506612341,-72.31030675349008,718234.88,1855522.15,81680
042b912e-2c7b-dec3-4787-d60e00d64cf2,1948-10-16,,999-67-6866,S99970022,X69745358X,Mr.,Werner409,Valentin929,Adams676,,,M,white,nonhispanic,M,Montville  Connecticut  US,945 Fisher Path,Harwinton,Connecticut,Litchfield County,,0,41.793452748752955,-73.07306182930375,221151.29,161465.88,107919
b8788e93-f11f-3d5b-bc61-6544d6b89d7b,1975-02-10,,999-55-8504,S99982762,X62308724X,Mr.,Keven605,,Bosco882,,,S,white,nonhispanic,M,Ashford  Connecticut  US,276 Donnelly Wynd Apt 24,Middletown,Connecticut,Middlesex County,9007.0,6457,41.5219445965513,-72.66525782329954,118552.54,213474.75,249692
3da3a860-7223-eacd-f7d1-8c75163b9ac6,1967-07-01,,999-33-5142,S99917393,X88179553X,Mr.,Jackson413,,Cremin516,,,S,white,nonhispanic,M,Hamden  Connecticut  US,161 Denesik Manor,Portland,Connecticut,Middlesex County,9007.0,6480,41.5723491398257,-72.60999768095827,224187.91,93104.41,166455
d0d40593-1d72-6315-428c-5a0eea9b39eb,1973-04-29,,999-67-5837,S99950554,X04279588X,Mr.,Enoch803,,Smith67,,,M,white,nonhispanic,M,Coventry  Connecticut  US,219 Sipes Path,Suffield,Connecticut,Hartford County,9003.0,6078,42.0167311142446,-72.67034185517832,49671.95,221295.26,183183
3ce423cd-2620-4b4e-8fe5-84f81766fd64,1945-04-04,2023-09-26,999-57-7639,S99951266,X99357214X,Mr.,Tobias236,Rodger755,Pouros728,,,M,asian,nonhispanic,M,Greenwich  Connecticut  US,736 Block Drive Unit 19,Hartford,Connecticut,Hartford County,9003.0,6160,41.75197294601851,-72.71680511347367,142121.87,349108.4,27115
78ce5407-f766-fad2-5103-345122ddc675,1958-07-12,,999-89-2333,S99961799,X74095084X,Mr.,Kelley882,Anton902,Ryan260,,,M,black,nonhispanic,M,Greenwich  Connecticut  US,268 Reichert Haven Apt 27,Monroe,Connecticut,Fairfield County,,0,41.36933423528781,-73.17987794095482,260348.89,220446.07,48689
4fcf1de5-d362-22d2-6cfc-43cd555ef3d9,1951-08-03,2023-12-13,999-62-9338,S99967065,X98375543X,Mr.,Amado512,Bernie827,Graham902,,,D,white,nonhispanic,M,Cheshire  Connecticut  US,1000 Tremblay Neck,Prospect,Connecticut,New Haven County,,0,41.473734180346014,-72.96805474799143,190021.17,139051.01,47129
771fdbe4-2665-3206-b544-eee7edd1f843,1959-03-18,,999-14-4664,S99983931,X56433674X,Mr.,Trevor374,Harry448,Murazik203,,,M,white,nonhispanic,M,Ridgefield  Connecticut  US,197 Satterfield Glen Unit 25,New London,Connecticut,New London County,9011.0,6375,41.355045583557285,-72.05968824148405,312247.38,211143.86,57136
bae18612-3608-4e3f-2a35-bbfd776ba859,1917-08-18,2001-07-06,999-13-5187,S99986477,X58460637X,Mr.,Bernardo699,Rocco842,Fahey393,,,S,white,nonhispanic,M,Cheshire Village  Connecticut  US,418 Lesch Path Suite 49,Montville,Connecticut,New London County,,0,41.44731655919286,-72.17670830688091,17141.85,520183.95,21178
ec71cd8c-d7ee-4aca-4a84-6d65967abc35,1955-05-02,,999-83-5033,S99974247,X91560729X,Mr.,Gavin481,Jacinto644,Beier427,,,S,white,nonhispanic,M,Brookfield  Connecticut  US,261 Nikolaus Throughway Suite 34,Stratford,Connecticut,Fairfield County,9001.0,6611,41.21753583397364,-73.12001303381746,379595.1,220755.94,36984
b1d4a591-7059-3dea-dd20-d926494a4a97,1925-05-23,,999-72-5207,S99956323,X61793412X,Mr.,Tyson541,Bernard308,Wuckert783,,,M,white,nonhispanic,M,Bloomfield  Connecticut  US,370 Kirlin Mews,Thompsonville,Connecticut,Hartford County,,0,41.9903425066191,-72.64266869829324,581580.79,643731.64,66523
e1afe164-2636-e60e-cc6f-6dc799db0995,1954-07-21,2020-04-26,999-91-3270,S99930211,X72499169X,Mr.,Johnson679,Wade235,Breitenberg711,,,M,white,nonhispanic,M,Wethersfield  Connecticut  US,107 O'Reilly Village Suite 75,Cheshire,Connecticut,New Haven County,9009.0,6410,41.54152982855127,-72.93693445881655,244633.68,155328.74,430250
a10496cc-818f-5a7f-8df0-cf755ac8e8b8,1979-12-29,,999-56-4595,S99973386,X90712785X,Mrs.,Francisca486,Elvira561,Briones478,,Jaramillo133,D,white,hispanic,F,Puebla  Puebla  MX,981 Stanton Extension,New Fairfield,Connecticut,Fairfield County,,0,41.47103137367558,-73.44902048313497,240963.61,493389.62,42306
97de07de-fc67-0d58-53e6-266a0d2de15d,1935-10-09,2009-09-25,999-73-7187,S99996992,X34293610X,Mr.,Bertram873,Esteban536,Stracke611,,,S,white,nonhispanic,M,West Haven  Connecticut  US,751 Gottlieb Vale Unit 49,Manchester,Connecticut,Hartford County,9003.0,6042,41.74251864808068,-72.57240610015862,143900.61,559039.38,160669
fe92c2a5-e3a5-3930-af3e-871309f87eda,1956-01-15,,999-37-9729,S99996774,X32002999X,Mr.,Sebastian508,Tyrell880,Murray856,,,M,black,nonhispanic,M,Manchester  Connecticut  US,565 Sipes Orchard Suite 15,West Hartford,Connecticut,Hartford County,9003.0,6107,41.70897581347777,-72.69323408085667,245522.24,73628.15,75772
ffbc15b0-feee-6bb9-bb17-6bdcd74223fc,1958-05-19,,999-31-3435,S99987129,X20157359X,Mr.,Granville802,Jed345,Frami345,,,S,asian,hispanic,M,New Haven  Connecticut  US,448 Gibson Orchard Unit 15,East Haven,Connecticut,New Haven County,9009.0,6512,41.346520601060234,-72.88587888784711,9323.64,347965.96,18181
1121da98-988b-0cfc-1b33-c416b1857a14,1969-03-18,2024-08-16,999-78-8103,S99966876,X28706886X,Mr.,Sebastian508,Andreas188,Fisher429,,,M,black,nonhispanic,M,Windham  Connecticut  US,742 Connelly Fort,Bridgeport,Connecticut,Fairfield County,9001.0,6611,41.27393656795153,-73.26143581910375,292440.37,643208.07,37821
885f7b0a-e2be-0ac1-a1e2-0f271e76dbad,1962-07-22,,999-43-1054,S99974606,X46398790X,Mr.,Jacob959,,Jacobs452,,,S,white,nonhispanic,M,Torrington  Connecticut  US,881 Bayer Tunnel Suite 27,Tolland,Connecticut,Tolland County,,0,41.86186886727773,-72.323827812485,121368.18,238220.39,181223
111e33aa-97da-7e5b-23c3-3e9c20fe04d1,1949-10-27,1998-06-15,999-95-3051,S99917467,X47147063X,Mr.,Valentine262,,Bradtke547,,,D,white,nonhispanic,M,Thompson  Connecticut  US,298 Cartwright Annex Apt 27,New Haven,Connecticut,New Haven County,9009.0,6511,41.32273334303278,-72.90563141639431,15577.77,288130.69,10941
994c2ebc-13e4-4afe-0ae0-0cf50130bceb,1949-10-27,2020-11-06,999-54-9777,S99984739,X71291982X,Mr.,Santiago500,,Kuhn96,,,W,white,nonhispanic,M,Simsbury  Connecticut  US,134 Kreiger Ferry Apt 58,New Haven,Connecticut,New Haven County,9009.0,6513,41.29190363408025,-72.93249703059696,27890.66,510149.33,10941
9870fec3-4e5f-5b0d-cb1c-6217ada1b328,1967-02-16,,999-43-5739,S99918214,X36689014X,Mr.,Nathanial472,Isreal8,Adams676,,,M,white,nonhispanic,M,East Hartford  Connecticut  US,713 Stracke Avenue Apt 62,Woodstock,Connecticut,Windham County,,0,41.93548274860456,-72.00092575624652,10873.19,295505.35,10903
89a7630d-fa41-a224-ef86-b8c2117e3e80,1947-06-19,,999-33-3627,S99964425,X30144881X,Mrs.,Xiao631,,Blanda868,,Cremin516,W,white,nonhispanic,F,Canterbury  Connecticut  US,312 Watsica Rue,Hartford,Connecticut,Hartford County,9003.0,6103,41.75172876841851,-72.74023931603438,37408.85,942618.62,7434
1958ba3b-4baa-d3e0-2942-2b04be11b6ad,1956-04-11,,999-81-8270,S99940256,X92306284X,Mr.,Bennie663,Dexter530,Rempel203,,,S,white,nonhispanic,M,Shelton  Connecticut  US,275 Okuneva Branch Suite 9,Bolton,Connecticut,Tolland County,,0,41.8016792478339,-72.41984474772471,155615.41,62948.84,42935
8e6a37a2-7f6c-e31d-446f-3128448f284e,1949-04-28,,999-62-2145,S99966713,X50163413X,Mrs.,Leisha308,Hanna456,Swaniawski813,,Barrows492,D,white,nonhispanic,F,New Haven  Connecticut  US,532 Konopelski Estate,Waterford,Connecticut,New London County,9011.0,6385,41.31637875276933,-72.19452713549786,427118.01,1094545.46,142478
6680513c-dd12-8994-b87c-dcffc8daff08,1964-08-18,,999-29-9037,S99979234,X96816929X,Mrs.,Armanda758,Obdulia648,Bins636,,Kuhn96,D,black,nonhispanic,F,New Haven  Connecticut  US,287 Parisian Heights Suite 64,Bethel,Connecticut,Fairfield County,9001.0,6810,41.37517766920573,-73.35051356536857,341370.6,609585.21,77211
a275fb84-9470-86d2-724a-2ffa27f0d234,1956-09-08,,999-77-5138,S99970951,X08044551X,Mrs.,Rosamaria757,Dulce933,Swift555,,Schuster709,M,black,nonhispanic,F,East Haddam  Connecticut  US,180 Wuckert Crossing Unit 39,Trumbull,Connecticut,Fairfield County,9001.0,6611,41.23279847429681,-73.17001422277957,772440.18,521640.0,47773
bf253a2c-677b-e474-1de1-10ad3750aef6,1962-02-06,2021-07-28,999-94-1839,S99988163,X61745606X,Mr.,Roderick835,Shayne60,Howell947,,,M,white,nonhispanic,M,Salmon Brook  Connecticut  US,629 Grady Extension Apt 6,Monroe,Connecticut,Fairfield County,,0,41.351443824745154,-73.21912313409965,158003.57,68597.16,104394
36d79967-769d-256b-5ae2-15dd82c22f6e,1951-04-27,,999-73-8975,S99989900,X83617718X,Mrs.,Zelma45,,Ebert178,,Hackett68,M,white,nonhispanic,F,Bloomfield  Connecticut  US,534 Hansen Row Apt 47,Bristol,Connecticut,Hartford County,9003.0,6013,41.64442486682488,-72.94256794061958,26486.13,1983871.0,6333
a5bf205d-889c-f92d-4baa-3657865004bc,1954-03-29,,999-12-8434,S99939356,X70252347X,Ms.,Moon129,Yanira774,Heathcote539,,,S,white,nonhispanic,F,Glastonbury  Connecticut  US,737 Lynch Row Suite 18,Manchester,Connecticut,Hartford County,9003.0,6042,41.82442286291936,-72.55054961647697,993102.52,279570.78,69195
d17e1a49-8da3-faf8-8f8b-6c6a60769bd8,1976-02-03,,999-91-3804,S99911990,X24152921X,Mr.,Albert312,Delmer311,Sauer652,,,M,white,nonhispanic,M,Bridgeport  Connecticut  US,475 Ebert Track Unit 82,Greenwich,Connecticut,Fairfield County,9001.0,6831,41.051204701880664,-73.58439156994233,7969.76,152540.95,19916
33a82a41-c741-4df2-b09e-41a0f821e259,1965-12-30,2023-09-13,999-92-1345,S99927343,X64228058X,Mr.,Rafael239,Isreal8,Bednar518,,,M,black,nonhispanic,M,Windsor  Connecticut  US,380 Kovacek Alley Unit 86,Norwalk,Connecticut,Fairfield County,9001.0,6854,41.103950869871554,-73.39343881976195,120932.19,766486.06,78538
3f7f1b2c-aafa-af1e-15fd-eccef81616fc,1922-08-04,1982-05-21,999-73-9871,S99933382,X57858368X,Mr.,Adam631,Kelley882,Beatty507,,,M,black,nonhispanic,M,Seymour  Connecticut  US,754 Jast Dam,Bridgeport,Connecticut,Fairfield County,9001.0,6607,41.13249142006072,-73.20682621290361,262974.72,358964.51,50048
7a88fb63-98b7-b32f-cd1d-6aa5d1664d13,1920-11-04,1979-11-13,999-12-3437,S99913000,X32014692X,Mrs.,Maryrose226,,Wintheiser220,,Towne435,D,white,nonhispanic,F,Waterbury  Connecticut  US,122 Fisher Club Apt 58,Kensington,Connecticut,Hartford County,9003.0,6037,41.65299525416,-72.82295989807423,318678.44,1154593.03,130076
442694f9-9db6-1a4a-241c-be3669a60bb4,1942-08-14,,999-50-8727,S99966981,X62780053X,Mr.,Dwight645,Wilmer32,Turcotte120,,,D,white,nonhispanic,M,Monroe  Connecticut  US,1059 Daugherty Run,Lisbon,Connecticut,New London County,,0,41.604735264877135,-72.0462307906305,142702.65,1151841.41,188252
340a2268-b701-47a1-cf8e-ea9bfd81e874,1932-09-03,2018-10-09,999-70-1762,S99925646,X77845850X,Mr.,Jerome176,Dale454,Schuppe920,,,M,white,nonhispanic,M,Ledyard  Connecticut  US,837 Bergnaum Avenue,Waterbury,Connecticut,New Haven County,9009.0,6702,41.55829891389907,-73.06211402264937,327788.55,249478.82,81221
e02a47ef-9f01-8565-3452-791c68ae7289,1929-04-15,2024-09-15,999-81-7692,S99974394,X13714273X,Mrs.,Marni913,Lindsey52,Barrows492,,Christiansen251,M,white,nonhispanic,F,Cheshire  Connecticut  US,990 Shanahan Overpass,Manchester,Connecticut,Hartford County,9003.0,6040,41.758789858448125,-72.4880432635607,325853.4,3263992.14,30705
b5eefcf3-4421-92fd-e6e7-9ad083fb196b,1933-02-15,,999-75-5209,S99924039,X42912802X,Ms.,Diamond340,Nadia817,Kemmer137,,,S,black,nonhispanic,F,South Windsor  Connecticut  US,176 Heaney Vale,Hartland,Connecticut,Hartford County,,0,42.027254340204856,-72.99769324297063,457207.3,2394551.49,981891
4ffaca2e-1b4b-6d94-fcb0-15cd97c99726,1953-08-05,,999-56-1935,S99989588,X25750425X,Mr.,Clarence5,Garrett899,Huel628,,,M,white,nonhispanic,M,Wolcott  Connecticut  US,307 Nienow Station,Willimantic,Connecticut,Windham County,9015.0,6226,41.70209970084644,-72.25583744052288,18513.83,431784.69,2629
715dc885-4d37-802d-56b3-9bdf92ea77f5,1948-08-27,2020-04-13,999-24-1532,S99936098,X88896129X,Mrs.,Margrett284,Charline650,White193,,Denesik803,M,white,nonhispanic,F,Torrington  Connecticut  US,798 Streich Way,Westport,Connecticut,Fairfield County,9001.0,6880,41.09194180476666,-73.34593564613795,996767.37,735285.18,41989
23a089b8-8d8d-6b6f-8ddd-ded4b9330a90,1953-12-19,,999-83-8705,S99995316,X26870884X,Mr.,José María211,Fernando603,Benavides239,,,S,white,hispanic,M,Bogota  Bogota  CO,1062 Turner Union Unit 13,New Haven,Connecticut,New Haven County,9009.0,6511,41.24355132322655,-72.91838123161665,338684.08,479360.09,128855
38f56d0d-98b8-e482-d561-ade450322ea1,1944-04-16,2024-08-15,999-72-1354,S99928162,X32207198X,Mrs.,Rae910,Lyndia317,Corwin846,,Murphy561,M,white,nonhispanic,F,East Haven  Connecticut  US,476 Watsica Branch,Stratford,Connecticut,Fairfield County,9001.0,6614,41.13948629255478,-73.14308293242897,1125734.97,295534.49,77182
3e2fc4a9-4a72-5d8c-fdcc-c3ae64874623,1949-03-24,,999-29-5466,S99988243,X68406732X,Mr.,Christian753,Danilo179,Hilpert278,,,W,white,nonhispanic,M,Waterbury  Connecticut  US,372 Bruen Dam,Woodstock,Connecticut,Windham County,,0,41.93205928802939,-72.01415400736452,74843.29,1885230.66,20666
1e3addf1-2868-8fd8-5f2c-25c3546106b6,1960-12-24,,999-32-6034,S99998416,X90400475X,Mr.,Isiah14,Darin74,Osinski784,,,S,white,nonhispanic,M,Winsted  Connecticut  US,1015 Rempel Rue Suite 89,Greenwich,Connecticut,Fairfield County,9001.0,6830,41.05225888386909,-73.61164208715621,122497.9,198444.54,968885
12ff8ea7-2c19-1bac-253a-0c99f755a35d,1946-03-08,,999-83-8967,S99947897,X17767589X,Mr.,Mohamed943,Freeman822,Hane680,,,W,white,hispanic,M,Guilford  Connecticut  US,442 Smitham Manor Apt 91,West Hartford,Connecticut,Hartford County,9003.0,6110,41.75047995908977,-72.67831761805776,152464.48,874304.28,192737
c095f135-ad53-f161-3a42-33d7b3489ecf,1947-03-18,,999-36-4530,S99942518,X74875205X,Mrs.,Althea11,,Keeling57,,Nikolaus26,D,black,hispanic,F,Shelton  Connecticut  US,1092 Turner Lane Apt 2,Marlborough,Connecticut,Hartford County,,0,41.595573269331574,-72.46131212094875,416543.24,950686.04,196878
a32e24ab-e81a-764f-044a-ceb982ff5ba0,1954-02-28,,999-16-7821,S99938975,X15041355X,Mrs.,Carolee951,Fabiola106,Conroy74,,Shanahan202,M,white,nonhispanic,F,Southwood Acres  Connecticut  US,882 Murphy Trailer Unit 64,New Milford,Connecticut,Litchfield County,9005.0,6776,41.62974650922376,-73.39554826324502,638831.66,235033.04,55507
cb753448-04bf-9fa4-a9e7-8a52f57cc2c8,1956-12-08,,999-14-2800,S99944506,X58447215X,Mr.,Mervin111,,Lynch190,,,M,white,nonhispanic,M,Hebron  Connecticut  US,509 McGlynn Bridge,Colchester,Connecticut,New London County,9011.0,6415,41.5206082117961,-72.39134755034257,34788.57,415479.55,182391
cafefd03-6e6c-5da5-3046-30ad6d9cbed9,1944-01-23,,999-68-7294,S99930366,X83830865X,Mr.,Dillon740,Jeffery551,Muller251,,,M,white,nonhispanic,M,Farmington  Connecticut  US,319 Mosciski Trail,Clinton,Connecticut,Middlesex County,9007.0,6413,41.25170933918597,-72.54347161693346,14937.77,411742.07,21624
1f375a4b-fb22-753a-a533-500659ebe12b,1952-05-08,,999-79-9978,S99966900,X86663934X,Mr.,Devin82,Victor265,Ratke343,,,D,white,nonhispanic,M,Stratford  Connecticut  US,156 Kirlin Overpass Suite 68,West Haven,Connecticut,New Haven County,9009.0,6516,41.31438798402911,-73.01209244297222,199726.11,323644.61,155906
e5818c8e-836f-be13-4214-84906256137d,1961-06-05,,999-96-8899,S99970527,X74647869X,Mr.,Geoffrey157,Emmanuel930,Treutel973,,,M,white,nonhispanic,M,Redding  Connecticut  US,340 Kuhic Loaf Apt 80,Hartford,Connecticut,Hartford County,9003.0,6112,41.826193771936296,-72.71533610694821,199385.65,151204.77,76466
0b30dbb6-b50e-fe2a-5b42-c9d372d7bb6b,1942-10-01,2026-07-08,999-71-2542,S99974444,X95904675X,Ms.,Justina408,Adah626,Herman763,,,S,white,nonhispanic,F,New Britain  Connecticut  US,984 Jerde Skyway,Bristol,Connecticut,Hartford County,9003.0,6010,41.691247225457374,-72.96966237779837,45758.19,1596440.68,14361
68121d9e-74e5-f138-91e6-8a19ada62b2d,1931-08-01,,999-70-6500,S99935866,X75723970X,Mrs.,Leticia253,,Bétancourt447,,Rael318,M,white,hispanic,F,Marigot  Saint Andrew Parish  DM,942 Stanton Bridge Apt 83,Shelton,Connecticut,Fairfield County,9001.0,6484,41.314679237260485,-73.16670763484245,468894.3,1522778.57,185070
31911824-33c9-8ace-5501-6e8d3243c1f9,1975-12-18,,999-22-9499,S99924709,X14888236X,Mrs.,Ettie537,Otilia736,King743,,Cole117,D,white,hispanic,F,Waterbury  Connecticut  US,700 Morissette Loaf Unit 79,New Haven,Connecticut,New Haven County,9009.0,6519,41.29807393114088,-72.838259059462,405596.58,1399151.59,23665
5af2867d-5812-a30b-9a67-fc5be6857740,1953-01-16,,999-96-1694,S99946386,X16423570X,Mr.,Craig656,Jules135,Fahey393,,,D,white,nonhispanic,M,Meriden  Connecticut  US,948 Gerhold Dale Suite 36,Waterbury,Connecticut,New Haven County,9009.0,6770,41.578072426332206,-72.96568979119621,148777.43,826610.41,52088
2f23645e-2bf9-9536-681e-92b13dec049f,1948-04-27,,999-33-6888,S99957179,X29241808X,Mr.,Ray930,Dino214,Nikolaus26,,,M,white,nonhispanic,M,Simsbury  Connecticut  US,903 Ernser Road,Oakville,Connecticut,Litchfield County,9005.0,6779,41.63349846362124,-73.05329858038135,278999.04,219752.84,70638
8986ab2a-3ee6-b7ce-3da7-b5ab6d7351d8,1963-03-29,,999-55-7103,S99933700,X73512264X,Mr.,Esteban536,King743,Lemke654,,,M,black,nonhispanic,M,Southington  Connecticut  US,715 Moen Approach Suite 98,Plainfield,Connecticut,Windham County,9015.0,6374,41.73967298216193,-71.85283321706805,223709.07,105557.03,81842
7b0dbf20-8e40-fe23-f862-52f274fe2fa2,1946-12-08,,999-27-4154,S99968821,X57615333X,Mr.,Keenan632,,Weber641,,,D,asian,nonhispanic,M,Macau  Macao Special Administrative Region of the People's Republic of China  CN,589 Kris Viaduct,Oxford,Connecticut,New Haven County,,0,41.397023153495795,-73.12070245419393,329612.06,150962.17,118350
019c15b7-4e0d-4fc8-627c-0aac9db9d302,1972-03-15,,999-96-5663,S99932929,X45693414X,Mrs.,Jeneva675,Latoyia537,Ryan260,,Nolan344,M,white,nonhispanic,F,Torrington  Connecticut  US,604 McGlynn Union Apt 41,Ledyard,Connecticut,New London County,,0,41.39483311855937,-72.0544427350035,165653.61,493399.37,34649
4665adaf-1fd6-03e7-4da3-cc3950aec6d8,1961-02-11,,999-43-3747,S99981334,X70264313X,Mr.,Jc393,Carlos172,McGlynn426,,,D,white,nonhispanic,M,Stamford  Connecticut  US,941 Hane Throughway Unit 11,New Haven,Connecticut,New Haven County,9009.0,6515,41.315622195179195,-72.8327701888919,179166.86,74783.58,97050
8a9aa166-8184-64f0-60c0-a3831e74a15b,1957-06-23,,999-68-3004,S99913077,X02382087X,Mr.,Oswaldo857,Winston220,Kiehn525,,,M,white,nonhispanic,M,Guilford  Connecticut  US,1029 Maggio Avenue Suite 5,Haddam,Connecticut,Middlesex County,,0,41.4406638114348,-72.54165441576401,326105.93,438068.52,105154
09a5c82b-37dc-9b6c-7702-427226d121f3,1948-05-14,,999-50-4105,S99922039,X85075666X,Mrs.,Ashleigh941,,Kovacek682,,Rolfson709,D,white,nonhispanic,F,Cos Cob  Connecticut  US,816 Sauer Crossing,Waterbury,Connecticut,New Haven County,9009.0,6708,41.57900188400124,-73.050005709337,23701.87,1581549.74,7375
2150c6c5-f5d2-55f5-afb1-aceb785b4c0e,1963-08-03,,999-68-9202,S99998510,X29231206X,Mr.,Zachary28,Elias404,Goyette777,,,M,asian,hispanic,M,Trumbull  Connecticut  US,1014 Predovic Key Suite 87,New Britain,Connecticut,Hartford County,9003.0,6053,41.65562267634243,-72.75217000539857,175713.74,32473.23,171309
47606469-334e-1e26-56ea-aaffd1682839,1964-10-28,,999-82-7657,S99996610,X92832782X,Mrs.,Audrey678,Yanira774,Parisian75,,Gottlieb798,M,white,nonhispanic,F,New Haven  Connecticut  US,656 Hilll Lodge Unit 17,Hartford,Connecticut,Hartford County,9003.0,6114,41.717474382103745,-72.73538163930345,220596.44,1739828.66,24150
54fd0bbb-0097-68a4-2f67-03e07edbb784,1939-07-27,,999-54-5785,S99993452,X82037193X,Mr.,Michel472,Adalberto916,Keeling57,,,S,white,nonhispanic,M,Stratford  Connecticut  US,867 Hand Neck Unit 72,East Hartford,Connecticut,Hartford County,9003.0,6108,41.75366166973155,-72.63865960723368,215957.69,634672.14,75488
e8f8036f-f66d-6972-a64d-13f02e94a5c0,1944-07-29,,999-89-3005,S99986904,X62638934X,Mrs.,Sydney660,,Hills818,,Davis923,M,white,nonhispanic,F,Avon  Connecticut  US,1066 Wolf Neck Suite 95,Montville,Connecticut,New London County,,0,41.450268141416686,-72.13045764757538,1026284.05,372554.88,63180
d9514fe5-7e11-100d-6c25-2ad2e98f97ac,1957-03-17,,999-40-3861,S99982473,X65442812X,Mr.,Leon728,Maurice742,Schaden604,,,S,white,nonhispanic,M,Bristol  Connecticut  US,569 Abernathy Wall Suite 81,Madison,Connecticut,New Haven County,,0,41.3894730942788,-72.62154201931992,180419.68,277180.5,42124
9ae6665d-570f-843b-140f-834f9573011e,1965-12-10,,999-49-7943,S99971184,X36553270X,Mrs.,Rosalie939,Vernita491,Kautzer186,MD,Collier206,M,white,hispanic,F,Orange  Connecticut  US,1085 Prosacco Mews Unit 17,New Canaan,Connecticut,Fairfield County,,0,41.15746469292597,-73.53851615679368,106221.9,761968.14,31175
2ba2e210-4224-2261-ba25-a7db84732e3a,1956-09-12,,999-64-7608,S99991502,X35929691X,Mrs.,Aimee901,Ali918,D'Amore443,,Stoltenberg489,D,white,nonhispanic,F,Westport  Connecticut  US,230 Bradtke Union Unit 86,Groton,Connecticut,New London County,9011.0,6340,41.37402546087764,-72.04933821183727,269970.67,1584165.19,33643
e014ae84-6154-4f86-eeb0-3e967b2fd9b2,1950-12-30,,999-12-6250,S99970242,X24243084X,Mr.,Jamie386,Lauren941,Abernathy524,,,S,white,nonhispanic,M,Long Hill  Connecticut  US,125 Davis Key,East Granby,Connecticut,Hartford County,,0,41.92375505167038,-72.76473366603496,196548.01,198173.82,148986
370592af-4283-2bf9-2ae2-4d71ee2faab1,1948-04-17,,999-82-4002,S99978646,X55339342X,Mr.,Donald774,Chadwick722,Barton704,,,D,white,hispanic,M,Ansonia  Connecticut  US,343 Johnson Stravenue,Stamford,Connecticut,Fairfield County,9001.0,6902,41.05977982689709,-73.56649494953648,139722.2,465421.07,32522
e6a74587-b44e-b767-0b9a-ccb44abdbefc,1921-04-29,2006-07-10,999-37-3227,S99944320,X27653064X,Mr.,Nickolas58,,Murphy561,,,D,white,nonhispanic,M,Danbury  Connecticut  US,868 Wiegand Green,Canton,Connecticut,Hartford County,,0,41.87224225336,-72.8907581958656,332433.71,214302.58,51042
2c62a19b-ef68-da3d-63bb-d5ff9f3126b3,1942-07-07,,999-26-2536,S99944088,X19348340X,Mr.,Donovan745,Johnnie679,Hegmann834,,,M,white,nonhispanic,M,Simsbury  Connecticut  US,839 Conroy Terrace,New Milford,Connecticut,Litchfield County,9005.0,6776,41.596785060716,-73.3940465402931,112505.55,1137553.67,99501
551b2b8e-d520-7fae-79fe-37f6383b53a2,1948-05-18,2021-03-11,999-99-4908,S99918923,X86398204X,Ms.,Vanetta255,Rena430,Boyle917,,,S,white,nonhispanic,F,East Hampton  Connecticut  US,238 Hintz Byway,New Britain,Connecticut,Hartford County,9003.0,6053,41.73136820827449,-72.81889444817658,16376.03,1002554.13,20888
ae30c9d4-9e14-1e7f-746f-426a14597708,1957-07-17,,999-93-3369,S99990109,X55737446X,Mrs.,Shaniqua618,Alena861,Daniel959,,Corkery305,M,white,nonhispanic,F,Deep River Center  Connecticut  US,674 Powlowski Fort,Redding,Connecticut,Fairfield County,,0,41.34432725003638,-73.42150039723386,260069.91,347929.89,844938
c602c500-f471-0127-9ae8-df72c5a7c638,1959-03-20,,999-77-9428,S99964893,X21797329X,Mrs.,Shila857,Eun46,Sawayn19,,Ratke343,W,white,nonhispanic,F,Stamford  Connecticut  US,487 Reilly Green Suite 86,Wolcott,Connecticut,New Haven County,,0,41.62554490655101,-72.98096040978704,351042.41,2272471.25,29405
565c7d61-1f25-0cfd-3990-9fe841c77f9d,1958-05-01,,999-15-3380,S99961137,X21903008X,Mrs.,Matilde468,Vanesa40,DuBuque211,,Quigley282,D,black,nonhispanic,F,Hartford  Connecticut  US,692 Gutmann Overpass Unit 0,Manchester,Connecticut,Hartford County,9003.0,6040,41.80119669851656,-72.56890910532003,794628.08,563471.08,80584
9ba3cd01-d552-007e-40e3-a3eebecb6084,1952-06-16,2012-12-28,999-32-4916,S99982912,X63017588X,Mr.,Hipolito984,Jeramy610,Stokes453,,,S,white,nonhispanic,M,New Britain  Connecticut  US,359 Will Terrace,Suffield,Connecticut,Hartford County,9003.0,6078,41.97801443400294,-72.66843136619995,241371.65,72997.04,56154
e9c5da62-096c-a0cf-19c0-4b9b1202e643,1963-08-07,,999-27-4268,S99931595,X93405616X,Mr.,Jerome176,Carroll471,Torphy630,,,M,white,nonhispanic,M,Stamford  Connecticut  US,613 Okuneva Dale Apt 91,Enfield,Connecticut,Hartford County,,0,41.96611896041117,-72.5221203151018,226219.27,100959.58,147241
80977b4c-4043-f1c1-4e63-e9047b1ffa42,1952-06-16,2020-08-13,999-94-2392,S99987304,X61321073X,Mr.,Darius626,Eugene421,Schowalter414,,,D,white,nonhispanic,M,Southington  Connecticut  US,1021 Schroeder Mews Suite 69,Suffield,Connecticut,Hartford County,9003.0,6078,42.02150869964131,-72.68116639329646,141592.8,301307.17,56154
9461eba5-f69a-b285-c534-e8a7312cc045,1942-08-30,2026-03-23,999-27-8642,S99976706,X04860699X,Mr.,Sandy901,Harold594,Champlin946,,,M,white,hispanic,M,Willimantic  Connecticut  US,884 Towne Heights,Danbury,Connecticut,Fairfield County,9001.0,6810,41.394043906164704,-73.43450839948943,223841.3,389096.53,30926
80b66515-4cfa-00f1-344c-51095e32adc3,1920-04-04,2006-06-07,999-17-8096,S99929447,X38284313X,Mr.,Asa127,Stephen891,Conn188,,,D,white,nonhispanic,M,Fairfield  Connecticut  US,243 Stoltenberg Gateway Unit 25,West Hartford,Connecticut,Hartford County,9003.0,6117,41.77990549202408,-72.69414420098893,20516.15,690975.91,4879
64d97920-42c1-5334-13d3-7159f0ceb572,1942-08-30,,999-64-8585,S99998877,X09073045X,Mr.,Wilson960,Garrett899,O'Keefe54,,,W,white,hispanic,M,Wilton  Connecticut  US,923 Corwin Arcade,Danbury,Connecticut,Fairfield County,9001.0,6810,41.43150856410791,-73.49953521857093,194580.7,373480.62,30926
16d187e2-ec8d-069d-b4ff-3feaa1dd69e1,1928-09-14,,999-17-8025,S99932789,X76336126X,Mr.,Ed239,Bryce11,O'Reilly797,,,S,white,nonhispanic,M,East Haven  Connecticut  US,1075 Grant Bay,Wilton,Connecticut,Fairfield County,,0,41.18522013934288,-73.4021206199516,423363.51,1056193.02,86722
8588420a-312d-3ffb-293e-dc6884125797,1955-06-26,2023-05-09,999-94-2581,S99993270,X74201125X,Mrs.,Catherin804,Teisha100,Hayes766,,Abernathy524,M,black,nonhispanic,F,Bristol  Connecticut  US,601 O'Conner Village Apt 88,Norwalk,Connecticut,Fairfield County,9001.0,6850,41.08683097680793,-73.45327376251495,284105.97,226562.97,143011
2d25078b-a4f7-f442-b8d2-8ac757d52a1f,1939-08-08,2004-01-29,999-51-7722,S99982170,X37293489X,Mrs.,Thea616,Sonja137,Rutherford999,,Rohan584,D,white,nonhispanic,F,Winchester  Connecticut  US,1020 Conn Vista Unit 29,Waterbury,Connecticut,New Haven County,9009.0,6705,41.54933103204508,-72.9893051874114,920053.7,44309.24,93648
96c3f271-1045-b80f-882f-769e7c7eca6d,1969-02-17,2022-09-20,999-16-6249,S99927813,X11698959X,Mr.,Reuben327,,Miller503,,,S,white,nonhispanic,M,Toulouse  Occitanie  FR,132 Larson Run,South Windsor,Connecticut,Hartford County,,0,41.85944460434618,-72.61568432941385,81059.75,152559.71,378157
7e008b7a-8aa8-2025-9d5f-3ce352f1abe7,1939-08-08,2018-09-27,999-65-8830,S99994350,X18094537X,Mrs.,Regine404,,Pfeffer420,,Nienow652,M,white,nonhispanic,F,Norwalk  Connecticut  US,727 Upton View,Waterbury,Connecticut,New Haven County,9009.0,6710,41.56434696106937,-73.01283767799752,452705.85,180153.76,93648
4e6d76d2-a7a6-d948-e390-0d068433fc7e,1921-04-29,2005-09-17,999-39-4176,S99928555,X93937347X,Mr.,Jimmie93,Horacio317,Hessel84,,,D,white,nonhispanic,M,North Haven  Connecticut  US,347 Langosh Common Apt 66,Canton,Connecticut,Hartford County,,0,41.86440022638145,-72.90540364745243,322595.85,219979.41,51042
bcfbe2e6-a804-ced5-01ea-ebc5a6c715a8,1952-06-16,2014-09-09,999-76-7878,S99977190,X44682709X,Mr.,Vince741,Melvin857,Dare640,,,D,white,nonhispanic,M,Cheshire  Connecticut  US,761 Sauer Rest,Suffield,Connecticut,Hartford County,9003.0,6078,41.977673317304536,-72.69079867709347,486069.36,508602.23,56154
27e1aa34-64ac-13d1-1abf-edb2de2fd91a,1964-11-05,,999-83-3298,S99986701,X39871357X,Mr.,Elvis145,Paris331,Heathcote539,,,M,white,hispanic,M,Hartford  Connecticut  US,351 Mitchell Knoll Apt 51,Bridgeport,Connecticut,Fairfield County,9001.0,6610,41.19928167210518,-73.23480018046564,224166.92,160027.82,64731
ae14ec24-2233-0b26-50b4-f7bbde5f31f4,1966-01-02,,999-44-2544,S99937600,X99150229X,Mr.,Gerald181,Theodore876,Beer512,,,M,white,nonhispanic,M,Torrington  Connecticut  US,1045 Walsh Grove Suite 54,Franklin,Connecticut,New London County,,0,41.624696523042545,-72.11231838336873,602697.27,464878.14,70632
4f162265-3199-d6b1-aff7-5cc5724f6723,1919-09-23,1988-04-25,999-26-5100,S99932541,X46047598X,Mr.,Bernie827,Graham902,Wintheiser220,,,M,black,nonhispanic,M,Hamden  Connecticut  US,798 Wuckert Mews,Manchester,Connecticut,Hartford County,9003.0,6040,41.78354454918967,-72.50151729457836,885211.4,2706607.3,95817
1fb34783-da5a-ba6c-76a9-385f7eeaf3c3,1926-04-29,2011-04-14,999-49-6454,S99964983,X44474547X,Mr.,Allen322,Carl856,Ward668,,,D,white,nonhispanic,M,West Haven  Connecticut  US,471 Luettgen Lock,East Haddam,Connecticut,Middlesex County,,0,41.43546592309676,-72.44001293987856,193363.58,1671507.07,79957
8fa139ac-9553-cb25-dda2-1c326f5c0604,1956-12-16,,999-36-5273,S99916600,X44260016X,Mr.,Barney639,Calvin845,Skiles927,,,M,white,nonhispanic,M,West Haven  Connecticut  US,1084 Christiansen Divide Suite 27,Putnam,Connecticut,Windham County,9015.0,6260,41.903647882893296,-71.87272463381684,144948.82,255837.49,99584
ab35d906-a726-2ce5-546e-27abe4f8ac02,1959-02-22,1999-11-30,999-26-3557,S99940441,X50803785X,Ms.,Nell215,,Medhurst46,,,S,white,nonhispanic,F,Greenwich  Connecticut  US,387 Kuhn Rapid Apt 74,East Hartford,Connecticut,Hartford County,9003.0,6108,41.72741059202124,-72.65716077228532,315870.79,908383.61,172004
76058596-ef8e-06f5-5d1e-09bc217eb58b,1959-01-22,,999-46-6008,S99983090,X08599185X,Mr.,Terence292,Will178,Kautzer186,,,D,white,nonhispanic,M,Stafford Springs  Connecticut  US,481 Howe Loaf Apt 98,East Hartford,Connecticut,Hartford County,9003.0,6108,41.7389491277794,-72.57950927241525,22813.6,1131054.96,7126
51061fbe-e946-dee2-134e-67fcdc9f26b3,1935-08-10,2011-03-03,999-30-5731,S99968601,X36652052X,Mr.,Elmo857,Weston546,Schiller186,,,M,white,nonhispanic,M,Meriden  Connecticut  US,137 O'Connell Stravenue Suite 49,Colebrook,Connecticut,Litchfield County,,0,42.04308707299162,-73.09184930015654,248287.04,231616.53,184556
2c113a08-66ce-101a-9895-49b5d42022dc,1970-11-03,,999-92-1112,S99926294,X67252549X,Mrs.,Blondell454,Emeline473,Casper496,,O'Kon634,M,white,hispanic,F,Durham  Connecticut  US,535 Schamberger Grove,New Haven,Connecticut,New Haven County,9009.0,6515,41.27611055012285,-72.87794253887513,594485.66,222811.08,59261
314e5251-ed2e-4144-9789-7654c61d22ee,1932-02-04,,999-33-8368,S99915919,X19261472X,Mr.,Lanny564,Kip442,Hodkiewicz467,,,M,white,nonhispanic,M,Fairfield  Connecticut  US,1026 Morar Green Apt 90,Woodbury,Connecticut,Litchfield County,,0,41.55104276682103,-73.20967400080293,144972.55,1238433.7,199699
2a60f789-e5b8-2b0c-53a7-03ab4e71f134,1942-03-29,,999-66-1680,S99935058,X41079084X,Mr.,Mauricio81,Bennett146,Miller503,,,M,white,nonhispanic,M,New Haven  Connecticut  US,579 Conn Wynd,West Haven,Connecticut,New Haven County,9009.0,6516,41.293577619245696,-72.94527220204215,684034.21,429719.55,81000
3b6b5282-16ae-1774-28b1-b29cc321780f,1946-02-25,,999-76-2977,S99976852,X13881759X,Mr.,Noe500,Tyron580,Ward668,,,S,white,nonhispanic,M,Middletown  Connecticut  US,1005 Borer Gateway,Naugatuck,Connecticut,New Haven County,9009.0,6770,41.49653798119939,-73.03906827094433,352980.23,185572.85,74625
abb5e30f-6df5-1ee7-520c-4bfbc58579fb,1954-08-06,,999-67-6215,S99950490,X14645968X,Mr.,Lonny638,Conrad619,Jast432,,,D,native,nonhispanic,M,Riverside  Connecticut  US,574 Ferry Boulevard,New Britain,Connecticut,Hartford County,9003.0,6053,41.67188851392217,-72.83039427996286,489915.0,747833.47,53183
64f175b5-c9e6-b69e-9ae4-a9a2c94731c9,1926-02-06,,999-91-9158,S99915540,X26370139X,Mr.,Deangelo7,Travis723,Blick895,,,M,white,nonhispanic,M,Wallingford  Connecticut  US,439 Stokes Quay,Willington,Connecticut,Tolland County,,0,41.910278972230216,-72.24551957430096,396332.57,1295149.92,101078
e9df4952-dc36-fff9-8051-2584f04642c9,1923-10-06,2001-03-26,999-62-9843,S99992556,X93201639X,Mrs.,Virginia437,Isabel214,Santacruz647,,Lebrón484,M,white,hispanic,F,Juarez  Chihuahua  MX,524 Macejkovic Crossroad,Manchester,Connecticut,Hartford County,9003.0,6040,41.73749671205619,-72.50623377264195,870570.93,660419.69,90599
cba96419-617f-5e58-28b9-aa8effe01e6c,1943-10-19,,999-14-6961,S99927222,X61976563X,Mr.,Robt687,Cornelius968,Bartoletti50,,,M,white,nonhispanic,M,Cheshire Village  Connecticut  US,322 Lynch Rue,New Britain,Connecticut,Hartford County,9003.0,6051,41.67979233592858,-72.80169088089897,47616.12,1321286.48,13508
43d42ea4-3ab8-00be-934e-5c5213f5dfd6,1918-05-02,2010-11-18,999-69-4898,S99972909,X17851393X,Mr.,Wally311,Rickie717,Goyette777,,,M,white,hispanic,M,Ridgefield  Connecticut  US,947 Sauer Club,Hartford,Connecticut,Hartford County,9003.0,6117,41.81051413588878,-72.69247590462435,20438.29,482594.98,15754
c13cd7df-1fe9-a915-e344-2d6c6a2e6eb8,1929-10-02,,999-72-3961,S99916775,X92598255X,Mr.,Hal307,,Abernathy524,,,M,white,nonhispanic,M,New Haven  Connecticut  US,440 Bashirian Underpass,Torrington,Connecticut,Litchfield County,9005.0,6790,41.79732837681936,-73.12983335733082,317094.21,1290625.11,54107
48477c7c-7123-86cc-548e-1440f48f0a4f,1951-01-05,,999-64-6925,S99976101,X15162488X,Ms.,Joyce806,Cherlyn665,Volkman526,,,S,white,nonhispanic,F,Enfield  Connecticut  US,1040 Stiedemann Parade,Woodstock,Connecticut,Windham County,,0,41.920095062308754,-72.00204077934441,1091171.94,243982.04,86377
4868dcc8-35f8-ae91-6162-2c4159311b31,1963-04-24,,999-98-3537,S99928286,X01339365X,Mr.,Tim88,Lindsey52,Rippin620,,,M,hawaiian,nonhispanic,M,Deep River Center  Connecticut  US,413 Ryan Port Unit 65,West Hartford,Connecticut,Hartford County,9003.0,6119,41.726636509004805,-72.72392929511034,238278.5,78984.37,921822
fa59bd26-aeab-5715-1218-2642ef735a0d,1953-09-02,,999-36-6241,S99966240,X16652654X,Mr.,William805,,Herzog843,,,D,asian,nonhispanic,M,Redding  Connecticut  US,334 Jacobson Alley,Glastonbury,Connecticut,Hartford County,,0,41.67576514583502,-72.52004008658825,268282.46,238618.84,152635
fe93d3ee-956c-0c01-58b7-4daeaf7ca3a7,1959-05-24,,999-55-1588,S99982388,X03872130X,Mr.,Theron432,Darryl392,Bergstrom287,,,M,white,hispanic,M,Greenwich  Connecticut  US,482 Reichel Trail Apt 24,East Hartford,Connecticut,Hartford County,9003.0,6108,41.78762908312805,-72.59607601442202,153368.47,130368.56,28396
cf69e31a-c489-72da-e107-ee3a107ab030,1939-03-02,,999-59-9803,S99965940,X32107524X,Mr.,Sanford861,,Hansen121,,,S,white,nonhispanic,M,New Haven  Connecticut  US,1058 Reichert Arcade,Westport,Connecticut,Fairfield County,9001.0,6880,41.145026270214515,-73.36668360219252,164755.92,1837224.37,151521
34b162b8-c953-ee66-2f7b-ec80538c7664,1918-05-02,1996-09-15,999-92-2538,S99933952,X09951314X,Mr.,Laurence43,Eugene421,Bailey598,,,M,white,hispanic,M,New Haven  Connecticut  US,812 Conroy Fork Unit 21,Hartford,Connecticut,Hartford County,9003.0,6112,41.77453349122667,-72.76130770945517,47063.33,2099948.31,15754
b5015995-9cea-007c-b1b3-8a64fe43d3da,1958-05-14,,999-30-1875,S99926234,X80327960X,Mrs.,Bong390,Jammie261,Stehr398,,Jaskolski867,M,white,hispanic,F,Rocky Hill  Connecticut  US,635 Streich Trafficway Unit 29,Norwich,Connecticut,New London County,9011.0,6389,41.505559109200114,-72.16243349009505,1160729.62,299166.12,80771
1d152105-84ff-3144-68ff-7a699874ef78,1966-12-21,,999-91-9240,S99929006,X22881789X,Mr.,Brady998,,Wisoky380,,,D,white,nonhispanic,M,Suffield  Connecticut  US,668 Quigley Avenue,Norwalk,Connecticut,Fairfield County,9001.0,6855,41.08801136856393,-73.44337315188726,182260.39,74476.06,195815
d6ad24bf-87eb-b3ff-5721-0f7fc01b31c0,1938-09-30,1999-09-07,999-38-3810,S99917526,X43708934X,Mr.,Tory770,Olin642,Conn188,,,D,white,nonhispanic,M,Bridgeport  Connecticut  US,814 O'Kon Dale,East Granby,Connecticut,Hartford County,,0,41.91056698964889,-72.77999232707849,510482.63,91143.53,40428
ff5470b3-b6f9-bf19-1d02-9e97e337c007,1947-07-30,,999-53-3816,S99989625,X45602034X,Ms.,Magdalena964,Guillermina633,Montes106,,,S,white,hispanic,F,Roseau  Saint George  DM,619 Russel Mission,Beacon Falls,Connecticut,New Haven County,,0,41.45623627713396,-73.01816987366104,401486.49,965674.42,132373
1074fead-390c-2c7c-d481-021580467bcf,1956-12-08,2019-05-12,999-88-2063,S99984612,X38195327X,Mr.,Steve819,Rupert654,Jacobi462,,,M,white,nonhispanic,M,East Haven  Connecticut  US,1029 Powlowski Run Unit 77,Norwalk,Connecticut,Fairfield County,9001.0,6854,41.13332735206179,-73.4376585962625,176444.88,49144.53,136909
cf259164-572e-5810-1a48-a6c7edda2646,1937-09-15,2014-11-01,999-27-1632,S99996521,X46720755X,Mr.,Basil991,Felipe97,Ward668,,,M,white,hispanic,M,Fairfield  Connecticut  US,503 Gusikowski Wynd,Hartford,Connecticut,Hartford County,9003.0,6117,41.8249615797671,-72.63579966464137,15780.46,461020.65,15754
eb200468-43fc-0469-e295-d93be8faa2a1,1942-12-25,2006-11-20,999-72-3564,S99931729,X22860766X,Mrs.,Alvera113,Collette420,Hessel84,,Ferry570,W,white,nonhispanic,F,Watertown  Connecticut  US,943 Herman Esplanade,Orange,Connecticut,New Haven County,9009.0,6477,41.25312409297935,-73.02682035804132,48436.37,1830005.41,93202
1d214b1f-4b2d-d7f5-6594-87b2e44f4568,1972-09-04,,999-47-3265,S99948390,X00802553X,Mr.,Quinn173,Grant908,Koelpin146,,,S,white,nonhispanic,M,Tariffville  Connecticut  US,229 Rutherford Fort Unit 23,Mansfield,Connecticut,Tolland County,,0,41.80158182145547,-72.18305846087095,101190.99,137163.65,50333
a6e24b71-db5c-a44f-bef2-020df661bdcb,1955-03-17,,999-69-9802,S99988251,X05839678X,Mr.,Teodoro374,Tomás404,Casárez469,,,M,hawaiian,hispanic,M,Caguas  Puerto Rico  PR,311 Sanford Junction Suite 61,West Hartford,Connecticut,Hartford County,9003.0,6105,41.80620127643899,-72.71886085525593,276414.62,293112.85,82708
125609cc-7ecd-2525-bdd8-30f0f87d16c3,1937-09-15,1998-02-27,999-33-7355,S99955664,X57714571X,Mr.,Joaquin141,Jefferey580,Schiller186,,,M,white,hispanic,M,East Hartford  Connecticut  US,534 Pacocha Frontage road Suite 30,Hartford,Connecticut,Hartford County,9003.0,6103,41.78401977533824,-72.6670338163976,10485.05,191701.33,15754
2fcbda29-6cdc-8f66-b502-9d2a8f6a5ce7,1969-07-03,,999-40-6956,S99936885,X32352211X,Mr.,Sid118,,Kling921,,,M,white,nonhispanic,M,Greenwich  Connecticut  US,848 Rice Dale Suite 55,Berlin,Connecticut,Hartford County,,0,41.560166423231465,-72.77282380514353,179451.02,147837.45,176114
62d80a7a-5cf5-14ea-2349-fb2b8ceb1b6f,1945-03-25,2018-02-16,999-21-8891,S99989572,X07208174X,Mr.,Ashley34,Erin498,McLaughlin530,,,S,white,nonhispanic,M,Wallingford  Connecticut  US,1026 Douglas Glen,East Hampton,Connecticut,Middlesex County,9007.0,6424,41.57793631598477,-72.51403765133529,234747.57,71599.49,59782
fce290a9-c8e2-273e-6ae5-2a064ec431f1,1955-01-19,,999-93-1466,S99939733,X96710970X,Mr.,Morris740,Rory188,Schoen8,,,M,white,nonhispanic,M,Colchester  Connecticut  US,1002 Tromp Bridge,Riverside,Connecticut,Fairfield County,9001.0,6878,41.0434808915883,-73.62311866756654,81169.21,779052.2,361674
73c291b1-d5bc-0938-58c7-a8055452696d,1945-07-24,,999-22-7598,S99927377,X99035513X,Mr.,Rob341,,Zieme486,,,D,white,nonhispanic,M,Southington  Connecticut  US,413 Hoppe Station Apt 51,Branford Center,Connecticut,New Haven County,,0,41.22846043976131,-72.83007825532464,95161.09,287140.27,703491
cb662f2d-aecb-4ebe-f4a9-3b5867dc50cd,1962-07-24,,999-32-9507,S99944341,X80678452X,Mr.,Andy346,Donnell534,Bashirian201,,,S,asian,nonhispanic,M,Nagoya   Aichi  JP,154 Goyette Drive Suite 56,Newington,Connecticut,Hartford County,9003.0,6111,41.710072792067265,-72.72323296839795,114902.69,115493.45,31142
43bf8ece-6c8e-76ec-4a44-4f27e7849861,1948-02-16,,999-99-2512,S99952785,X54617331X,Mr.,Wilfred787,Kennith515,Frami345,,,M,white,nonhispanic,M,Shelton  Connecticut  US,665 Williamson Row,Old Lyme,Connecticut,New London County,,0,41.36229999111351,-72.29092807299679,528429.16,596931.9,67438
ada04776-47db-4282-4fea-b2c3f7516fd3,1945-05-01,,999-68-2875,S99931077,X57525977X,Mr.,Rudy520,Charles364,Friesen796,,,D,asian,nonhispanic,M,Stamford  Connecticut  US,196 Armstrong Key,Lakeville,Connecticut,Litchfield County,9005.0,6039,41.98375640525765,-73.42150574462637,216020.26,381755.88,67729
a49e84d0-16e4-a941-5d1d-08901234856d,1955-04-08,2021-08-13,999-80-3860,S99939509,X68735168X,Mrs.,Mónica985,Claudia969,Amaya149,,Melgar516,M,white,hispanic,F,San Salvador  El Salvador  SV,686 Waelchi Street Apt 43,Danbury,Connecticut,Fairfield County,9001.0,6810,41.41770788999013,-73.5102732702455,883375.11,580141.24,77203
5edad9b6-8f12-3055-913d-687de37c65f7,1976-02-05,,999-89-9119,S99993037,X41422208X,Mr.,Carol737,,Kutch271,,,M,white,nonhispanic,M,Watertown  Connecticut  US,378 Walsh Spur Unit 30,Southington,Connecticut,Hartford County,,0,41.6111064870336,-72.89858699289027,287720.79,128617.24,368205
85e9fd1e-1046-f163-451a-f54fb3d4663c,1945-05-30,,999-29-3785,S99952596,X45991311X,Mrs.,Lilly908,Rozanne215,Anderson154,,Anderson154,M,white,nonhispanic,F,Ellington  Connecticut  US,951 Abshire Frontage road,Cromwell,Connecticut,Middlesex County,,0,41.57237395743814,-72.6241087112111,34289.01,2183834.1,20379
d54b58a5-04fe-0220-7ae6-2c22f6c769d7,1947-05-04,,999-69-9428,S99979543,X15520345X,Mrs.,Ferne426,Delisa884,Quigley282,,Mitchell808,M,white,nonhispanic,F,Suffield  Connecticut  US,109 Bins Burg,Haddam,Connecticut,Middlesex County,,0,41.520517725136656,-72.50690588573623,1410013.16,1251387.61,84807
541b9084-4db8-c017-1176-5354c47c36f1,1928-06-12,2013-12-06,999-69-5846,S99989501,X05670499X,Mr.,Heriberto162,Zane918,Hudson301,,,S,white,nonhispanic,M,Guilford  Connecticut  US,724 Considine Lane,Middletown,Connecticut,Middlesex County,9007.0,6457,41.5894516642485,-72.66690523759287,194252.54,5149624.24,117659
5a406b2a-9806-53a1-cbcb-681c51e73525,1960-05-23,,999-59-1851,S99968118,X40068067X,Mr.,Dorian295,Laurence43,Rempel203,,,M,asian,hispanic,M,Weston  Connecticut  US,1066 Prosacco Park Suite 48,Enfield,Connecticut,Hartford County,,0,42.02759107092745,-72.51063516193311,185252.86,207997.66,125722
14513e5f-8577-a3ad-3f16-797270c27d47,1920-01-14,2004-12-02,999-75-3155,S99918842,X61026726X,Ms.,Lorean637,Lesley194,Rutherford999,,,S,black,nonhispanic,F,Stamford  Connecticut  US,829 Friesen Plaza,Stafford,Connecticut,Tolland County,,0,42.007992192496445,-72.32035832816756,26464.05,944215.47,19996
c2723a04-82ac-c2a9-46b6-1b8dcb893ae9,1942-12-02,2026-04-04,999-85-8504,S99971033,X35039805X,Mrs.,Veronika907,Alisha974,Jaskolski867,,Corkery305,M,white,nonhispanic,F,Wallingford  Connecticut  US,1083 Reichel Passage,Waterford,Connecticut,New London County,9011.0,6385,41.40614697152281,-72.17595819829586,20234.01,1221287.28,17604
73d3b8af-be4b-db48-9991-5b5c357563ab,1936-07-21,1978-10-20,999-43-4093,S99931416,X35583030X,Mr.,Max124,Elbert916,Sipes176,,,M,white,nonhispanic,M,Bristol  Connecticut  US,421 Fay Trail,Madison Center,Connecticut,New Haven County,,0,41.27658888257768,-72.61735246106095,9056.88,182146.34,13378
8121110a-50b1-9526-903f-ac0ce6d357da,1940-12-07,,999-25-9255,S99939329,X32579091X,Ms.,Sharlene906,Margot418,Cummerata161,,,S,white,nonhispanic,F,Bozrah  Connecticut  US,270 O'Conner Skyway,New Britain,Connecticut,Hartford County,9003.0,6051,41.64855216899115,-72.80611645968628,255405.7,2317915.05,30804
77328471-64c8-1668-8038-fb709306c710,1954-06-18,,999-22-4944,S99917202,X60167789X,Mr.,Clemente531,Bradley693,Dickinson688,,,W,asian,nonhispanic,M,Cantho  Cần Thơ  VN,246 Fadel Dam,East Lyme,Connecticut,New London County,,0,41.3617936222503,-72.18172167176216,265707.17,228893.24,461135
dc075304-d792-7e1e-e462-fd8b75d7b823,1936-07-21,2013-06-01,999-48-6650,S99961799,X33215896X,Mr.,Teddy976,Nicholas495,Bode78,,,M,white,nonhispanic,M,Cromwell  Connecticut  US,867 Crist Estate,Madison Center,Connecticut,New Haven County,,0,41.2752312147719,-72.56008473085785,73447.96,1183602.01,13378
53d6991f-ae0e-73f4-93fc-e4d9fb1d7045,1948-02-13,,999-92-8332,S99968106,X09075599X,Mr.,Chang901,Ian270,Hayes766,,,M,white,nonhispanic,M,Berlin  Connecticut  US,993 Graham Viaduct,Mansfield,Connecticut,Tolland County,,0,41.832125663504506,-72.20362558377923,13538.97,372970.58,23299
3922c4d1-7a5a-304a-55fc-cc509cf2ff69,1942-07-13,2009-07-21,999-27-2465,S99949109,X86151734X,Mrs.,Gerda633,Lorie307,Ryan260,,Bauch723,D,black,nonhispanic,F,Trumbull  Connecticut  US,629 Hansen Ramp,New London,Connecticut,New London County,9011.0,6320,41.3726752401546,-72.10576656529983,612950.02,551758.8,43568
9e2324cc-23bd-81e8-5847-11a247cae7ab,1950-07-21,,999-50-4302,S99998721,X55953600X,Ms.,Suzette512,Terisa250,Murazik203,,,S,white,nonhispanic,F,Waterbury  Connecticut  US,779 Langworth Overpass Apt 55,New Haven,Connecticut,New Haven County,9009.0,6517,41.24279490267736,-72.83654519339589,364385.59,1108283.19,131472
c06fb7ba-9c75-bf15-05c8-e34ec0c5b42e,1951-12-10,,999-14-6549,S99999743,X66185972X,Mrs.,Loura465,Elfriede680,Sauer652,,Flatley871,M,white,nonhispanic,F,Fairfield  Connecticut  US,764 O'Kon Skyway Unit 49,Windsor Locks,Connecticut,Hartford County,9003.0,6096,41.940063990677146,-72.65593864888649,191250.14,1247990.29,26266
c6334297-43ed-6fef-1976-0a3ede135b57,1949-03-09,,999-44-6999,S99980253,X92865799X,Mrs.,Kyla51,Angla303,Thiel172,,Hoeger474,M,black,nonhispanic,F,Norwich  Connecticut  US,252 Will Gardens,Norwalk,Connecticut,Fairfield County,9001.0,6850,41.073173460671555,-73.38584841959896,1452228.35,585424.11,70438
8a01f0bf-fc6b-c363-a40d-d68a34b11eec,1975-12-09,,999-74-9786,S99986023,X22467503X,Mr.,Alton320,Benedict104,Kihn564,,,M,white,nonhispanic,M,Torrington  Connecticut  US,155 Hudson Ranch Apt 2,Windsor,Connecticut,Hartford County,,0,41.872070391928176,-72.63954545449813,534810.1,408545.92,113000
26d0cfa5-f0df-7dba-fd37-da2513676f6a,1960-11-20,,999-92-6465,S99957823,X12115870X,Mrs.,Kali995,,Jacobs452,,Grady603,M,asian,hispanic,F,Danbury  Connecticut  US,1002 Denesik Bay,Hamden,Connecticut,New Haven County,,0,41.38718714976611,-72.92839841822963,275698.46,692618.52,185214
71545bd8-3c0e-949b-f0ff-a9dbf136ea72,1951-09-24,,999-79-7385,S99976385,X00367673X,Mrs.,Evia329,Eileen854,Wolf938,,Feil794,M,black,nonhispanic,F,Stamford  Connecticut  US,1090 Wehner Lock,Suffield,Connecticut,Hartford County,9003.0,6078,42.040373567490455,-72.66069274740346,618681.46,715694.13,44947
8b329ed2-c7cb-dfdc-90cd-73ce867a8ffc,1937-05-11,1987-10-04,999-14-1398,S99917394,X97046517X,Mr.,Stan246,Warren653,Hodkiewicz467,,,M,black,nonhispanic,M,Waterbury  Connecticut  US,920 Sipes Way,Orange,Connecticut,New Haven County,9009.0,6477,41.25281094623544,-73.02217622803572,106924.11,175635.69,615236
42f236bf-31cf-c1e0-5938-d48d10275e97,1943-08-21,,999-27-7045,S99994578,X34438583X,Mr.,Everette494,Napoleon578,Roob72,,,M,white,nonhispanic,M,Plymouth  Connecticut  US,428 Harris Trace,Bridgeport,Connecticut,Fairfield County,9001.0,6607,41.23897476440192,-73.19891520020259,166637.23,592467.46,34272
a4bef6ec-014f-ce8b-ac65-f7101c132ba8,1957-06-19,2025-04-08,999-28-4851,S99987746,X24434294X,Mr.,Lindsay928,,Hintz995,,,M,white,nonhispanic,M,Ridgefield  Connecticut  US,876 Kerluke Boulevard,Hamden,Connecticut,New Haven County,,0,41.38539849702196,-72.96233862381779,278682.41,2009793.73,863719
4257e192-4750-77e7-aa23-9a4f3aeb336a,1931-07-18,2014-12-30,999-81-1449,S99971224,X72350158X,Mr.,Derrick232,Chuck784,Kemmer137,,,S,white,nonhispanic,M,Plymouth  Connecticut  US,604 Hintz Vale,Berlin,Connecticut,Hartford County,,0,41.5765294089623,-72.81953394134383,403522.93,316241.96,101071
8801ef57-aa12-05ef-c885-64fa51653bf5,1967-08-10,,999-42-7229,S99977866,X26007031X,Mr.,Rodolfo763,Edwin773,Waters156,,,M,black,nonhispanic,M,Guilford  Connecticut  US,1064 Block Neck,Montville,Connecticut,New London County,,0,41.50185910290016,-72.15477903551265,110035.71,742221.68,93577
261ddbca-14a3-f66e-69a3-1ebc5595a8af,1932-06-07,,999-97-3438,S99978292,X62802351X,Mrs.,Lina528,Bernadette714,Casper496,,Heller342,D,black,nonhispanic,F,Newington  Connecticut  US,727 Klein Bridge,Manchester,Connecticut,Hartford County,9003.0,6040,41.8078115060999,-72.4809192817704,2099791.53,1161951.81,85927
a131552e-5697-2806-4688-919bad79d0b4,1922-06-16,1996-10-09,999-61-7615,S99974968,X54893997X,Mrs.,Rachelle804,Tarra676,Hickle134,,Stamm704,M,white,nonhispanic,F,Simsbury  Connecticut  US,685 Fahey Heights,West Hartford,Connecticut,Hartford County,9003.0,6107,41.71952722799268,-72.71802688999354,832423.11,4307914.19,85563
a60984a2-06bf-e6f8-3657-790bfac81ad6,1918-10-12,2007-03-02,999-50-1489,S99984369,X61157223X,Mr.,Gus973,Chance908,Stokes453,,,D,white,nonhispanic,M,Madison  Connecticut  US,1058 Bradtke Extension Apt 40,Killingworth,Connecticut,Middlesex County,,0,41.37967289909959,-72.57956312104818,319389.6,2641637.68,395150
4af17554-0b9b-0844-522e-646fd73be850,1971-06-22,,999-41-4892,S99924029,X92590318X,Mr.,Morton637,Alan320,Morissette863,,,M,black,hispanic,M,Kent  Connecticut  US,340 Kuhic Run,Stamford,Connecticut,Fairfield County,9001.0,6831,41.065924589958406,-73.52112965851613,548035.56,365452.66,55174
e4631bd2-7e11-92a2-9064-cf3a6a061e96,1945-04-15,,999-76-8847,S99992907,X82341089X,Mr.,Ignacio928,Hiram237,Steuber698,,,S,black,nonhispanic,M,Newington  Connecticut  US,976 Goldner Fork Apt 18,Waterbury,Connecticut,New Haven County,9009.0,6704,41.52175665814385,-73.02446125826793,463075.39,119265.35,96010
38fabcb4-2009-7b74-6d17-47a7bacfb8f2,1922-06-16,2017-11-24,999-19-3081,S99948047,X31833038X,Mrs.,Sharleen176,Sunday568,Braun514,,Ledner144,D,white,nonhispanic,F,Farmington  Connecticut  US,801 Renner Orchard,West Hartford,Connecticut,Hartford County,9003.0,6117,41.74851986625623,-72.7277625261168,90242.32,1224935.8,85563
3942d330-a5a5-71b7-f0d1-4a839a60d60a,1960-11-01,,999-28-4698,S99944891,X31452152X,Mrs.,Tomi599,Dale454,Hane680,,Torphy630,D,white,nonhispanic,F,New Haven  Connecticut  US,1055 Durgan Gateway Apt 67,Mansfield,Connecticut,Tolland County,,0,41.777732492070136,-72.21850423419585,977027.17,329970.62,95109
b1656ed4-98b0-4a15-a5f5-dd5b8f294801,1967-09-21,,999-48-4064,S99971403,X92427285X,Mr.,Clay913,Howard613,Gerhold939,,,D,white,nonhispanic,M,Greenwich  Connecticut  US,639 Walter Trace,Danbury,Connecticut,Fairfield County,9001.0,6810,41.458875376141016,-73.43874621795587,150344.25,80354.18,133320
83466737-5490-cbcf-35fb-95e7bbde5c2b,1947-12-12,,999-11-6055,S99968075,X44423091X,Mrs.,Ashlyn643,Mardell937,Bogan287,,Prohaska837,M,white,nonhispanic,F,Bristol  Connecticut  US,620 Torphy Knoll Suite 79,East Hartford,Connecticut,Hartford County,9003.0,6108,41.76866707659874,-72.50156169275287,587726.61,1831614.87,27067
08dbd618-acbd-d778-61f4-8ff5779fb7e6,1967-10-03,,999-84-1461,S99975281,X12753756X,Mrs.,Jesica465,Shawanda667,McLaughlin530,,Heller342,M,black,nonhispanic,F,Bloomfield  Connecticut  US,396 Jast Lock,Middlebury,Connecticut,New Haven County,,0,41.53622051698449,-73.10496751475793,217492.9,484475.44,31689
72f02248-37bb-31fd-da6f-df56616f3a58,1918-10-12,,999-47-7158,S99968158,X68963323X,Mr.,Quinton758,Mervin111,Hilpert278,,,M,white,nonhispanic,M,Norwalk  Connecticut  US,221 Hermiston Gateway Apt 38,Killingworth,Connecticut,Middlesex County,,0,41.40385438344106,-72.62488134802484,127662.21,488398.49,395150
9ccb9b34-2419-c1ef-2bb6-385670c4d758,1961-12-09,2023-03-01,999-75-5924,S99942584,X86571712X,Mr.,Renato359,Jimmie93,Labadie908,,,M,black,hispanic,M,Granby  Connecticut  US,739 O'Reilly Trail Apt 21,Hamden,Connecticut,New Haven County,,0,41.42170746687587,-72.93735413480009,193732.28,72265.23,95597
14497433-6360-4643-d5dd-eb96e1212e02,1948-01-16,,999-14-6551,S99990550,X28050114X,Mrs.,Tamera164,Bong390,Auer97,,Ortiz186,M,white,nonhispanic,F,Madison  Connecticut  US,293 O'Connell Trailer,Windsor,Connecticut,Hartford County,,0,41.84618652961099,-72.70404716771186,274631.01,1975905.67,33226
6431f118-7f53-3d21-4639-dfe27727fa69,1945-08-28,,999-84-7181,S99996730,X63913530X,Mr.,Antone63,Stanley702,Wuckert783,,,W,white,nonhispanic,M,Wallingford Center  Connecticut  US,999 Ullrich Burg Unit 97,North Stonington,Connecticut,New London County,,0,41.46117306119142,-71.89723589203365,138279.44,1417043.23,30370
76ca521b-2ae8-8e72-5196-d23784a1621b,1966-10-07,,999-21-1909,S99978890,X17758276X,Mr.,Casey401,,Corwin846,,,M,white,hispanic,M,Coventry  Connecticut  US,669 Turner Road,Wallingford,Connecticut,New Haven County,,0,41.43813651706884,-72.79917685567155,165849.18,123458.0,801597
ff48d8b9-b109-f4c3-3316-5784620539f8,1956-06-02,,999-83-9963,S99979111,X10054709X,Mr.,Avery919,Laverne101,Purdy2,,,M,white,nonhispanic,M,Haddam  Connecticut  US,595 Bednar Approach Suite 69,West Hartford,Connecticut,Hartford County,9003.0,6117,41.78174915576993,-72.76180021027204,256121.16,248078.67,35917
5bc8e35d-ae56-e419-6657-4ffa603e28db,1954-05-10,,999-42-7472,S99996476,X61069088X,Mr.,Julian715,Stevie682,Baumbach677,,,D,white,nonhispanic,M,New Britain  Connecticut  US,812 Powlowski Grove Suite 56,Trumbull,Connecticut,Fairfield County,9001.0,6611,41.24989916489646,-73.2569958669557,287940.65,333970.7,103578
41bf6c1a-d41f-d0a8-915f-74a6f5e15208,1961-07-25,,999-27-1724,S99973948,X68939903X,Mr.,Moshe758,,Torp761,,,S,native,nonhispanic,M,Salisbury  Connecticut  US,1035 Hoppe Vista Apt 58,Saybrook Manor,Connecticut,Middlesex County,,0,41.29527689891744,-72.35776826856342,315487.88,191332.28,37562
de816038-20fe-77be-01ab-828cbaa65014,1952-10-29,,999-36-1392,S99962063,X50611691X,Mr.,Angelo118,Clark193,Quigley282,,,S,white,nonhispanic,M,West Hartford  Connecticut  US,693 Schmidt Heights Suite 50,Waterbury,Connecticut,New Haven County,9009.0,6716,41.512238687379224,-72.99962707122668,330723.1,216935.1,45967
bb92c854-7f98-e859-f017-14d6efcc3803,1967-03-02,,999-37-3549,S99917352,X07701458X,Mr.,Erasmo545,Thanh759,Veum823,,,W,white,nonhispanic,M,New Canaan  Connecticut  US,159 Langworth Gateway,Windham,Connecticut,Windham County,,0,41.70460765405906,-72.1937007184971,111309.23,142879.53,28444
e5b93d2e-6ecb-2aad-78ce-4484cbcb61dd,1969-07-02,,999-22-6733,S99990423,X15656810X,Mr.,Theodore876,Mervin111,Wehner319,,,D,white,nonhispanic,M,Manchester  Connecticut  US,622 Bernier Rue,Derby,Connecticut,New Haven County,9009.0,6418,41.29590300256768,-73.05145162651738,132881.53,23363.33,141814
e280b1f6-ad7a-0c19-a824-dec3314ff1a3,1933-01-24,2016-10-20,999-57-6976,S99980864,X81984029X,Mr.,Kraig824,Ali918,Rempel203,,,S,white,nonhispanic,M,Glastonbury  Connecticut  US,796 Kshlerin Plaza,Naugatuck,Connecticut,New Haven County,9009.0,6770,41.502037730584966,-73.07125571884016,221163.96,341240.73,132829
54c88d22-1549-cc97-e780-6bb676c3ce1b,1933-01-24,2011-06-13,999-34-9495,S99970382,X31766549X,Mr.,Donnell534,Nicolas769,Kulas532,,,D,white,nonhispanic,M,Moosup  Connecticut  US,799 Goodwin Heights,Naugatuck,Connecticut,New Haven County,9009.0,6770,41.51521340991987,-73.06772199924282,233111.77,352289.36,132829
99a4ba14-dd67-e148-69a0-cf3a6c77d565,1948-10-25,,999-68-8132,S99968169,X24032623X,Mr.,Ashley34,Ted955,Rodriguez71,,,D,white,nonhispanic,M,Marlborough  Connecticut  US,777 Stroman Wall,Windsor,Connecticut,Hartford County,,0,41.825839976328176,-72.64027249874688,151907.29,302670.2,33092
4b82d2c5-75da-9486-007f-30d00e0d1815,1954-05-03,,999-45-3439,S99975594,X48634804X,Ms.,Inés791,Yolanda648,Garza151,,,S,white,hispanic,F,Buenos Aires  Ciudad de Buenos Aires  AR,842 Hackett Grove Unit 68,Riverside,Connecticut,Fairfield County,9001.0,6878,41.06092776642076,-73.6179398236332,1070899.95,194046.34,106620
f41f0a28-b4f2-0a90-fbb8-5d59c78129b3,1942-02-19,,999-81-4962,S99920017,X88481520X,Mrs.,Margery365,Zena758,Okuneva707,,Waelchi213,M,white,hispanic,F,Beacon Falls  Connecticut  US,104 Gulgowski Gateway Apt 89,Stamford,Connecticut,Fairfield County,9001.0,6901,41.06966882791447,-73.53477951040487,825829.64,1293526.81,507
3afdb8a2-0172-130e-d9c4-7aac7669d458,1920-02-09,2004-09-03,999-61-4424,S99985727,X52528661X,Mrs.,Maryann106,Maryjo280,Strosin214,,Armstrong51,D,black,nonhispanic,F,New Haven  Connecticut  US,956 Carroll Wynd,Deep River,Connecticut,Middlesex County,,0,41.358587798196545,-72.50684920783465,1438031.62,1626735.86,65110
c5ac3ce6-80c6-9ce1-b3f1-1c7576408236,1946-02-20,2016-03-14,999-34-4892,S99989387,X94734150X,Mr.,Collin529,Mauro926,Price929,,,D,white,nonhispanic,M,Weston  Connecticut  US,1020 Goldner Way,Plainfield,Connecticut,Windham County,9015.0,6374,41.73050010607389,-71.91026238146567,167717.29,2183129.92,32420
2ad84c9a-114d-2a13-89b1-566413020991,1974-05-14,,999-28-9244,S99959418,X60987096X,Mrs.,Shirley182,Goldie436,Gutmann970,,Paucek755,D,black,nonhispanic,F,Wallingford  Connecticut  US,312 Koch Rapid Unit 57,Stamford,Connecticut,Fairfield County,9001.0,6905,41.03498523311281,-73.54380950144545,18234.58,1615313.02,12563
fca60196-f196-7ff9-1dac-19cef7293582,1943-07-23,2014-08-21,999-58-5056,S99977271,X95237624X,Mr.,Edward499,Keith571,Weimann465,,,M,black,nonhispanic,M,East Hartford  Connecticut  US,394 Klein Skyway Suite 17,Danbury,Connecticut,Fairfield County,9001.0,6804,41.41339604204848,-73.41358969247202,90641.01,455460.81,115565
5c52ad7c-d444-a2f8-9e60-01f3dd3ee469,1974-06-29,,999-64-3097,S99994986,X23815822X,Mr.,Gene733,Rocco842,Waters156,,,S,white,nonhispanic,M,Meriden  Connecticut  US,872 Douglas Alley Suite 43,Bristol,Connecticut,Hartford County,9003.0,6062,41.689557559630714,-72.8290090685054,363959.29,8735.38,68345
395d5cad-67e1-9100-b254-a2217ff3de57,1943-07-23,,999-97-2759,S99910502,X41041560X,Mr.,Gail741,Otis335,Zemlak964,,,M,black,nonhispanic,M,Middletown  Connecticut  US,856 Smith Dam,Danbury,Connecticut,Fairfield County,9001.0,6804,41.44035807488657,-73.4459094622141,253295.95,175726.12,115565
2bef3759-5739-93b2-bb93-634410e1ec4b,1970-08-03,,999-77-3584,S99923415,X35505273X,Mr.,Dan465,Rayford811,Eichmann909,,,M,white,nonhispanic,M,Ellington  Connecticut  US,1021 McClure Ferry,Plymouth,Connecticut,Litchfield County,,0,41.7050518201001,-73.05432893743847,208223.3,0.0,107374
ec484c96-795c-0078-c999-66ba18254a47,1916-09-09,2013-12-23,999-79-3720,S99976331,X25312927X,Mrs.,Marianna323,An125,Goldner995,,Schaefer657,D,other,nonhispanic,F,Middletown  Connecticut  US,472 Keebler Corner Suite 2,Simsbury,Connecticut,Hartford County,,0,41.90580711650493,-72.80964663994624,501437.66,3386224.36,698785
5a28e416-60fd-04c6-e238-be19d7b870e2,1953-08-01,,999-74-2142,S99944104,X09856195X,Mr.,Edmund685,Carey440,Jacobi462,,,M,white,nonhispanic,M,St Petersburg  St Petersburg  RU,293 Zemlak Esplanade Apt 12,Suffield Depot,Connecticut,Hartford County,,0,42.033122111188874,-72.64201688624331,366776.99,681066.43,79803
5a8daf7f-04c2-932a-6697-511b86ae3b98,1920-02-09,,999-98-6967,S99952195,X97383386X,Mrs.,Laurine214,,Conroy74,,Schamberger479,D,black,nonhispanic,F,Canton  Connecticut  US,777 Roob Tunnel Suite 92,Deep River,Connecticut,Middlesex County,,0,41.31855915174517,-72.48552505808512,683577.91,1058762.78,65110
64a58c27-9b68-e7ec-46cf-3ea818aaa597,1929-04-10,2009-04-29,999-78-8427,S99984581,X05716909X,Mr.,Jefferey580,,Adams676,,,M,white,nonhispanic,M,Colebrook  Connecticut  US,880 Daugherty Wynd,Sherman,Connecticut,Fairfield County,,0,41.6039840069825,-73.51353145852349,148518.81,508415.31,160308
2ef7a7c5-6718-b02f-de6d-db38aa52f62c,1941-11-29,2020-09-04,999-79-9995,S99936854,X17015380X,Mr.,Nigel915,,Effertz744,,,M,white,nonhispanic,M,Bristol  Connecticut  US,977 Botsford Landing Unit 3,Enfield,Connecticut,Hartford County,,0,42.0307274638316,-72.58294890134484,280345.07,2137485.69,37500
a0b7765b-ef30-c54a-531d-db424ff62a1d,1944-02-03,,999-36-2859,S99961562,X43933499X,Mr.,Claudio955,Timoteo39,Alfaro627,,,D,white,hispanic,M,Guatemala City  Guatemala  GT,112 Feest Bypass,Enfield,Connecticut,Hartford County,,0,41.97199702033349,-72.5796314655275,693091.04,456346.0,55699
9367760e-630e-7ee8-959e-85bd00517346,1949-12-01,,999-66-1535,S99943694,X20258579X,Mrs.,Donetta1,,Jacobs452,,D'Amore443,M,black,nonhispanic,F,Bristol  Connecticut  US,356 VonRueden Gate,Rocky Hill,Connecticut,Hartford County,,0,41.69013959918418,-72.70420966913309,225055.42,1312421.71,199781
0a350f22-cad3-8ffa-c313-7f32dfba10d8,1947-04-26,,999-41-5785,S99977140,X26065208X,Mrs.,Dorian295,Betsy439,McGlynn426,,Schaden604,D,white,nonhispanic,F,Clinton  Connecticut  US,239 Dickens Grove,Plainville,Connecticut,Hartford County,,0,41.653573623928,-72.83279954516001,1595543.39,1637669.53,88678
ef5515a6-ce41-a285-b1d3-0084a8ec55c9,1941-11-29,2025-07-29,999-77-5001,S99952485,X33844836X,Mr.,Guy979,Norman647,Kautzer186,,,M,white,nonhispanic,M,Bristol  Connecticut  US,881 Pacocha Landing Unit 56,Enfield,Connecticut,Hartford County,,0,41.94408488645313,-72.56160982201993,612732.31,538515.74,37500
bf3c2d2c-b74f-f34e-3623-909934318aee,1973-02-14,2024-09-14,999-58-8318,S99946153,X86382526X,Mr.,Floyd420,Ahmad985,Johnson679,,,M,white,nonhispanic,M,Vernon  Connecticut  US,903 Howell Divide Suite 42,Manchester,Connecticut,Hartford County,9003.0,6040,41.80063520721897,-72.54912622893892,160887.62,61871.07,72903
6669ef74-f8bb-d68e-fb66-b7dd03b711f3,1952-12-20,,999-18-9825,S99956435,X68069907X,Mr.,Carlo647,Royal919,Streich926,,,M,white,nonhispanic,M,Plainville  Connecticut  US,553 Waters Landing Apt 0,Torrington,Connecticut,Litchfield County,9005.0,6759,41.80006143124212,-73.13509219353055,44721.2,878557.02,22293
8ffa7cbf-14e5-23d7-a903-2cce75741718,1934-10-19,,999-47-2917,S99915239,X80063404X,Mr.,Monroe732,Josh874,Bahringer146,,,W,white,nonhispanic,M,Prospect  Connecticut  US,195 Bauch Track Apt 50,West Haven,Connecticut,New Haven County,9009.0,6516,41.28540807589924,-73.00418944510892,181746.72,366222.68,56454
5ef1deda-2d17-7246-92db-77fb588f76d5,1966-11-27,,999-94-9588,S99923089,X70011558X,Mrs.,Lena684,,Muller251,,Wiza601,M,black,nonhispanic,F,Harwinton  Connecticut  US,992 Watsica Haven Suite 21,Beacon Falls,Connecticut,New Haven County,,0,41.419721723968955,-73.00623290682876,422823.97,796338.64,170735
c491d178-cfd5-7af3-214d-ffc4c8e377ba,1949-12-11,,999-77-3453,S99910621,X37089313X,Mr.,Cameron381,Felix524,Williamson769,,,M,white,nonhispanic,M,Wallingford  Connecticut  US,792 Tremblay Flat,Torrington,Connecticut,Litchfield County,9005.0,6790,41.79259678912102,-73.18365491211546,82365.91,785852.22,2346
635e1722-4c53-57a3-57d6-402ceafa561b,1946-03-07,2024-10-06,999-39-3223,S99939674,X59745654X,Mrs.,Ivonne773,Cristy798,Johnson679,,Gleichner915,M,white,nonhispanic,F,Hampton  Connecticut  US,760 Goodwin Spur,Farmington,Connecticut,Hartford County,,0,41.70630872848728,-72.82422977059632,476931.06,1305036.7,557068
aa4660c2-e5d4-697f-f69e-10517fb30fe4,1961-04-11,,999-28-3045,S99938737,X64110692X,Mrs.,Sherril389,Molly175,Robel940,,Wisozk929,M,black,nonhispanic,F,Naugatuck  Connecticut  US,1075 Reinger Lodge Apt 21,West Haven,Connecticut,New Haven County,9009.0,6516,41.2721458984875,-72.94574761021387,454548.74,4638.71,50053
74791221-628a-c1cf-e3c2-cff3aea6b514,1946-03-07,,999-40-5938,S99978269,X68767289X,Mrs.,Mitzie610,Kellye282,Mohr916,,Morar593,D,white,nonhispanic,F,Vernon  Connecticut  US,841 Pfeffer Bridge,Farmington,Connecticut,Hartford County,,0,41.711009929402486,-72.89185770593367,193452.75,1374192.29,557068
ff321cab-417e-9187-9a6a-2f8312c08189,1974-05-23,,999-29-3911,S99911297,X42778647X,Mrs.,Shelby741,,Stiedemann542,,Abshire638,M,white,hispanic,F,Stratford  Connecticut  US,257 Kirlin Quay Suite 64,Southington,Connecticut,Hartford County,,0,41.557518649261254,-72.88360775898053,319249.29,902690.08,170905
e27baad1-8692-7c12-ab50-86c0a93ceb6d,1949-09-20,,999-34-7101,S99999070,X97419108X,Ms.,Angelo118,Krystina167,O'Connell601,,,S,white,nonhispanic,F,Norwich  Connecticut  US,841 Mraz Hollow,New Britain,Connecticut,Hartford County,9003.0,6053,41.71094156220873,-72.72524582753059,725464.09,190082.93,44768
f9fbdc60-a1e7-34dc-0241-0f0b88ff450d,1942-03-08,,999-36-9173,S99969822,X85736848X,Mr.,Carter549,Abel832,Quigley282,,,M,white,nonhispanic,M,Danbury  Connecticut  US,479 Lueilwitz Trace,Torrington,Connecticut,Litchfield County,9005.0,6759,41.73497026619566,-73.18535025858651,384146.96,206591.46,65411
0dbf177f-f2c7-8988-e1c7-e7814d9bdb35,1935-08-19,,999-22-9566,S99967111,X92891796X,Mr.,Aurelio227,Joey457,Quigley282,,,D,black,hispanic,M,Hartford  Connecticut  US,638 Glover Camp,Enfield,Connecticut,Hartford County,,0,41.93477113608679,-72.52198483308696,184102.82,331623.24,41180
3aa47dd2-5e13-f0e7-e20b-6e433eb19b36,1937-05-11,2023-06-29,999-86-7240,S99945752,X19600721X,Mrs.,Sharda101,Jaunita130,Ebert178,,Hammes673,W,white,nonhispanic,F,Blue Hills  Connecticut  US,400 Emmerich Rue,New Britain,Connecticut,Hartford County,9003.0,6052,41.66072378233266,-72.85030194507114,95747.1,1956336.66,11220
6796781a-a790-55c7-5cb2-e67f55b799eb,1971-07-02,,999-26-5193,S99973909,X99086668X,Mr.,Trey250,Cesar434,Leannon79,,,S,white,nonhispanic,M,Somers  Connecticut  US,170 Schaden Key,Bolton,Connecticut,Tolland County,,0,41.796854705329785,-72.43088115619034,183182.38,208245.34,48035
bd70854e-e84c-ded1-1e55-0f26629cb5c6,1977-08-12,,999-92-6188,S99916934,X70415125X,Mr.,Gustavo235,,Alfaro627,,,M,white,hispanic,M,Puebla  Puebla  MX,376 Hyatt Trail Apt 55,Greenwich,Connecticut,Fairfield County,9001.0,6830,41.01754085511413,-73.5842477261035,119006.32,212552.1,162939
4152ac50-aa5a-d48b-ca20-601f1d245c6d,1952-09-13,,999-41-2300,S99995883,X54542584X,Mrs.,Cecelia952,,Gulgowski816,,Larson43,M,white,nonhispanic,F,New Canaan  Connecticut  US,407 Stoltenberg Corner Suite 95,Greenwich,Connecticut,Fairfield County,9001.0,6830,41.058015029393374,-73.61363892122996,562348.29,1317413.63,2321
de25e0a3-ae0d-2e37-bc6c-e78f06721b93,1942-09-09,2018-10-04,999-94-1918,S99971909,X18286752X,Mr.,Coy949,Cristopher265,Schmeler639,,,D,black,nonhispanic,M,Bloomfield  Connecticut  US,199 Yundt Wynd,Bridgeport,Connecticut,Fairfield County,9001.0,6611,41.227770931598585,-73.24502914091266,343280.09,220268.02,67162
4d1e1f2a-66c8-9c4b-c94e-04d7fa6a746d,1943-01-03,,999-89-2697,S99913497,X06025821X,Mr.,Isidro558,Valentine262,Blick895,,,S,white,nonhispanic,M,Manchester  Connecticut  US,694 Mayert Avenue Apt 84,Branford Center,Connecticut,New Haven County,,0,41.31436112601318,-72.8228777059949,174363.53,316800.76,27622
c0f75522-6e5d-bf98-bb19-267f91bdba84,1970-02-24,,999-66-8014,S99970641,X84881709X,Mr.,Víctor493,Rodrigo242,Véliz274,,,M,white,hispanic,M,Port-au-Prince  Haiti  HT,411 Hauck Mall,Darien,Connecticut,Fairfield County,9001.0,6820,41.049045434279655,-73.43122410081578,281214.99,116285.86,774625
fa381484-f0e7-df29-46e0-11d5c75ddf70,1942-09-09,,999-89-6761,S99944874,X38138798X,Mr.,Esteban536,Jamey282,Stracke611,,,D,black,nonhispanic,M,Stamford  Connecticut  US,212 Jaskolski Club Unit 22,Bridgeport,Connecticut,Fairfield County,9001.0,6607,41.1744718723191,-73.1718822473169,1087675.0,804346.09,67162
eb174692-3868-4f51-488a-810231c897e7,1937-05-11,2015-03-17,999-29-5001,S99968368,X15791733X,Ms.,Rhoda854,Karl184,Rodriguez71,,,S,white,nonhispanic,F,East Hartford  Connecticut  US,651 Prosacco Boulevard Apt 36,New Britain,Connecticut,Hartford County,9003.0,6051,41.67216941438863,-72.73366318894469,22810.91,1061724.2,11220
c8e1cdc6-4523-91eb-4286-999589086305,1948-03-18,,999-84-3093,S99929579,X00927133X,Ms.,Margot418,Jeremy766,Moen819,,,S,white,nonhispanic,F,Enfield  Connecticut  US,968 Bartoletti Junction,Plainfield,Connecticut,Windham County,9015.0,6374,41.69554493199133,-71.91507106344132,485487.13,150418.34,84409
c6bfba55-8cc5-7172-d4ee-9eeaf0fce569,1967-07-19,,999-57-7122,S99986236,X41183241X,Ms.,Travis723,Kyung736,Christiansen251,,,S,white,nonhispanic,F,Danbury  Connecticut  US,249 Bergstrom Camp,Seymour,Connecticut,New Haven County,,0,41.35865587819755,-73.10191746419436,258612.03,1162659.47,29342
c0ca6598-197b-8fd4-b589-e1f4c0295c3c,1946-06-13,,999-97-5162,S99982240,X32358124X,Mr.,Joaquin141,Tommie457,Marks830,,,M,white,nonhispanic,M,Beacon Falls  Connecticut  US,220 Hilll Glen,Simsbury,Connecticut,Hartford County,,0,41.92201375486978,-72.84566588530228,263462.37,170591.93,77022
cfd538d6-e453-818f-f98b-b9486d49765d,1940-03-08,,999-38-8082,S99995086,X64613826X,Mrs.,Angelia425,Susannah249,Rempel203,,Weissnat378,M,white,nonhispanic,F,Long Hill  Connecticut  US,315 Collins Ramp,East Haddam,Connecticut,Middlesex County,,0,41.50674546410102,-72.36973939206942,1086009.34,1237960.92,72873
cd197aab-17a9-010c-43a9-4ed51dd0b17a,1960-04-18,,999-61-7630,S99919245,X04243726X,Mr.,Whitney250,Stefan297,Barton704,,,S,white,nonhispanic,M,Fairfield  Connecticut  US,931 Macejkovic Crossroad Unit 75,New Haven,Connecticut,New Haven County,9009.0,6513,41.30157115756303,-72.9590476404693,351580.86,235102.27,71016
4e71f6a9-315d-4d71-3a29-d566dc05540b,1916-07-08,,999-15-5676,S99934467,X70116776X,Mr.,Peter292,Elliott563,Hand679,,,M,white,nonhispanic,M,Avon  Connecticut  US,692 Jaskolski Ferry Apt 25,New Canaan,Connecticut,Fairfield County,,0,41.139963924769006,-73.52318496526804,131947.49,654581.23,642420
f8be461c-61b6-b8ba-dbaa-2ed595be5e45,1945-12-13,,999-69-6612,S99942294,X87966971X,Mr.,Esteban536,Willie882,Deckow585,,,M,white,nonhispanic,M,Norwich  Connecticut  US,750 Schumm Port,Middletown,Connecticut,Middlesex County,9007.0,6457,41.58376706457339,-72.67558489264327,261505.4,264760.95,117654
40158dfe-9e3d-6bf0-47f2-a1e4cc0e8766,1934-05-11,2017-08-03,999-90-4878,S99931608,X98426161X,Mr.,Oscar384,Quinn173,Larson43,,,D,white,nonhispanic,M,Trumbull  Connecticut  US,435 Wilkinson Lodge,New London,Connecticut,New London County,9011.0,6320,41.29775817317043,-72.06757132182808,719761.58,440324.97,102054
34e974b8-18a0-e7a6-0466-ac7949f90c4c,1932-02-02,2019-04-20,999-12-7019,S99985228,X32612746X,Mr.,Mohammad578,Chauncey770,Lowe577,,,S,white,nonhispanic,M,Coventry  Connecticut  US,331 Ward Course,Greenwich,Connecticut,Fairfield County,9001.0,6830,41.06612541313961,-73.68298731743477,393664.02,1743381.84,137857
78120ad7-9b6b-a1f1-aab2-885f6bde8d16,1943-05-01,,999-91-7136,S99966331,X02156398X,Mrs.,Ardelle563,Beulah33,Thiel172,,Schmidt332,M,asian,nonhispanic,F,New Canaan  Connecticut  US,738 Kunde Vista,Southbury,Connecticut,New Haven County,,0,41.501027986973504,-73.2065655234755,231504.83,1223320.25,27182
77e0ae10-7e8e-b2ad-4112-0d23b64fab91,1919-01-07,2010-01-05,999-68-8495,S99996483,X33386242X,Mr.,Jamaal34,Alvin56,Schuster709,,,M,black,nonhispanic,M,Greenwich  Connecticut  US,602 Spinka Parade,Monroe,Connecticut,Fairfield County,,0,41.35230862407902,-73.20793273944214,83800.29,429591.33,531688
785f23f2-a5b5-c8ac-a04a-456f9fbf0e29,1935-12-12,,999-64-1929,S99981565,X31686586X,Mr.,Ned189,Bradford382,Schmidt332,,,D,white,nonhispanic,M,Ledyard  Connecticut  US,641 Satterfield Lodge Apt 96,Long Hill,Connecticut,New London County,,0,41.35179989487311,-72.01454779585848,363442.38,1790471.75,64641
b80c5479-0d43-ee00-7251-a7ebcc3ff513,1967-10-16,,999-78-3727,S99914889,X99838123X,Mr.,Willard975,Matthew562,Zboncak558,,,M,white,nonhispanic,M,Plymouth  Connecticut  US,833 Moen Common,Cromwell,Connecticut,Middlesex County,,0,41.63087551286093,-72.66247185083691,212381.32,431145.49,40370
3a09d1f9-54fd-4b73-5347-9844b458c27d,1965-09-29,,999-31-3033,S99982616,X85342594X,Mr.,Roderick835,,Keebler762,,,D,black,nonhispanic,M,Plainville  Connecticut  US,873 Gusikowski Way,Avon,Connecticut,Hartford County,,0,41.74896229507041,-72.88798309525006,213856.95,44380.51,160533
bb063c01-5b0c-b20e-5fd3-85da714f8c0b,1953-06-18,,999-95-8020,S99949765,X63434717X,Mrs.,Terisa250,Milissa240,Torp761,,Cummings51,M,white,nonhispanic,F,South Windsor  Connecticut  US,448 Skiles Gardens Apt 39,Cromwell,Connecticut,Middlesex County,,0,41.58495818588397,-72.62460784197214,269629.66,349768.79,145456
b81dc2d6-9e6b-a7b5-1fff-da07af4a7085,1961-02-03,,999-97-9019,S99954036,X60363249X,Mrs.,Dawn804,Rosanne862,Anderson154,JD,Rowe323,W,black,nonhispanic,F,Stamford  Connecticut  US,765 Rutherford Avenue Unit 65,Norwalk,Connecticut,Fairfield County,9001.0,6851,41.06161722400922,-73.3761487326794,369280.11,979973.52,134602
072caaad-8fcb-186f-aec3-d51ebc7f915c,1919-01-07,,999-21-3861,S99979784,X70776850X,Mr.,Long300,Oliver401,Mayert710,,,M,black,nonhispanic,M,Bristol  Connecticut  US,170 Schneider Mews Apt 43,Monroe,Connecticut,Fairfield County,,0,41.33780776106773,-73.21471255960213,79506.08,549833.38,531688
a848256c-2131-9ce6-73a0-572ac8f2ad40,1947-10-01,2025-12-18,999-74-1583,S99970042,X32040061X,Mr.,Dewey930,Micheal721,Johns824,,,M,white,nonhispanic,M,Cologne  North Rhine-Westphalia  DE,134 Gislason Rue,Newington,Connecticut,Hartford County,9003.0,6111,41.71129021873393,-72.75990676317919,250073.5,456386.22,95961
1fa7efde-b0d9-da8f-d2f6-0a25f409a4fb,1923-04-24,1992-11-11,999-73-4596,S99975647,X69685221X,Mr.,Jamel269,Raul814,Nienow652,,,D,white,hispanic,M,Stamford  Connecticut  US,350 Tromp Heights,Oakville,Connecticut,Litchfield County,9005.0,6779,41.58637935550461,-73.03589347136914,285221.45,122339.44,47383
1fcd7c2f-2514-f80e-1c4e-51fc1a03aab9,1919-05-31,1982-04-23,999-87-7858,S99985860,X88162422X,Mr.,Santiago500,Clemente531,Pacheco179,,,M,white,hispanic,M,Tegucigalpa  Francisco Morazán  HN,126 Bode Fort,Trumbull,Connecticut,Fairfield County,9001.0,6611,41.22480738018885,-73.19224013272641,251602.28,305679.32,703785
5117e20d-7c63-c741-9468-cdc07debd3db,1957-02-28,,999-49-6312,S99965055,X70903205X,Mr.,Kenneth671,Rubin812,Cormier289,,,M,white,nonhispanic,M,Cologne  North Rhine-Westphalia  DE,169 Hammes Dam,Beacon Falls,Connecticut,New Haven County,,0,41.4130212282738,-73.02690085712774,143482.97,146388.77,134580
7d22f8b3-0638-1e76-35e2-fbf4d84c4224,1919-05-31,2006-06-08,999-92-6594,S99959883,X76866963X,Mr.,Hernán834,Arturo47,Cano735,,,M,white,hispanic,M,La Paz  Baja California  MX,794 Friesen Glen,Trumbull,Connecticut,Fairfield County,9001.0,6611,41.27888034861371,-73.22828502941246,105861.47,541418.65,703785
53857e4e-cba6-cbdb-0d4f-1abd859cb209,1961-07-11,,999-44-6017,S99974642,X90382192X,Mrs.,Claretha922,,Cronin387,,Bahringer146,M,white,nonhispanic,F,East Granby  Connecticut  US,194 Schinner Annex Apt 54,Columbia,Connecticut,Tolland County,,0,41.72203017268709,-72.33408835098828,258725.45,1322275.01,179869
a25ebf37-432f-cd42-5147-5ceca976099c,1945-01-26,,999-37-2210,S99993518,X59345146X,Mr.,Man114,Alfonso758,Kirlin939,,,M,black,nonhispanic,M,Greenwich  Connecticut  US,111 Kirlin Street,South Windsor,Connecticut,Hartford County,,0,41.87116768570783,-72.55078963386076,885468.09,723830.54,56189
02696bf4-92a3-21aa-c595-c7fadd6b3301,1945-12-18,,999-36-3402,S99925140,X39905231X,Mr.,Evan94,Sal878,Huel628,,,M,white,nonhispanic,M,Plainfield Village  Connecticut  US,440 Bode Avenue,Plymouth,Connecticut,Litchfield County,,0,41.69224085141124,-72.99516383160578,321719.64,342826.75,113501
713ab865-bb8b-e0d9-236a-2cb5d3577f6d,1944-01-30,,999-14-5451,S99928741,X61597056X,Mr.,Ramon749,Morton637,Moore224,,,M,white,nonhispanic,M,East Hartford  Connecticut  US,498 McDermott Skyway Suite 85,Bridgeport,Connecticut,Fairfield County,9001.0,6606,41.29673040455502,-73.21042266346088,138707.76,350150.87,84281
098b1a13-7311-bb46-798c-1408b5867c7c,1923-04-24,2002-06-07,999-73-9951,S99970464,X44562505X,Mr.,Cedric746,Hank686,Muller251,,,S,white,hispanic,M,Stamford  Connecticut  US,970 Skiles Wynd,Oakville,Connecticut,Litchfield County,9005.0,6779,41.61405572171718,-73.12298413156465,391653.7,2030768.88,47383
0d00dc0d-69a4-a2e9-170c-afce92a13343,1969-06-11,,999-48-9917,S99910665,X48346452X,Mr.,Sid118,Mack300,Yost751,,,W,black,nonhispanic,M,Middletown  Connecticut  US,751 Berge Trailer,East Windsor,Connecticut,Hartford County,,0,41.85807671525504,-72.58671133064425,188237.51,260047.65,42107
849c6c5d-b1cd-18b7-fe80-a907c20fde25,1932-08-20,,999-12-8775,S99913559,X32855191X,Mrs.,Eliana466,,Murphy561,,Zemlak964,M,white,nonhispanic,F,Ashford  Connecticut  US,352 Mills Branch,Newington,Connecticut,Hartford County,9003.0,6111,41.72661425306617,-72.74735525589793,192790.52,1820256.94,331179
7e23ea63-f679-347f-8a76-2a1a1f08ed2e,1958-03-19,,999-55-8431,S99930324,X65399298X,Mrs.,Ava220,,Bogisich202,,Nitzsche158,M,white,nonhispanic,F,East Hartford  Connecticut  US,613 Hartmann Alley,Voluntown,Connecticut,New London County,,0,41.580873862455334,-71.86453959791368,332096.6,594059.47,163253
5a3f4375-224c-10d9-5e17-b292ed900484,1945-09-06,,999-19-6706,S99974020,X17950795X,Mrs.,Danette111,Lenna704,Jones311,,Armstrong51,D,white,nonhispanic,F,South Windsor  Connecticut  US,941 Hodkiewicz Passage,Torrington,Connecticut,Litchfield County,9005.0,6759,41.7874955516588,-73.13000704656164,458683.64,1140005.04,135236
1425100d-638a-a7e2-39c0-b661b7387f01,1927-12-25,1998-06-07,999-52-9702,S99999417,X97557785X,Mr.,Ezekiel373,Emery884,Lebsack687,,,M,white,nonhispanic,M,Seymour  Connecticut  US,972 Lind Trail,Stamford,Connecticut,Fairfield County,9001.0,6902,41.08040427145784,-73.55161888929253,200523.74,3132701.14,774454
831e9a9f-da59-a786-3acf-c4045c63898b,1947-04-09,,999-68-9072,S99941662,X12178546X,Mr.,Jordan900,Connie24,Farrell962,,,M,white,nonhispanic,M,Madison  Connecticut  US,828 Dibbert Corner,Waterbury,Connecticut,New Haven County,9009.0,6708,41.468420946324166,-73.07086675082202,206731.02,321082.25,144968
acf6dec1-f20c-2200-9761-dcd730619058,1937-01-10,2015-11-06,999-18-7485,S99978322,X94548026X,Mr.,Otis335,,Price929,,,M,white,hispanic,M,Madison  Connecticut  US,540 Strosin Vista,Oakville,Connecticut,Litchfield County,9005.0,6779,41.61025498356725,-73.07510577000673,229231.19,192045.12,47383
6f45f2ac-9b85-b7cd-776f-210c6600405d,1946-12-29,,999-54-3327,S99956273,X07095706X,Mr.,John539,Oscar384,Stroman228,,,M,asian,nonhispanic,M,Derby  Connecticut  US,1003 Carter Alley,Hamden,Connecticut,New Haven County,,0,41.4311059197402,-72.93563340993842,27022.48,555949.61,12371
606354d0-a353-b515-bfcb-964779149193,1940-12-20,,999-53-7595,S99938199,X51735555X,Mr.,Clifford177,,Daugherty69,,,D,white,nonhispanic,M,Durham  Connecticut  US,900 Cummings Vale Suite 65,Wethersfield,Connecticut,Hartford County,9003.0,6109,41.74091469839083,-72.66664739121335,216068.5,1238796.64,4930
98806171-d761-49ac-b2c5-d0a3cbd52706,1962-04-01,,999-53-6535,S99951226,X35436697X,Mr.,Neal874,Corey514,Legros616,,,M,black,nonhispanic,M,Sterling  Connecticut  US,509 Kilback Forge Unit 31,Waterbury,Connecticut,New Haven County,9009.0,6702,41.580777960537475,-72.9808512320815,205557.74,169869.21,51717
925370bc-61b3-f9d4-fc3c-6e086555dd56,1920-12-27,2012-04-01,999-90-3736,S99970539,X15151530X,Ms.,Delorse592,Criselda629,Bailey598,,,S,white,nonhispanic,F,Danbury  Connecticut  US,704 Rutherford Gardens,Farmington,Connecticut,Hartford County,,0,41.71682902797717,-72.80695204424909,1090221.57,630323.33,97115
9593f6f1-7555-f4c3-0668-2ce851c4ed8c,1949-11-30,,999-71-1883,S99989269,X54191604X,Mr.,Mario764,Grant908,Reichert620,,,S,white,nonhispanic,M,New London  Connecticut  US,1021 Rogahn Junction,Thompsonville,Connecticut,Hartford County,,0,42.036982490436394,-72.64079556232353,268276.52,253214.94,58391
e1b914a9-40a3-eb5d-f86b-13e3afe7743b,1942-05-08,2022-10-22,999-58-8593,S99958651,X63020332X,Mr.,Eldon28,Wm806,Cremin516,,,S,asian,nonhispanic,M,Chongqing  Chongqing Municipality  CN,749 VonRueden Fort,West Haven,Connecticut,New Haven County,9009.0,6516,41.31533143021728,-72.95458187755699,20834.69,482868.36,21110
72ed734a-ba97-241b-e2d9-e9417c2aad62,1971-07-07,,999-22-4416,S99912197,X79443138X,Mr.,Caleb651,Jessie665,Gorczany269,,,M,black,nonhispanic,M,Vernon  Connecticut  US,885 Hammes Bypass,Granby,Connecticut,Hartford County,,0,41.98268632602112,-72.80576975235023,240189.92,123571.22,89853
18a7b8c0-82fe-471c-697c-90372ea55557,1957-10-28,,999-97-2638,S99938950,X68321040X,Mr.,Danny396,Dewey930,Carter549,,,M,black,nonhispanic,M,New Milford  Connecticut  US,610 Haley Neck,Jewett City,Connecticut,New London County,9011.0,6351,41.55115521978982,-71.91831637681618,258096.87,36840.8,52650
61b856a7-87a5-332b-ae93-c9b9cde4959d,1943-08-23,,999-69-1217,S99966175,X37147262X,Mr.,Aubrey96,Dane516,Kutch271,,,S,white,nonhispanic,M,Coventry  Connecticut  US,188 Hartmann Throughway,Colchester,Connecticut,New London County,9011.0,6415,41.535743925889946,-72.32088629484178,393169.11,538679.15,79245
38d4f7c5-e82a-643b-4052-9579a772a297,1937-07-05,,999-12-6861,S99945447,X81276184X,Mrs.,Theressa101,Nubia715,Abbott774,,Quigley282,M,white,nonhispanic,F,Burlington  Connecticut  US,1014 Block Well,Watertown,Connecticut,Litchfield County,9005.0,6795,41.61535338490807,-73.12649141282535,787405.71,468286.65,78707
2a166690-2756-7bf8-3562-8be15983073c,1974-07-08,,999-35-9723,S99944574,X08361574X,Mr.,Jarrod316,,Boyer713,,,M,black,nonhispanic,M,Hamden  Connecticut  US,426 Gleichner Row,Shelton,Connecticut,Fairfield County,9001.0,6484,41.329168221102925,-73.15299189643585,144373.71,29201.2,153825
2d25cc71-5806-6ea1-728e-2d3ebe46788c,1965-02-09,,999-19-2486,S99967421,X65789297X,Mrs.,Providencia986,Gia583,Carroll471,,Kuphal363,M,white,nonhispanic,F,New Canaan  Connecticut  US,369 Harber Boulevard Suite 35,Fairfield,Connecticut,Fairfield County,,0,41.161927985172575,-73.23387477844568,150897.24,617568.26,157484
b530e239-e63d-e411-6429-c763d653e709,1957-05-08,,999-48-5596,S99942805,X65265491X,Mr.,Denny560,Ken316,Wunsch504,,,S,white,nonhispanic,M,West Hartford  Connecticut  US,1034 Purdy Neck Apt 42,Winsted,Connecticut,Litchfield County,9005.0,6098,41.9239614480185,-73.08868760253453,271264.19,632580.35,38473
5ee2980e-3b87-9dcf-1ddd-edb174c44359,1942-08-01,,999-29-4486,S99993907,X03423050X,Mr.,Jonathan639,Thaddeus38,Kertzmann286,,,S,white,nonhispanic,M,Norwalk  Connecticut  US,1017 Collins Fork,Plymouth,Connecticut,Litchfield County,,0,41.70947030767237,-73.00715170346336,304549.69,1393842.4,72193
070fc66f-e677-98d8-ffc3-09ab662a0631,1942-08-31,2004-12-04,999-76-9993,S99952953,X50751820X,Ms.,Catherina275,,Durgan499,,,S,white,nonhispanic,F,East Haddam  Connecticut  US,834 Bosco Corner Unit 82,Mansfield,Connecticut,Tolland County,,0,41.74268012521632,-72.26071215623841,217325.57,1025725.5,955618
ad0b56b6-d68c-7f2e-f38b-b0b5ca5ecf8e,1936-10-17,2023-01-01,999-39-1036,S99993032,X01320095X,Mrs.,Gabrielle769,Glennie916,DuBuque211,,Stiedemann542,D,white,nonhispanic,F,Stratford  Connecticut  US,986 Rau Orchard,Colchester,Connecticut,New London County,9011.0,6415,41.526793973222055,-72.31986899990193,1208491.56,466036.51,76058
e3fa8251-815e-5af7-4378-1dda54ea0606,1928-03-10,2024-01-04,999-42-2729,S99918452,X13187254X,Mrs.,Danielle72,Georgiann138,Gottlieb798,,Borer986,M,white,nonhispanic,F,Woodbury  Connecticut  US,445 Kling Center Unit 65,Plainville,Connecticut,Hartford County,,0,41.62964852528053,-72.88478272459304,326754.54,1406352.57,25948
f74aee29-f496-130b-3dee-34e1fe83911e,1951-06-04,,999-46-3731,S99969704,X74935547X,Mrs.,Shirly501,,Abbott774,,Schultz619,M,black,nonhispanic,F,Waterbury  Connecticut  US,932 Breitenberg Grove,Meriden,Connecticut,New Haven County,9009.0,6451,41.579380053148356,-72.83894400353014,286976.63,114618.35,49084
9976b6d7-a430-7365-1d80-513290a6a0f1,1918-06-14,,999-13-7257,S99992675,X39944206X,Mr.,Chas63,Edmond919,Berge125,,,D,white,nonhispanic,M,Burlington  Connecticut  US,719 Kovacek Quay,Farmington,Connecticut,Hartford County,,0,41.70358871487437,-72.83666973098934,205537.0,760935.02,31226
001c1010-66ef-4aaf-b739-bf37d54af964,1960-07-31,2025-05-06,999-23-3210,S99914575,X15478177X,Mr.,Larry532,,Bahringer146,,,M,white,nonhispanic,M,New Haven  Connecticut  US,661 Ward Hollow Unit 12,Southington,Connecticut,Hartford County,,0,41.6330902214194,-72.91508118384247,139099.95,3341565.51,668175
16b8c8f8-4646-4bb7-339d-f2c44f9a277f,1980-04-18,,999-62-5113,S99954568,X13819712X,Mr.,Eugene421,Eddy900,Hyatt152,,,D,white,nonhispanic,M,Hartford  Connecticut  US,966 Monahan Fork,Southington,Connecticut,Hartford County,,0,41.57927433067573,-72.87104393976836,149783.72,56763.86,133021
2f7220db-c76a-690d-1bc4-ce84575c1e22,1954-12-08,,999-39-7756,S99936026,X95220936X,Mr.,Murray856,,Krajcik437,,,M,white,nonhispanic,M,Toulouse  Occitanie  FR,731 Streich Passage,Shelton,Connecticut,Fairfield County,9001.0,6484,41.33177608059313,-73.141103798225,183138.49,140278.4,168289
4adcd69a-8f6f-c2d6-3e5e-374d8535a2bc,1942-07-22,,999-13-4068,S99973292,X97768837X,Mrs.,Denice974,Sharyn437,Berge125,,Greenholt190,M,white,nonhispanic,F,Hartford  Connecticut  US,494 Lubowitz Ranch,Rockville,Connecticut,Tolland County,,0,41.87641249852016,-72.43292103573319,385972.66,1249054.62,31050
4ea135b9-66c5-a8c8-ed9e-1714cf59a5c8,1927-06-07,,999-50-7377,S99953458,X60136388X,Mrs.,Shirly501,Lore422,Tremblay80,,Klocko335,M,white,nonhispanic,F,Naugatuck  Connecticut  US,922 Wisozk Vale,Southington,Connecticut,Hartford County,,0,41.64541788963285,-72.83007439400107,418243.96,470400.88,53007
ae8afcdb-e854-3152-ae25-451380b70fef,1957-12-15,,999-65-7128,S99948440,X84834395X,Mrs.,Carlos172,,Schroeder447,,Runolfsson901,W,white,nonhispanic,F,Torrington  Connecticut  US,746 Wintheiser Haven,Seymour,Connecticut,New Haven County,,0,41.4139892027533,-73.05587438976913,21916.04,1704215.34,5877
9e09862b-0452-1fa4-2db3-d3040d692f5b,1942-10-17,2025-04-08,999-93-7650,S99959188,X25543247X,Mr.,Alfred550,,Wintheiser220,,,M,white,nonhispanic,M,Darien  Connecticut  US,692 Torphy Passage Unit 25,Brooklyn,Connecticut,Windham County,9015.0,6234,41.77511898343582,-71.91044131615007,321502.39,418475.01,63491
31d391ab-6b81-b809-8f3e-7d22902ba663,1934-09-03,,999-16-8808,S99984228,X70908578X,Mr.,Brenton674,Dirk334,Reilly981,,,W,white,nonhispanic,M,Waterbury  Connecticut  US,543 Wiegand Promenade,New Haven,Connecticut,New Haven County,9009.0,6510,41.31368505872082,-72.90686255200977,464918.36,1773591.43,92507
0a74495e-be08-5637-f391-97f5977928a1,1937-12-29,,999-24-5323,S99984821,X65217507X,Mr.,Ray930,,Blick895,,,D,white,nonhispanic,M,Stamford  Connecticut  US,1024 Keeling Ferry Suite 73,Windsor,Connecticut,Hartford County,,0,41.88315918867492,-72.66961568231137,660064.89,1541679.3,37697
